-0.26964564042843664,0.9975482105033175
-0.25958192892288245,1.0151626393836204
-0.24934301802841669,1.0325879538815301
-0.23893080288274807,1.049823359041076
-0.22834718645857377,1.066868082814524
-0.21759407933468136,1.0837213760251339
-0.20667339946743393,1.1003825123278188
-0.19558707196265887,1.1168507881677252
-0.1843370288479613,1.1331255227367447
-0.1729252088454826,1.1492060579279755
-0.1613535571451245,1.1650917582881446
-0.14962402517825918,1.180782010968009
-0.13773857039194523,1.1962762256707489
-0.1256991560236699,1.2115738345983693
-0.113507750876637,1.226674292396124
-0.10136599451228713,1.2016775746366446
-0.08927451794765595,1.216585163146161
-0.07703494360808244,1.2312970458828192
-0.06484889644342666,1.2059132299707038
-0.05271699254515125,1.220435228482813
-0.04044083910208458,1.2347630603177795
-0.028222045519709155,1.208996763232334
-0.016061212040329155,1.22313788062276
-0.0037599297019346323,1.237086461400133
0.008480208539394437,1.2109425730213408
0.020658619186190635,1.224707788269133
0.03297372823759119,1.2382821851259935
0.04542362548044331,1.2516653612621658
0.05780673136708924,1.224957433970375
0.06992281088825408,1.1982605240260873
0.08197165268625532,1.2114767409440708
0.09415172316655027,1.2245061974031932
0.10646115286638135,1.2373485251922556
0.11889806874344697,1.2500033766025274
0.13126092896392302,1.2225709229018398
0.14334953676888076,1.1951533381926824
0.15536371958100484,1.2076527846666771
0.16750198310962902,1.2199694270273644
0.17976249771284994,1.2321029484341
0.19194376526298068,1.2041535504343948
0.203845633007084,1.1762234368219247
0.21566797266780538,1.1882147988909793
0.22740966912585692,1.1601283284009458
0.23887062043866042,1.1320662174476674
0.25005108360333306,1.1040311437213663
0.26095134231378986,1.0760257688602768
0.2717713722159612,1.0879522397235413
0.2825101616654216,1.0598112028226134
0.2929677117379476,1.0317048042011836
0.3033440474011711,1.0435351761600409
0.31383787160135496,1.0552024516919765
0.32444755160736877,1.0667062804379221
0.3351714512747941,1.0780463300899816
0.3460079312261531,1.0892222863345478
0.3567556836138938,1.0603343513355752
0.36721474596186493,1.0314847276020576
0.37738551483051863,1.0026761017937529
0.3872684135596086,0.9739111430811216
0.39706355750906625,0.9850920044246398
0.40696974021901966,0.9961188384710642
0.4169854197437275,1.006991313512625
0.4271090509056731,1.0177091148931983
0.4373390854658137,1.0282719449546476
0.4474743068766196,0.9987800215234044
0.4575145095303022,1.0092350632396685
0.4676584987517245,1.0195372894392363
0.4779047450445066,1.0296864346498897
0.4882517163405632,1.0396822499932246
0.4984982127490865,1.0096250016683794
0.5086440458006901,1.019516456278443
0.518688373019541,0.989357379251207
0.5284313658277394,0.959250033260241
0.53787355527744,0.9291971634911899
0.5470154997771735,0.8992014960040474
0.5558577848997058,0.8692657375566228
0.5646006886048117,0.8792920768891458
0.5734431673812448,0.8891807006259782
0.5823838425626777,0.898931309240406
0.5912216671471928,0.8686441170082285
0.5999566050287335,0.8783208373457035
0.6085879655566587,0.8479621812419079
0.61711573684433,0.8575698571498186
0.6257389178264742,0.8670440723369814
0.6344561724865316,0.8763845473924858
0.643066496670876,0.8456915161811782
0.6515698973150016,0.8549667111822798
0.6601653924144871,0.8641103633808035
0.6688516652492524,0.8731222167737026
0.6776273966113446,0.8820020297816276
0.6862915995322703,0.8508500737427507
0.6946446330889235,0.8197686167911001
0.702687216033353,0.7887604076734402
0.7104200945001363,0.7578281741206625
0.7178440417953822,0.7269746226805129
0.725159523600742,0.7361019400115995
0.7325656840967116,0.7451103087946459
0.74006133226,0.7539994237069637
0.7474456086645452,0.7228694913858585
0.7545189992779232,0.6918227143181928
0.7612823490817081,0.6608617746685344
0.7677365297695532,0.6299893326618529
0.7740821049436789,0.6391075278859206
0.7803186508140701,0.6082169937526594
0.7864464215675709,0.6173193588667734
0.7926646814026328,0.6263147483957096
0.7987726933175747,0.5953032971377199
0.8045710649816573,0.5643871348813242
0.8102604277635742,0.5734683717033292
0.8160400907586993,0.5824471124357193
0.8219090270738559,0.5913229726542132
0.8278662060325418,0.600095580114142
0.8337109278799414,0.5688650732685014
0.839443502983444,0.5776330866289453
0.845063586361496,0.5464002492213873
0.8505715109617198,0.5551681845005131
0.8561666196880425,0.5638370117240644
0.8618479195980485,0.5724063604836134
0.8676144141041082,0.5808758721410875
0.873465103090968,0.5892451998058386
0.8793989830331055,0.5975140083106543
0.8854150471118393,0.6056819741867203
0.8913126199155171,0.5738492841792069
0.8970920366351844,0.5820176206058572
0.9027529775885651,0.5501876598102455
0.908295801493283,0.5583610720740051
0.9139198774890742,0.5664380229888888
0.9194245739135314,0.5345186865270468
0.9246106041606851,0.5027052304028181
0.9294790402803604,0.47100029991485814
0.934030980655394,0.43940651634295314
0.9382675497607343,0.4079264768063431
0.9421898979211409,0.37656275412516144
0.9457992010675135,0.34531789668498963
0.9492963259085486,0.3540939297628579
0.9528808160220088,0.3627908714706536
0.9563522127037126,0.331508747303572
0.9597110662329108,0.34024907698002477
0.962957270382888,0.3090123729178469
0.9658917302643686,0.2779006387111583
0.9687153734138892,0.28681585591111014
0.9716278037978562,0.29565799851722335
0.9744286226577018,0.2645270475321673
0.977118439771491,0.2734244778080022
0.9798968733774831,0.2822502579870595
0.9825635389348139,0.251104363599445
0.9849193949672873,0.22008876245206965
0.9871654220648807,0.22910539995635976
0.9893016114676362,0.19815471216662503
0.9913286304031208,0.20723812718424478
0.9934461540898959,0.2162555665633176
0.9956535199115226,0.2252064598728786
0.9979500595946598,0.234090246164942
1.0003350993039377,0.24290637398315892
1.0028079597369137,0.2516543013704852
1.0051682908024329,0.22043399441753003
1.0072170853781308,0.18934741119562606
1.0091553583089905,0.19829648708698777
1.01098313498831,0.16728164782554433
1.012501451275596,0.13640480944527414
1.013711699159573,0.10566836361572218
1.0146152944160878,0.07507467607383317
1.0154133417649152,0.08452558797564301
1.0163056209464305,0.09392093186539648
1.0170919075562632,0.0633605462497236
1.017772984296592,0.07284576246328699
1.0185486408895892,0.08227640462907179
1.019418328244849,0.09165180423363553
1.0203814906310353,0.10097130160818293
1.0214375657644386,0.11023424595025484
1.022386319481076,0.07954049388609105
1.0230288594880754,0.04899189341770658
1.0233666489395858,0.0185907678087131
1.0234011740909854,-0.011660585975159322
1.023333609452078,-0.0018603959056890471
1.0231641384435766,-0.03200840037270446
1.0226939533074006,-0.06200284821553907
1.0219246007622906,-0.09184151336732961
1.0210573150711868,-0.08162269494469301
1.0202920041119619,-0.07144670126161128
1.0194285702063026,-0.1012138352382839
1.0184679213654046,-0.09092290751853749
1.0174103057813182,-0.1205737379509553
1.016056979651526,-0.1500646570693751
1.014409552832247,-0.17939352072786258
1.0124696564869302,-0.20855821163942065
1.0104386082339438,-0.19765713799489523
1.0085163982144256,-0.1867907174645118
1.0067026753350732,-0.17595986113607973
1.0047974140154554,-0.20506497346415786
1.0026019279315919,-0.23400446829296845
1.0003175490010243,-0.2228767834823055
0.9979446159507407,-0.2516818678228554
0.995484139639127,-0.2404186795857735
0.993136135044393,-0.22918768507087522
0.9909002754239944,-0.21798984399834206
0.9885765590619408,-0.2467256094530224
0.9861659884290863,-0.23539394244417144
0.983668904672549,-0.2639948133705804
0.9808866554385193,-0.2924267034851356
0.9778209405239555,-0.32068761951391545
0.9746731449402939,-0.30887609372075425
0.9714436595640971,-0.3369921693544371
0.9679338810418489,-0.36493440064691796
0.9641455574403975,-0.3927008674244932
0.9600804558928278,-0.42028967662280314
0.9559400277437627,-0.40779946088212216
0.9519243946150657,-0.39533086252537575
0.9480333346467137,-0.38288501747292203
0.9440669492424276,-0.4103625551683934
0.9400263422284688,-0.39776261312005345
0.9359119543417473,-0.42508533834762174
0.9317248964681697,-0.412329887370273
0.9274656162143072,-0.4394964261932919
0.9231352311460064,-0.4265841302943056
0.9187341953603365,-0.45359318460818243
0.9142636327244982,-0.44052278351151986
0.909923668864752,-0.4274736293474776
0.9057140853265784,-0.41444691779424825
0.9016346517396214,-0.40144383632791325
0.8974854604834318,-0.4283650656032344
0.8930679404330597,-0.45510929544995476
0.8883838705297402,-0.4816747409305818
0.883435047430439,-0.5080596438437021
0.8782232852402794,-0.5342622727660145
0.8727504152445625,-0.5602809230914826
0.8670182856404115,-0.5861139170676166
0.8610287612680659,-0.6117596038288962
0.8547837233418574,-0.6372163594273437
0.8484847345975591,-0.6225830854019279
0.8423320253603933,-0.6079606927308433
0.8361258143718002,-0.6332500871790412
0.8296676546169663,-0.6583501838129384
0.8231591123110266,-0.643359921576769
0.8168004208852779,-0.6283802487002756
0.8103918018155011,-0.6533121080432911
0.8039344758677361,-0.6381549501491952
0.7976286630070152,-0.6230097332040809
0.7912745711442127,-0.6477774098396534
0.7848734073836666,-0.6324574401866321
0.778625377933756,-0.6171507918338811
0.7725303422722644,-0.6018589251729574
0.766588145316766,-0.5865832918372169
0.7607986175127145,-0.5713253346006969
0.7551615749225358,-0.5560864872783852
0.7496768193157114,-0.5408681746278815
0.7443441382598384,-0.5256718122524527
0.7391633052126516,-0.5104988065054838
0.7339344141983275,-0.5352500558546627
0.7284588935638034,-0.5598244668618622
0.7229381849770184,-0.5443209687663619
0.7175723974250962,-0.528840498899495
0.7123612934712329,-0.5133844865779349
0.7071049560165545,-0.537853853008312
0.7018044674753515,-0.5222480258076135
0.6966599096964999,-0.5066679389709869
0.6914713527229146,-0.5310145196833586
0.6862398660516837,-0.5152872013816379
0.6811655185570732,-0.49958692372273
0.6760483672515596,-0.5238146193953788
0.6706898031308772,-0.5478692286409426
0.6652912301776777,-0.5318497138359576
0.6598530539484718,-0.5557565463645161
0.6541766814983623,-0.579488706583641
0.6482638670517523,-0.6030446984019795
0.6423160450854719,-0.5865235493043569
0.6365333164159078,-0.5700262943010237
0.630915434461592,-0.553554459814026
0.6254621374274955,-0.5371095621166619
0.6199734829903528,-0.560592608691185
0.6142508620640674,-0.5839026142023278
0.6084956778071002,-0.5671386150742874
0.6027083342131961,-0.5903011563575917
0.5966902360399566,-0.6132892916890267
0.5904431344834417,-0.6361015978649494
0.5841684602652436,-0.6188371748605264
0.5780663097236167,-0.6015971297737319
0.572136431080118,-0.5843830607065355
0.5663785566280045,-0.5671965551992425
0.5605927374217127,-0.5899386915831479
0.5547800224631343,-0.5726090534907441
0.5489407932175129,-0.5952082312718271
0.5428764314632182,-0.6176353234095436
0.5367883303875556,-0.599989449633156
0.5308765485993211,-0.5823717363208261
0.5251407964001795,-0.5647838003812429
0.5193811025611271,-0.5871267491467826
0.5133988280957787,-0.6092996963409892
0.5073953452757003,-0.591401776649625
0.5015706916458031,-0.5735341311233786
0.4957248908818957,-0.5955978925177791
0.48965929864906654,-0.6174921998006337
0.48337561620214714,-0.6392157141797868
0.47687555806533344,-0.6607671205768575
0.4703605172116482,-0.6422456261818119
0.46383088574653936,-0.6636519458491411
0.4570880548461313,-0.6848853020456472
0.45013376044162656,-0.7059444394117733
0.44316941631629825,-0.6869286247690168
0.4361954347899887,-0.7078386325105948
0.4290132266583162,-0.7285737445437535
0.42182421229475375,-0.7092332633873262
0.41462881025293813,-0.7298179990177819
0.40722843720703256,-0.750227268808555
0.3996248536383238,-0.7704599120829819
0.39181983151782684,-0.7905147915717202
0.38401481948889316,-0.7704912919511121
0.3764099289707825,-0.7504908037649342
0.3690049204379683,-0.7305152072835726
0.3615998702047507,-0.7504658723749218
0.3539961842069165,-0.7702421744497984
0.34619561160899626,-0.7898430104694519
0.3383995779075495,-0.769367798940894
0.3306085056220762,-0.7888174652956002
0.32282347965742225,-0.7681919403616492
0.31504491391676015,-0.7874921602936042
0.30727388458207683,-0.7667180665026688
0.29971046214522273,-0.745971104127877
0.292354365610724,-0.7252532073516108
0.2852052947039047,-0.704566297810196
0.2780632645803281,-0.7238117859231267
0.27072961961559955,-0.7428890868384953
0.2634057124374336,-0.7218976349822686
0.2562915579579998,-0.7009388694394969
0.24938681966530524,-0.6800147178146746
0.24249147641987331,-0.6990265961039377
0.23560650166512156,-0.6779744231835572
0.22893186338424254,-0.6569596207463464
0.22226751289542773,-0.675883600082396
0.21541473073141318,-0.6946457765692394
0.20837514026127557,-0.7132450856826374
0.20115037539155556,-0.7316804844536404
0.19394174576738707,-0.7100514500067834
0.18674955747792496,-0.7283589649401847
0.17937511301658482,-0.7465025172575527
0.17201972240425634,-0.7245816134557008
0.16488335722951317,-0.7026977639024823
0.15796563694789217,-0.6808529666939697
0.15106649568649963,-0.6989487075235681
0.1439871960456807,-0.7168844756258508
0.1369290081429682,-0.6947597783243674
0.12989219824065762,-0.7125756278698451
0.12287769412817867,-0.6903320399136287
0.11608541717169571,-0.6681305319807226
0.10951493653545145,-0.645973108787335
0.10296613599173338,-0.6637612621120097
0.09624022772788288,-0.681394486741522
0.08953843139556295,-0.6589722950207922
0.0828609627436307,-0.6764957036932328
0.07620869900578503,-0.6539647323763773
0.06958184553875409,-0.6713804034954862
0.06278160371128412,-0.6886422436759927
0.056009182039396394,-0.6658497968331778
0.04946445023861838,-0.6431046095523738
0.04294726011859432,-0.6603082164068547
0.03625879147874573,-0.677360154443731
0.029400565746224155,-0.6942594791906453
0.022573779109897777,-0.671105764650595
0.015778623241968433,-0.6879000886804374
0.008816285274415905,-0.704542032921473
0.00168829352176252,-0.721030697344039
-0.005603814800073579,-0.7373652016969877
-0.01305849377151097,-0.7535446854968452
-0.02047452355025283,-0.7296688065567192
-0.027851689647844777,-0.7457387263573366
-0.035388782951331056,-0.7616541099702135
-0.042884588581849924,-0.7375146391365596
-0.05033889725281415,-0.7533214990951592
-0.057750839873192475,-0.7290748770456873
-0.06512022090012892,-0.7447759620701524
-0.07244618502397314,-0.7204249450550015
-0.07972855051933722,-0.7360230186129765
-0.08696647592856781,-0.7115703770056442
-0.09396012799458227,-0.6871687146073595
-0.10090969283853843,-0.7027197126722846
-0.10801403005304704,-0.7181230538111799
-0.11527165905300177,-0.7333779379891515
-0.12248142593028667,-0.7085840825116833
-0.1296431827207661,-0.7237427073945085
-0.1367561219996951,-0.6988540338273833
-0.14362044480980604,-0.6740197826377303
-0.1504363718342256,-0.6891416610573902
-0.15720313206826564,-0.664219875740858
-0.16372096282790996,-0.6393561326902292
-0.1701901209198453,-0.6544521240248763
-0.17680953672706212,-0.6694075424609587
-0.18337813513543358,-0.6443220958536184
-0.18989584687661404,-0.659196994029892
-0.1963619431160894,-0.6340324472571814
-0.20277636879061745,-0.6488296661699812
-0.2091384092781327,-0.62358886169739
-0.21524835831706585,-0.598411743532165
-0.2211068637538813,-0.5733005054446085
-0.22671459528529075,-0.548257323692038
-0.23227190969913916,-0.5631838583473839
-0.23797783703492528,-0.5779797692444936
-0.24363140150205914,-0.5527447305277754
-0.24923263281451374,-0.5674799174926051
-0.25498056618737036,-0.5820850065196695
-0.26087389658708265,-0.5965591896235726
-0.2669113109856931,-0.6109016759065733
-0.2730914885316793,-0.625111691552253
-0.2794131007207288,-0.6391884798175096
-0.2856751461497582,-0.6132317995645555
-0.2916779643499086,-0.5873434091769648
-0.29762191486042056,-0.601425051872141
-0.3037060313014066,-0.615376470182131
-0.3097293422876163,-0.5892974204972472
-0.31569188275853466,-0.6031891599005242
-0.32159302855364946,-0.5770519446378577
-0.32743282973712506,-0.5908870300465152
-0.33321067725495956,-0.5646946704845522
-0.3387269708415761,-0.538576617801887
-0.34418213017131977,-0.5524346081146597
-0.3495755835089051,-0.5262688748312517
-0.35490743311330525,-0.540080650043522
-0.3603767873075182,-0.5537696659189095
-0.3657827493020643,-0.5274356677901766
-0.3711254285181782,-0.5410799009944256
-0.3766039405728819,-0.5546021108061752
-0.38221706151776347,-0.5680015569848186
-0.38796356008169836,-0.5812775152273362
-0.39384219783019025,-0.594429277161055
-0.3998517293246318,-0.6074561503348557
-0.4057912368648031,-0.5804579567505019
-0.41166080972700636,-0.5934360182364706
-0.41745987873066154,-0.5663906549159504
-0.4229888841376224,-0.5394236836749782
-0.42824862137970227,-0.5125374034756132
-0.43323990878086915,-0.48573409376489557
-0.4381632527781103,-0.4989155158031376
-0.4432178340619283,-0.5119814286091195
-0.44840249389124087,-0.5249311049681621
-0.45371606632893036,-0.5377638328871214
-0.45915737839403536,-0.5504789155894927
-0.4647252502138867,-0.56307567150902
-0.4702188297595051,-0.5356539328234876
-0.4754386066599928,-0.5083155293727365
-0.48058509125782684,-0.5209622739732783
-0.4858574686630711,-0.5334939769014294
-0.4912545850652718,-0.5459099618977594
-0.4967752799659656,-0.5582095676185114
-0.5022187209111288,-0.5304926461688454
-0.5075850827192823,-0.5427605484786729
-0.5128738820380778,-0.5150136227727503
-0.5178856452336266,-0.48735371304099845
-0.5228209195247254,-0.49968264581228283
-0.5276792616160301,-0.4720007431800295
-0.5324609030846656,-0.48430932419323164
-0.5373650824327137,-0.4965082062484961
-0.5421910338934305,-0.4686972181799035
-0.5469389987371615,-0.4808776870983133
-0.5516085598224744,-0.453049936866566
-0.5560003094800839,-0.4253157865749409
-0.5601151952250606,-0.3976775358617679
-0.5641538528804507,-0.41003696478827323
-0.5681159272872276,-0.38239434833050123
-0.5720017376844445,-0.39475095777826164
-0.5760106097553437,-0.40700656213514075
-0.5801415298439423,-0.4191604426746837
-0.5843934771756487,-0.43121189440200736
-0.5885657585779219,-0.40326072459730333
-0.5926586876966894,-0.41530823820199847
-0.5966719195413507,-0.38735473629923856
-0.6004061183626261,-0.359502014594662
-0.6038623033587431,-0.3317523487423616
-0.607241181793087,-0.34400749422511273
-0.6107421351149034,-0.3561672023100443
-0.6143642052545109,-0.3682307360673297
-0.6181064268392678,-0.38019737183594454
-0.6217681619096254,-0.3521668977713396
-0.6251501137143136,-0.32424109777746285
-0.6284530057465694,-0.33632173683549915
-0.6318762357794251,-0.34830857550124905
-0.6354188621588243,-0.3602008859239396
-0.6390799360174937,-0.3719979533121218
-0.6426588359889018,-0.3437995744815037
-0.6459562820003527,-0.3157075417871525
-0.6489733488904567,-0.2877241269941008
-0.6517111341047451,-0.2598515797023154
-0.6543704228901148,-0.2719916286911825
-0.6569510089924009,-0.24414449642274683
-0.659453360024265,-0.2563114004520428
-0.662076949499154,-0.26839205483855433
-0.6646212456191828,-0.24048618325557572
-0.6670867225629118,-0.252595005849102
-0.6694731950185361,-0.2247187377326987
-0.6715814860500653,-0.19695908748270713
-0.6734127727919845,-0.16931824247868124
-0.6749682541388593,-0.14179836733980003
-0.6764488159338837,-0.15430110528079882
-0.677854351660672,-0.12682659262665547
-0.6791854278054801,-0.13937596023436835
-0.6804419504689445,-0.11194933345752896
-0.6814248332276087,-0.08464833065282948
-0.6821353428240441,-0.05747504853179194
-0.6825747668520268,-0.030431560608460848
-0.6829440789407719,-0.043419418566602266
-0.6832432594425227,-0.01643866678564409
-0.6834729607906824,-0.02949034377369326
-0.6836331741075762,-0.0025744821433318285
-0.6835248970621121,0.024207392870668913
-0.6831494795561488,0.05085327804843061
-0.6827079568226982,0.037461692267772094
-0.6822003701108823,0.0640326619698969
-0.6814277666248497,0.09046472117635301
-0.6803915452081526,0.11675592611919415
-0.6792927894400278,0.10300485531687811
-0.6781315883185011,0.12921159503306393
-0.6769087016141865,0.11537523782836422
-0.6756242264738678,0.14149588256935228
-0.6740792652741312,0.16747213589568583
-0.6724749367205227,0.1534026253837301
-0.6710110298629439,0.13938798499997665
-0.6696869903693657,0.12542933903308012
-0.6683025873041233,0.15142730203719554
-0.6666589269025355,0.17728049484940234
-0.6647574661704041,0.20298706066879368
-0.6627993459788268,0.18864566512294426
-0.6609843771625946,0.1743569802589763
-0.6593120267936304,0.16012216847165103
-0.6577817503757165,0.14594238098444454
-0.6563929919565034,0.13181875779043079
-0.6549455188234372,0.15765192905291298
-0.6534401006960041,0.14344102966343233
-0.6520765096637842,0.12928669924716027
-0.6508541743788285,0.11519006755374932
-0.6495728468359294,0.1410517544011118
-0.6482332815658761,0.12687088423496914
-0.6468355701578392,0.15264758759412023
-0.6453804745318092,0.13838100111713433
-0.6440677589608339,0.12417176608961157
-0.6428968442642595,0.11002101383530005
-0.6418671400055297,0.09592986420181483
-0.6409780446072201,0.08189942550617098
-0.6400292800499441,0.10783029594007187
-0.6388219056508624,0.13362107959091452
-0.6373573316670367,0.15926990252448092
-0.6358366523940607,0.14487541285502833
-0.6344596322682395,0.13053826473999747
-0.6332256921437737,0.11625960231176558
-0.6321342414911947,0.10204055816240284
-0.6311846785130464,0.08788225328825443
-0.6301767248434468,0.1136852984942887
-0.6289114393272626,0.1393483104141739
-0.6275898970408044,0.12496992613371889
-0.6262121778953939,0.15055029010409368
-0.6247790319949816,0.13608855268967202
-0.623490211660252,0.12168536871485322
-0.6223451256237366,0.10734188285476157
-0.6211435058128227,0.13295872957890148
-0.6198860865457487,0.11853504771061141
-0.618572939056728,0.14407098189226442
-0.6170051393544623,0.16946518405025443
-0.6153837793261995,0.15481632655654118
-0.6139086207580514,0.14022508768005038
-0.6123794161969821,0.16559213697508404
-0.6107969202298107,0.15091664837872137
-0.6091612240080648,0.17619880167237245
-0.6072734231062584,0.20133728394313316
-0.6051349632090849,0.22633030420004813
-0.6029469732106524,0.21127659343620886
-0.6009092513173473,0.19627688861551615
-0.5990212513257819,0.18133241659653426
-0.5972824148220716,0.16644439260939572
-0.5954925058817699,0.19151352165091312
-0.5936522902661758,0.17653901303713593
-0.5919615353645044,0.16162158040335883
-0.5902199989737682,0.18666192854799019
-0.5882287751623508,0.21155876798538037
-0.5861889732918731,0.19641082956046035
-0.584300372038687,0.18131884989488267
-0.5825624056737589,0.16628405531187762
-0.5807748308472064,0.19120716177250793
-0.5789384057858956,0.17608738942777463
-0.5770532248202415,0.20092496407652277
-0.5749203862444683,0.2256186186231861
-0.5725413380058217,0.2501666076904778
-0.570117210805859,0.2346677076779543
-0.5678478042054012,0.219222700745282
-0.5655329074879388,0.2437323601909673
-0.5631733109401484,0.22819596354013977
-0.5609688057950217,0.21271429253821839
-0.5587191730127676,0.23718811998847977
-0.5562255291454695,0.2615162242986279
-0.5534893399434316,0.28569690554755
-0.5507117534569609,0.26982898553958096
-0.5478929207251889,0.29391279324183067
-0.5450336611358021,0.27794766331463183
-0.5421341290347661,0.30193393609940855
-0.539195147002979,0.2858709576064965
-0.5364165378829107,0.26985957804366745
-0.5335981135597668,0.29380063864698225
-0.5305410208264757,0.31759298622068194
-0.5272467549904297,0.3412349891973019
-0.523716827559063,0.3647250391436653
-0.5199527660082813,0.3880615508059408
-0.5161557789671205,0.3713434606938305
-0.5125257423229117,0.3546717110479318
-0.5090621855017251,0.33804773374431185
-0.5057646236703347,0.3214729487522548
-0.5026325578556992,0.30494876405200577
-0.4996654750652564,0.2884765755541211
-0.49666318299135065,0.31195726847875777
-0.49362648921218877,0.2953902318925331
-0.49075520113881715,0.2788763586929606
-0.4880487802166302,0.2624170309785399
-0.48550667413164467,0.2460136185136359
-0.4831283169342181,0.22966747865336237
-0.4807134637468433,0.25327945772841104
-0.47826286996841744,0.23684890558745608
-0.47577662580780916,0.26037617704547394
-0.4730558241509825,0.2837601333320179
-0.4703015716738325,0.26709965523622153
-0.4675139774547779,0.29039513000016154
-0.4646938183416012,0.2736459498470327
-0.46184120556830527,0.29685251196682677
-0.45895691803892014,0.28001421850204394
-0.45604106894464963,0.30313147653252515
-0.45289477363131025,0.32610319951865735
-0.4497191607125323,0.3090283204413369
-0.4467140260994351,0.2920077772319876
-0.44387881928885237,0.27504299668145726
-0.44121297557303596,0.2581353929021424
-0.43851625075016437,0.28118586870849865
-0.43578940033136804,0.26419383015517545
-0.4330325140770959,0.28715968798111446
-0.43004668386708,0.30998235905365257
-0.42703301481605355,0.2927607795094026
-0.42399161388926726,0.3154953916435433
-0.4207235898556266,0.3380851438923043
-0.4172303989866328,0.3605285054289684
-0.41351351275090104,0.38282396766426124
-0.40957441759158625,0.40497004428592265
-0.4056142801200916,0.38706576983752544
-0.4016332678136709,0.4091116851389193
-0.39763221438410756,0.39110733579996754
-0.393611286396554,0.41305327219187854
-0.3893716511387976,0.4348485508769961
-0.3849148223197559,0.456491749193766
-0.3802423277636592,0.47798146674614184
-0.3755553746039172,0.4594168239738908
-0.3710538353976303,0.4408989461062358
-0.3667372344155152,0.42242944705287266
-0.3626050798534871,0.40400992784832207
-0.3586568639618905,0.3856419765564427
-0.35469239775900924,0.4072266696350472
-0.3505128248245852,0.42866308791658564
-0.3463193003352492,0.4100503311925349
-0.34211197968321394,0.4313890050879116
-0.3378916838494012,0.41267871957075253
-0.3336585660267728,0.433920088919256
-0.32921377949412844,0.45501223314744754
-0.3245588233191748,0.47595379258608833
-0.31969521005732177,0.4967434293680884
-0.3148241309502021,0.4774803259948863
-0.30994577662820844,0.49816517074456473
-0.3048613370675631,0.5186971576317037
-0.2995723472934171,0.539075000980904
-0.2940803550787506,0.5592974369048532
-0.2883869207264029,0.5793632233217294
-0.2826932822676067,0.5593716385120093
-0.2769996761646351,0.5793234665170616
-0.27110733726807623,0.5991179970895256
-0.2650178445202318,0.6187540402574117
-0.2589324540710775,0.5983309263344593
-0.2528514199816996,0.6178494913139219
-0.24677565959907397,0.5973095753558366
-0.2407054201812697,0.6167120227320829
-0.23464161219000682,0.5960566817717622
-0.22858447591695674,0.6153444048059882
-0.2223352493607331,0.6344745495713436
-0.2160951793500413,0.6135464923103906
-0.21006417558369506,0.5926616131625333
-0.20424179692957306,0.5718217800340597
-0.19842791822877462,0.590928348480048
-0.19242374409671087,0.6098806776609269
-0.18623082254968176,0.6286776463612715
-0.18005037812736668,0.6074186529965527
-0.1738826326028272,0.6261046010033937
-0.1675288049472204,0.6446348987817296
-0.16119012245738432,0.623108972792469
-0.1548668093836518,0.6415277544039004
-0.14855975231237933,0.6198911783732999
-0.14246883221562298,0.5983006813280989
-0.13639391325581,0.6166576885498503
-0.1301361886746996,0.6348616284677018
-0.12369719442456073,0.6529114486725662
-0.11707847687864267,0.670806117377646
-0.11048125804161676,0.6486451219601658
-0.1041054216809473,0.6265299528867515
-0.09795049963395773,0.6044625875764935
-0.0918163386201648,0.622344490275991
-0.08570377946728314,0.6001756265508336
-0.07961299166703521,0.6179569646834704
-0.07334514126501972,0.6355879770715115
-0.06690173658012262,0.6530676547815689
-0.0602842959199249,0.6703950090079022
-0.0534943473794332,0.6875690710706642
-0.04673309405650461,0.6646893909538154
-0.040000734771571934,0.6817570226850849
-0.03329812945884835,0.6587720228096499
-0.026825131224757822,0.6358359488635029
-0.02058124057810535,0.6129508446914089
-0.01436627224886525,0.6300182403185339
-0.0079813690040068,0.6469376678969257
-0.0016276807055721557,0.6238086762560953
0.004494981630981346,0.6007328162857837
0.010387159519418779,0.5777121247981317
0.016049414763422067,0.554748622943604
0.021482329299353918,0.531844316087493
0.026886170454464425,0.548900695146947
0.032459877124815115,0.5658172525444861
0.03800238071102123,0.542693496765647
0.043313951053800384,0.5196309377488384
0.048395210110572115,0.49663157075462466
0.05344646512685223,0.5135968762471221
0.05846702939404104,0.49052683439196176
0.06325722226080482,0.46752292500243664
0.06801738030621293,0.4844866143302442
0.07294651142865455,0.5013173695659244
0.07784361577594237,0.4781146734018462
0.0827086970919429,0.4948795108857686
0.08754109730856435,0.4716118679098218
0.09214116447067244,0.4484132296992661
0.09670926390608718,0.4651850676042633
0.10124476689470331,0.44192735214303636
0.10574771609122192,0.458641054409973
0.11021749219726043,0.43532614602598946
0.11465414729977152,0.45198359908863167
0.1190570715421598,0.4286133861228351
0.12322666104504464,0.4053169785730972
0.1273633290721386,0.4219958335986855
0.1314664946952838,0.3986499071202589
0.13553624821313418,0.41528015523145545
0.13977168323591788,0.43178603561109663
0.14417155094079656,0.44816652209111507
0.14873459233137004,0.46442060612946745
0.15325987299733473,0.44064779536449256
0.15774746237000722,0.45684909901148313
0.16239643372320173,0.4729240278114718
0.16700585301130344,0.44897210713582913
0.17157579020718422,0.46499436383991427
0.17610565388547733,0.44099082475223167
0.18039585913878223,0.4170630151634522
0.1844471733222867,0.39321294416019814
0.1882603837932636,0.3694426030543389
0.19203596314943822,0.3856534667313437
0.19597305538718687,0.4017450096152637
0.1998707968176693,0.37781672023798085
0.20352966198288397,0.35397008664080576
0.20695047731289248,0.3302070802556385
0.21033375427795828,0.3464291557983752
0.2136790101271998,0.32263626577901316
0.2169864332976259,0.33882936191840374
0.22045521548930277,0.35490789656569083
0.22408420591117106,0.37087083727154324
0.22767257811439462,0.34681766680810655
0.2312205092383312,0.3627493685728379
0.2347275145852635,0.3386659250862803
0.23799411552814642,0.31466881648974293
0.2412208506635256,0.33065950734611993
0.24440726446367025,0.3066379596922225
0.24755357268240977,0.32260513445617833
0.25065932901044224,0.2985609914172123
0.25372475839704667,0.31450648916528523
0.2569490891212554,0.33034108651984323
0.26033120703368984,0.3460637571043934
0.26367032238594135,0.3217739893678324
0.26676698365592144,0.2975732705313571
0.26962209119773367,0.27346357047338354
0.2722365649698309,0.24944684016843274
0.27481100976213935,0.2654245130451388
0.2773450359264443,0.2413965195026166
0.2798389247772208,0.2573637883335276
0.2824919606586593,0.27322574814788236
0.2851034197657386,0.2490818404943517
0.28767358146530897,0.26493300673071596
0.290202062862702,0.24077918652990352
0.29268915211810714,0.2566213178443082
0.29513447509578805,0.23245933687091355
0.2973386632630901,0.20839467655797556
0.29930269941804233,0.18442925195655202
0.30102758541201174,0.16056495866762271
0.30271400737140675,0.17670317420834497
0.30456132183939144,0.1927432739950149
0.3063688766757137,0.16878464593036857
0.3079373569566374,0.1449286758233047
0.30946746403289127,0.16107673274657264
0.31115856958696825,0.17712818356273707
0.3128100365318668,0.1531824075128781
0.3144222303266175,0.16924028309604922
0.31619451895409384,0.18520118804266833
0.31812592715293186,0.20106401390215992
0.3200158032371261,0.17692816607738368
0.3218644983283923,0.1927945492430099
0.3236717009174368,0.16866306585789695
0.32523810475838777,0.14463511467743545
0.3267644200085451,0.1606120775690899
0.328250361867492,0.13659383257951102
0.3294966505533917,0.11268175390843703
0.33070402244131863,0.12877719872740007
0.33187221870098277,0.10488002025000161
0.3330016506883381,0.12099106916730805
0.3340920665868425,0.09711019362567934
0.3351438847153025,0.11323823920450461
0.33615686016869273,0.08937504889476228
0.33713141812556713,0.10552146307748789
0.338266985905119,0.12157682096140042
0.3395626471950932,0.13753997517640057
0.34101747428409984,0.15340979327219897
0.3424308627943398,0.12928565629853145
0.34360354549378785,0.10526894276939293
0.34473627134973756,0.12126101402365702
0.34602845958172507,0.13716122875400177
0.34727952055592576,0.11306895759859908
0.3484898670963656,0.1289850700235907
0.3498589144584468,0.1448089342995247
0.3511860691399469,0.12063993063373768
0.3524717401921381,0.13647893805191952
0.3537156737765462,0.11232583291531109
0.35491828647158624,0.1281814888962226
0.3562789973288184,0.14394527841273308
0.3577968821000262,0.15961608721928455
0.3594710054686677,0.1751928159024292
0.3613004211983766,0.19067437991651984
0.3632841722818113,0.20605970961773956
0.36542129108983706,0.221347750296475
0.3675111341043559,0.19663796074970516
0.36935439573051654,0.1720317972374474
0.3711517873502084,0.18743069883562793
0.3731026913748569,0.20273410195729807
0.3750064821396151,0.17804145493665427
0.3768635372142934,0.19335370490388537
0.3786735719598606,0.16867079629568835
0.38043697283475697,0.1839936708241411
0.38235312945075917,0.1992217689047929
0.3842214233829366,0.1744545427823536
0.38604223947966126,0.18969294340560947
0.38801496583485734,0.20483642039634997
0.3901386480143151,0.21988393663262365
0.3924123212863044,0.2348344697371918
0.39483501076916555,0.24968701210597055
0.3974057315791762,0.2644405709348576
0.4001234889786786,0.2790941682449489
0.40278761310778444,0.253747339447817
0.4053984382120545,0.2684011187532275
0.4081553026156456,0.28295503912929065
0.411057202948434,0.2974081468769783
0.41410312637735175,0.31175950310987377
0.41709238533794607,0.2861086823156139
0.4198256313452094,0.26055725630145615
0.4223038686289184,0.23510727807800486
0.42452812184724714,0.2097607802970564
0.42649943588267086,0.18451977515038276
0.4282188756368701,0.15938625427106118
0.42968752582466124,0.13436218863734642
0.4311061561836447,0.1493490299374162
0.43267420760384967,0.16424622655095003
0.4343907784321463,0.17905273959350895
0.43605529128100246,0.15386804294942702
0.4376681722499928,0.16869310868876536
0.43922918547620055,0.14352790557838396
0.4405391010177687,0.11847389759309505
0.4415990405660922,0.09353302927179502
0.4424101451531084,0.06870722416931754
0.4429735749410181,0.04399838476921823
0.44329050901114747,0.019408392399096124
0.44336214515197553,-0.005060892851552201
0.4433893650630196,0.010491869247383058
0.44337205506219024,-0.013933486396172272
0.44331077146379955,0.0016638712475495632
0.44320540720630897,-0.022716230683290782
0.44305652514674865,-0.007072968955590855
0.4430636901048673,0.008492977204489804
0.443226123078216,0.023980440713285464
0.44334336804505,-0.0005112333217370015
0.44341597118014,0.015018797830702521
0.44364348081629984,0.030469874510806377
0.44382543624347415,0.005941347808829815
0.4439623790080345,0.021434066455469192
0.4440541874578034,-0.0030521246520437036
0.44410141003704506,0.0124836155345458
0.44430359733116553,0.027940625658254687
0.44446029086565986,0.0034182550982328405
0.44457203440527054,0.01891735086039137
0.4446387084988757,-0.005562243896262819
0.44466086377434677,0.00998031012510087
0.44463838756645097,-0.014455151655216655
0.4445718372114175,0.0011322022922033888
0.4444611066745576,-0.023257800407537717
0.44410709442789065,-0.047523837505425826
0.4435110491565806,-0.071664106755352
0.4426742374606419,-0.0956768274452379
0.44159794363924604,-0.11956024046725963
0.4404831348910049,-0.10341310692723306
0.4393297820178424,-0.12723569359553585
0.4381385247996388,-0.11102727145123167
0.4371090040353984,-0.09488861422536199
0.43604085033879414,-0.11872048524663684
0.4349346954340528,-0.10252215053789913
0.43399017211436486,-0.08639437881858168
0.43300690303797945,-0.11023792835117412
0.43178584660796465,-0.13395156149679827
0.430328310593566,-0.1575335607910747
0.4286356198302432,-0.1809822304659353
0.42670911600239997,-0.20429589651056476
0.4247498228421841,-0.1875734052715342
0.4229574322486342,-0.17091560743617037
0.42113162516527747,-0.19422334341152905
0.41907341745816895,-0.2173954578708953
0.4169838389522859,-0.2005308143622702
0.41506258746761027,-0.183730280748536
0.4133090151136597,-0.16699521312651197
0.41172246050539535,-0.1503269542992507
0.4103022488964993,-0.1337268337083971
0.40884802689665306,-0.15709566882655082
0.4073604416852148,-0.14043277970726054
0.4060391409707856,-0.12383898898265608
0.4048834272051747,-0.10731560724679277
0.4038925898019981,-0.09086393153384346
0.40306590527258745,-0.07448524525635003
0.4024026373625082,-0.05818081814514171
0.40190203718867007,-0.041951906190917806
0.4015633433770137,-0.025799751587492314
0.40118611678408955,-0.049625084135031194
0.40077091971492684,-0.03342713580090981
0.40051731588668293,-0.017306640728195013
0.40042452464658324,-0.0012648206298257504
0.4002920877777196,-0.025202384735959562
0.3999208833011311,-0.04901804581565977
0.3993121391027216,-0.07271003626050049
0.39846710063877694,-0.0962766096141341
0.3973870307240987,-0.11971604064100318
0.3960732093194631,-0.1430266253925928
0.39452693331842936,-0.16620668127122926
0.3927495163335227,-0.18925454709143058
0.39094195389848224,-0.17226908168048208
0.38930390959085215,-0.1553511478622793
0.3878347013296847,-0.1385020963784739
0.38633396817793286,-0.16162276582121454
0.38460268414127147,-0.18461199864026795
0.38284183720856646,-0.16756865575376548
0.3812510833920093,-0.15059360199065724
0.37963006760901047,-0.17358769147041914
0.3779794349811935,-0.1565502806919927
0.37649883079598945,-0.13958222852878657
0.3749878893059893,-0.16258438306775724
0.3734472450287033,-0.14555609469933453
0.3718768672922432,-0.16849771757174473
0.3700777281145008,-0.19130811104537918
0.36805114791131016,-0.21398565430231448
0.3659981286167185,-0.196629246401911
0.3639186743902818,-0.21923929171965176
0.3616137915785867,-0.24171469993761163
0.3592844998391627,-0.22415439919015373
0.35693082076414395,-0.24655882295809228
0.3545534432581697,-0.22892740859777402
0.3521523901662918,-0.25126059732776884
0.34952868615215504,-0.2734573356740324
0.34668370340525284,-0.29551609007025664
0.34361882934371674,-0.31743534836266907
0.3405351318166355,-0.29931411839574074
0.3376323452268652,-0.2812534119812372
0.3349098568290994,-0.2632547288046491
0.33216737353277515,-0.28521905634329564
0.3292059357015535,-0.307045385858887
0.32622659619459377,-0.2888327269937922
0.3234290744076371,-0.2706820931990954
0.3206130771559923,-0.2924944870999874
0.3177793099747657,-0.27426941357047235
0.31492781166516604,-0.2960073811725543
0.3120592875911224,-0.27770790213721763
0.30937344172595665,-0.25947199088634576
0.30686963087031144,-0.2413011493988685
0.30454719687488285,-0.22319686567188243
0.3022058013639672,-0.2450601151002922
0.2996464395388659,-0.26678987647254304
0.2970701192230522,-0.24848514657008253
0.2944768494904486,-0.2701464270569663
0.2916676406313215,-0.29167272446278514
0.2888435152806414,-0.27316306332090057
0.28620416246293345,-0.25471847159689553
0.28354925847902646,-0.2762399660543958
0.2808794782100405,-0.25772706533024226
0.2781948296674457,-0.27918029137417744
0.2754959872934285,-0.2605991694303617
0.2729826240113068,-0.2420847265598621
0.2706540654471948,-0.2236384770074039
0.2685096221564665,-0.20526192066313015
0.2665485897676934,-0.18695654298458197
0.26457058371068604,-0.20862331637884116
0.26237655302436913,-0.23016121620079671
0.2601674594063928,-0.21166923535517188
0.2579432658458286,-0.23314787118872718
0.2555049365934569,-0.25449612547581535
0.2528537828778266,-0.2757125190176089
0.24999113061685882,-0.29679559314586984
0.24691832021232346,-0.31774390976605454
0.24383637176056303,-0.298656549939818
0.2409449711837387,-0.27963459785096106
0.23804379111970037,-0.30057912616719074
0.2351335022291359,-0.28148970911128257
0.232214107748831,-0.30236692389680964
0.22908661137860964,-0.3231098521640857
0.22595202841410886,-0.3038175931130972
0.22301003979609635,-0.2845912489267207
0.22025997841840536,-0.2654324086730491
0.21750149594074575,-0.28624214821950916
0.21473524201479574,-0.26702004476322383
0.21216086425637798,-0.2478671768092351
0.2097776624722275,-0.22878510953466255
0.2075849208915838,-0.20977539324793398
0.20558190831528167,-0.19083956330830065
0.2035682128489708,-0.21187864150557845
0.20154442113285911,-0.1928921505977438
0.19951045290080127,-0.21388061575472317
0.19726722887298728,-0.23474306600241465
0.19501568189438448,-0.2155785473637149
0.19295541098964133,-0.19648810828984753
0.19108566767652735,-0.17747328357081457
0.18920602278416787,-0.19843509425765382
0.18711738026781133,-0.2192725636592873
0.18482099084867976,-0.23998423340153904
0.18231811973266435,-0.26056866493236847
0.1796100464118792,-0.281024439566502
0.1768977298824462,-0.26145065706952714
0.17438079478278648,-0.24194841962549174
0.17185885229051873,-0.2624188172003785
0.16913284601995263,-0.2827609420733765
0.1664037310780887,-0.26307390343041004
0.16367146270378743,-0.28335831424795027
0.16093666166127973,-0.263613789811952
0.15819928088378482,-0.2838409476946067
0.15526027336749906,-0.3039389091897743
0.1521209378947569,-0.32390631390380903
0.14878258675281933,-0.34374182125104175
0.14524654553561778,-0.3634441104887096
0.14171381836182595,-0.3431123792913997
0.1381844085968676,-0.36274732916738245
0.1344593188293743,-0.3822481654268357
0.13073956201025463,-0.36171411030555717
0.12702515009173132,-0.3811458898374047
0.12331675942083328,-0.3605432323619186
0.11981406279977454,-0.340007367031483
0.11631671830106916,-0.35943951062126017
0.1126257151666757,-0.37873888204860673
0.10874238744909935,-0.39790421841315676
0.104668081731528,-0.4169342764832281
0.10040415693101408,-0.4358278327217362
0.09615164951807445,-0.4146841818516807
0.09211025965698201,-0.39360462080524994
0.08827933752151547,-0.3725909326105791
0.08465821553240709,-0.35164488483212386
0.08104654309581043,-0.3706677309298053
0.07744496583849689,-0.34965922477616557
0.07385346017260125,-0.36862012207987455
0.07007300119416926,-0.3874496818096273
0.06630457382765896,-0.36624717931520656
0.06274782688710286,-0.3451138917390077
0.05920239397933653,-0.36395108336518234
0.0556689048246317,-0.34275851867838153
0.05214731982356301,-0.36153696378726174
0.0484385979576767,-0.38018568784840284
0.04454404251944617,-0.39870347764574565
0.04046496883796817,-0.4170891390748097
0.03640236950439305,-0.3954419957081521
0.032555900518046785,-0.37386337274450165
0.02872520219134381,-0.3922545823539392
0.024711245055477154,-0.41051493819104706
0.020715008924795074,-0.3887437699704893
0.016736471544525802,-0.40694191033304816
0.012576608576353749,-0.42500869480529413
0.008236739330025458,-0.4429429763732117
0.0037181944907541814,-0.4607436269606515
-0.0007780186535841236,-0.43851003598906874
-0.005052230064506043,-0.4163435943209842
-0.00930478604612861,-0.43414567959953787
-0.01373470333754394,-0.4518156707560586
-0.01814099004645174,-0.42945296258011223
-0.022523656999388672,-0.4470584525800535
-0.027081717754051618,-0.4645315409372597
-0.031614177448870434,-0.441971643616035
-0.03592137873580887,-0.4194801777640927
-0.040004015454322486,-0.3970590455924381
-0.0440624658002173,-0.41460963426733766
-0.048096113081007794,-0.39213183041882654
-0.05210501114164026,-0.40962652155570517
-0.05628821645632956,-0.42699309748106473
-0.06044477697435918,-0.4043309634051154
-0.06457474346580547,-0.4216410268069489
-0.068877169529368,-0.43882269739002183
-0.07335076585412884,-0.4558749016516806
-0.07779456706880593,-0.4328970828992671
-0.0822086110035891,-0.44989018664996705
-0.08679193869736258,-0.4667536605827932
-0.09154324865882148,-0.4834864691046347
-0.09626156371504772,-0.46018809336291
-0.10074724485596762,-0.4369600151836541
-0.10520067031990879,-0.4537037024058011
-0.10982088967827174,-0.4703186233835861
-0.114406944761408,-0.4469042615515282
-0.11875921558437848,-0.42356210082168666
-0.12287843401383688,-0.4002941094604052
-0.12696501692978296,-0.41700173997722784
-0.13121805239045167,-0.43358444508877325
-0.13563628597179136,-0.45004119374514834
-0.14001878761110575,-0.4264714711446134
-0.14416596544659804,-0.4029767626737213
-0.14807857948136835,-0.3795590377853566
-0.15175740932562723,-0.35622024843063643
-0.1552032540211391,-0.3329623289514943
-0.1584169318646028,-0.30978719597555665
-0.16139928022999245,-0.2866967483133103
-0.1641511553898815,-0.2636928668575605
-0.16687309775243936,-0.2806769159435105
-0.16976431801837655,-0.29754825932542595
-0.17262401809594,-0.2744062747575184
-0.17525273701594757,-0.25135233940713186
-0.17765136458810726,-0.22838831374744326
-0.17982080913569906,-0.20551604000402646
-0.18196166272929992,-0.22263684352043478
-0.18407352192384563,-0.199750547282039
-0.1859569877495449,-0.17695847188812613
-0.18781267686480912,-0.19416192236866658
-0.18964021020855576,-0.17136070125251437
-0.19124021298970684,-0.1486561085422593
-0.19261366042206401,-0.1260499270754144
-0.1937615454543318,-0.10354392098107285
-0.19468487858261815,-0.08113983559724544
-0.1953846876621199,-0.05883939739048477
-0.19606168313468242,-0.07654381533612602
-0.19671557875984277,-0.05425279545677111
-0.19734675701653814,-0.07196704226735315
-0.19795493575456247,-0.04968625876248438
-0.19854050151270186,-0.06741114640356147
-0.19930284158660447,-0.08504090656487881
-0.2002409982675866,-0.10257425513546314
-0.20115433566925628,-0.08011042256755421
-0.20184355355037698,-0.057750637850558104
-0.20250936637918954,-0.0753961138812306
-0.20315149198054117,-0.05304656054367789
-0.20357065152032766,-0.030803184696001244
-0.20376791523542995,-0.008667675543268107
-0.20394403557558333,-0.026541204564275785
-0.20409876793209458,-0.0044234400549481995
-0.204032870620607,0.017584452880021955
-0.20394711602607618,-0.00041867450912009413
-0.20404094466398148,-0.018331969163231956
-0.2043134514998471,-0.03615409228124293
-0.20456405277333273,-0.013984219375370043
-0.20479316523529836,-0.03182302571013143
-0.20520020613064738,-0.04956968629354423
-0.205784247435456,-0.06722289048243413
-0.20634468268195508,-0.04488184203439012
-0.20668224077978653,-0.022647743085190835
-0.20679799966208637,-0.000522278064126136
-0.2068927194268229,-0.018406613621503868
-0.20716582848165738,-0.03619991463112446
-0.20741674444711233,-0.014001358796966068
-0.2076458854767043,-0.031811623550493356
-0.20785300482287147,-0.009630384583429647
-0.20803852415293417,-0.02745831583868005
-0.2082022001981611,-0.005295089501931683
-0.20834445806955715,-0.023141375993013705
-0.20846505790676143,-0.0009968439579339378
-0.20856442819367124,-0.018862160260674794
-0.20884199782384733,-0.036636491433998566
-0.20929685033690218,-0.054318518285975045
-0.2097283907427529,-0.03200743595315564
-0.21013702475882773,-0.049703939337553404
-0.21072215879303058,-0.06730722309581649
-0.21148285418097182,-0.08481599624252223
-0.21241815942769782,-0.10222898365845884
-0.21352711036659489,-0.11954492613868506
-0.21480873031876468,-0.1367625804387625
-0.2162620302528528,-0.15388071931916544
-0.21788600894531232,-0.17089813158787265
-0.21967965314108437,-0.18781362214114597
-0.2214422722980105,-0.16472651054416754
-0.22297451241070645,-0.14173811499557673
-0.22427736965913334,-0.11885023622994156
-0.22555152355229616,-0.13596415743245488
-0.22699632307533635,-0.15297916022863947
-0.2286107730114718,-0.16989404073663922
-0.2303938661850266,-0.18670761106614048
-0.23234458362154148,-0.2034186993571055
-0.23446189470826284,-0.22002614981671365
-0.23674475735499217,-0.23652882275451573
-0.2391921181552782,-0.2529255946158066
-0.2418029125479336,-0.2692153580132221
-0.24437639956219256,-0.24549752029823207
-0.24691284105890451,-0.2617729889749054
-0.24941183630058772,-0.2380416702076125
-0.2518736552712651,-0.25430446878696333
-0.2544975707458232,-0.2704607895548437
-0.257282512530097,-0.28650955198526373
-0.26022739970522957,-0.302449691670279
-0.263331140788983,-0.31828016034577555
-0.2665926338972983,-0.3339999259155162
-0.27001076690608716,-0.349607972473454
-0.2735844176132382,-0.3651033003243197
-0.2773124539008206,-0.38048492600248923
-0.28099406848080105,-0.35585238083080495
-0.28442979272000424,-0.3313071948633937
-0.2878201757062207,-0.3467508822248513
-0.2911647728968127,-0.32218345415938177
-0.29446381152099205,-0.33760592044505566
-0.29771685723153846,-0.3130182893505008
-0.3007244820062245,-0.28852206613316905
-0.30368727529441786,-0.3040187398408015
-0.3066048326629047,-0.2795082963644671
-0.30927775577875755,-0.2550922183983939
-0.31190666355409663,-0.27067197224461115
-0.31449118079010435,-0.24624752086916682
-0.31703160357478266,-0.2618198253234734
-0.3197272313468886,-0.2772883461664296
-0.3223773557139002,-0.2527525565840901
-0.3247826063533098,-0.22831392780017934
-0.3271436300718425,-0.24387391442460332
-0.32946007944726563,-0.219432467511939
-0.33173227822396406,-0.2349905359850622
-0.3341595533747167,-0.2504475680595617
-0.33674088933319274,-0.26580252582404473
-0.33927559481405134,-0.24115488526725995
-0.34176398204573516,-0.2565056216891989
-0.3442057013320973,-0.23185470820623197
-0.3464014089471191,-0.2073036142562441
-0.34835211285820666,-0.18285429094866779
-0.3500588404445254,-0.15850866951015724
-0.351522638297703,-0.13426866119111525
-0.3527445720216097,-0.11013615717467856
-0.3539253914479072,-0.1260125299464925
-0.35506485135497784,-0.10189764782290131
-0.35616337685741645,-0.11779237638589146
-0.3572207300451701,-0.09369657846049145
-0.3582373432892581,-0.1096111140921018
-0.35921298588046324,-0.08553584052467278
-0.3599484319179439,-0.06157211072047984
-0.3604448060265723,-0.03772175872478341
-0.3609029164861231,-0.05388609958444901
-0.36132257594722905,-0.030064943883367917
-0.36150460140130614,-0.006359597726290668
-0.3616498253126117,-0.022671349567479147
-0.36195774966646294,-0.038899484749273475
-0.3624275322756911,-0.055042801561754215
-0.3630583190082596,-0.07110011274915229
-0.36384924393203877,-0.08707024555618685
-0.36479942946003535,-0.10295204177272568
-0.36590798649606027,-0.11874435777677192
-0.3669743491641514,-0.09454656311744794
-0.36779928861748135,-0.07046002448201684
-0.3683839266719887,-0.046486589600974945
-0.36892906893516325,-0.06252758716550506
-0.3696341909382533,-0.07848234282007355
-0.3702987590266837,-0.054450193759413804
-0.37092324166734153,-0.0704319756163095
-0.37150744400156255,-0.04642752098501732
-0.371852175731391,-0.022538157944683508
-0.3721582622512684,-0.038665196885983424
-0.37242553327919525,-0.01480844358935637
-0.3724548228251893,0.008930800789947266
-0.3722473149052231,0.03255075435032512
-0.37180421125041374,0.056049655976655816
-0.37132639651546273,0.03952626395396312
-0.3710134244073078,0.023081339964343434
-0.37066483857208926,0.04661563447952401
-0.3702811838990891,0.030128399862639835
-0.36986234107047483,0.05361989183439018
-0.36920919444442124,0.07698887093922142
-0.3683229777670977,0.10023361716664135
-0.3672049418799798,0.12335243147692382
-0.3660560199264819,0.10644413440766179
-0.36507581347887236,0.08960955006360147
-0.3642635788402416,0.07284999004379233
-0.36361855926776554,0.05616675192201111
-0.3629403196965907,0.079460620645614
-0.36222942596005225,0.06273088309205418
-0.3616854447557163,0.04607832807306925
-0.361307597865755,0.029504231724612615
-0.36109509438188936,0.01300985599166327
-0.360847465430909,0.03649595003145839
-0.3603655779798152,0.05986126623271881
-0.3598503138824911,0.043204574838501944
-0.3595012239259158,0.026626649400763123
-0.3591178487180166,0.05002825217216967
-0.35850106457583375,0.07330814866547941
-0.3578517625719121,0.05656512227494179
-0.35736950258025074,0.039899959729411974
-0.35705349958057214,0.02331393502438897
-0.35670329046717103,0.046707809365659325
-0.3561197478540832,0.06998034718733057
-0.355503759121793,0.05323033077349837
-0.35505488046349726,0.036558545711628546
-0.35457265777301816,0.05986576628319812
-0.3540576379497081,0.04315126856357403
-0.3537093688658448,0.026515830427957448
-0.3533273881716758,0.049860218401410035
-0.35291223460075943,0.033183700759726556
-0.3526634479377868,0.016587047536372423
-0.3523805578240428,0.03997101737350246
-0.3518644296464874,0.06323437208215854
-0.351116278168388,0.08637539272282815
-0.35013733523858276,0.10939238113201785
-0.3489288495833898,0.13228365998802355
-0.3474920865978703,0.15504757287429383
-0.34582832813646996,0.17768248434039186
-0.34413853771973024,0.16028727850222868
-0.3426223466613444,0.14296284302561016
-0.34107937495366275,0.16561005450546618
-0.3393105771536364,0.18812779301268442
-0.3373172560104457,0.210514458161341
-0.3351007301718927,0.23276847062198325
-0.33266233397357164,0.25488827217414756
-0.33020308264419335,0.23697282429817634
-0.3277229930146722,0.2590225936087107
-0.325023083481493,0.2809365518398582
-0.3223043851325205,0.2628136889856328
-0.3195669303726114,0.28465450018890676
-0.3168114183035162,0.26645848426532676
-0.314237546770507,0.24832664222655204
-0.3116450011635813,0.27015996410604687
-0.3090344657192041,0.2519579420358033
-0.30640595806810617,0.27372107168754783
-0.3035604971167077,0.29534835371408064
-0.3006991141743231,0.27693880688752115
-0.29802150699685626,0.25859345352775714
-0.2955270260890605,0.24031380340991967
-0.29301534151162417,0.26200085368356707
-0.2904871221014863,0.24365410340803123
-0.2879423700215209,0.26527405499387463
-0.2851820886438445,0.28675971564449765
-0.28220762826223517,0.3081096119530028
-0.27902035380011964,0.32932229140357683
-0.2758213100181233,0.3104968209538508
-0.2726105422254784,0.331633772459005
-0.2693887616624713,0.3127327211892867
-0.2663556775496788,0.29389474434690716
-0.26331098589184415,0.31502090788555126
-0.2600557153656868,0.3360102810392086
-0.25659124094957747,0.3568614523715112
-0.2531186170488215,0.33767352981290033
-0.24963789820815077,0.35844712608117657
-0.2461498044952909,0.3391818571954908
-0.2426543881346854,0.3598783424480774
-0.23895270139164143,0.3804357058345921
-0.235046142285699,0.40085259063977213
-0.23113578771634644,0.3812281594693474
-0.22722171417599663,0.4015630796653649
-0.22330466313409053,0.3818570218149858
-0.21958437308807632,0.3622111582587223
-0.21586056836911433,0.3825266499013479
-0.2119343050318021,0.40270266073219113
-0.20780698448584906,0.4227378738659978
-0.2036796866234442,0.4027314915716847
-0.19955249053391652,0.4226842206845401
-0.19522647447288655,0.4424952725702623
-0.19070306157740502,0.46216337770276744
-0.18618335299351602,0.44178778568830557
-0.1818671140078253,0.4214697492147145
-0.17775376035452556,0.4012110079382405
-0.17384269044411976,0.38101328692388703
-0.16993362009316493,0.40077779800444735
-0.16602726175074634,0.3805042542974619
-0.1623233244711699,0.36029387017010706
-0.15882116814137923,0.3401483465900925
-0.15532047029666252,0.3599688710300367
-0.15162223993307014,0.3796546334464986
-0.14772783114509336,0.39920434232124474
-0.14383827625903212,0.378717224690467
-0.14015327197031668,0.35829451009916985
-0.1364725002395684,0.37783741595149006
-0.13259697418938673,0.3972451620288713
-0.1287277171597733,0.3766169850705549
-0.1250644167635219,0.3560541241860804
-0.12160641120033239,0.33555830474700776
-0.11815335607590637,0.35503073829054754
-0.11450623821776096,0.37437063849788393
-0.11066638931631058,0.39357673723477127
-0.10663515364497758,0.4126477860384509
-0.10261355328001015,0.3916830546857397
-0.09880127424096613,0.37078381514472464
-0.09499798738996233,0.38985132692243424
-0.09120435974834327,0.36888535012207735
-0.08762005447626546,0.34798714540667924
-0.08404471969035203,0.3670579608071347
-0.08047899978206217,0.34609754478144467
-0.07692286998228953,0.3651066476386906
-0.07337696967642453,0.3440850215050628
-0.07004093446961884,0.3231339188310859
-0.06691405042345155,0.30225507774333227
-0.06399558629754304,0.2814502204913686
-0.06108512829212307,0.3006205548134824
-0.05818325928726188,0.27976578846042716
-0.055489558828250914,0.2589871291671921
-0.05300325736563924,0.23828627001087183
-0.050523903083489356,0.2575643893221058
-0.048052041140939465,0.2368211652129296
-0.04558754824320774,0.25605727701098685
-0.042931300546291525,0.2751719066941406
-0.04028418480751315,0.254264252022257
-0.03784575245261929,0.23343551195945775
-0.03561520590150621,0.21268737057566314
-0.03359173081549485,0.19202149550177494
-0.03157483084547796,0.21133903930365416
-0.02936534145998066,0.23053915547246479
-0.02696444359836865,0.24962051447735228
-0.02457299681963066,0.22868230380616938
-0.02239052545499949,0.20782571193146823
-0.02041620493586204,0.1870524122141849
-0.018649194043197898,0.16636406136097484
-0.016888969657868163,0.18566180080035402
-0.015136006007462914,0.16494527121688302
-0.013589774659193908,0.1443156125333993
-0.01224939876733815,0.1237744492793718
-0.011113985325462608,0.10332338905451255
-0.00998295991943645,0.12286352391119021
-0.008856745976939187,0.10239444489488203
-0.00773509934628476,0.1219167434910023
-0.006618441625480986,0.10143001161381124
-0.005706192241262103,0.08103534013654566
-0.0049974226992939175,0.06073430426605933
-0.004491188839097248,0.040528462012716135
-0.003986865589696099,0.0603188555790804
-0.003285160805032347,0.08000452736497381
-0.0023871289243807643,0.0995840360348664
-0.0014935041281912988,0.07915645657331258
-0.0006040210809561071,0.09872236572398313
0.0002809196550343062,0.07828134052234816
0.0011615849559655762,0.09783395828630878
0.0022372412225426276,0.11727929806563808
0.0033071432203346327,0.0967164537886121
0.004171880003714923,0.07624651969912577
0.00483238858132381,0.05587107427311376
0.005289621660130269,0.035591678688624215
0.005744212888770731,0.055309378214698814
0.006195797604456654,0.035023716758295215
0.006644678250630882,0.05473523831758907
0.007090491044453384,0.03444348697735899
0.0075335393110453315,0.05414900690392844
0.008173125567544934,0.07375084379891553
0.008808540361508159,0.05334805805017083
0.009240408192947459,0.03304171017319797
0.009669366594603122,0.05273284619020967
0.01009505479510937,0.032421010718797175
0.01051777913622604,0.0521067484253736
0.011136845156567763,0.07168910547903692
0.011951211846345823,0.09116664416095725
0.012760158490002114,0.070638442920213
0.013563963921822396,0.0901050818132363
0.01456190652733132,0.10946564249525577
0.01555325308230864,0.08881922136733128
0.01633860467540447,0.06826691501388495
0.017118575788948345,0.08770980557788151
0.017892782962614304,0.06714747384563619
0.01846184479444642,0.0466809992380776
0.01882672768742379,0.02631194518814821
0.01898841359133494,0.006041857613475952
0.019147565243955365,0.025771766307860943
0.019503512332486633,0.04540070094914636
0.02005523783002334,0.06492720716944064
0.020602044836621237,0.04445034661340147
0.02094457041670249,0.024071180921798958
0.021283464678014317,0.04369075711111554
0.02161837943348788,0.023308620662769564
0.021749968200501714,0.0030258155187897033
0.02167923194572872,-0.017156130536377778
0.0216068522420033,0.0026637940595377815
0.0217321774287885,0.02238460065681139
0.021854543531027483,0.002105315007918447
0.021774620178366278,-0.018073037286173238
0.021693089682657898,0.0017505546079276506
0.02180930111507664,0.021475101307916793
0.022122256641599655,0.04109912928841512
0.022630943779780338,0.060621182399982584
0.023334335572802335,0.08003982192770562
0.024031725347442613,0.05945412518941995
0.0245237405516704,0.038965169517609616
0.024811356417116216,0.018574516179015843
0.025095229116838397,0.03818321030624589
0.02537501650998505,0.01779079544583199
0.02545137814054959,-0.002501686445646887
0.025524986398381036,0.01720679183902585
0.025595515179805153,-0.003084244150472166
0.025463639885676122,-0.023273770523728886
0.025130383165037774,-0.0433602796651925
0.02459678265416426,-0.06334228175450123
0.023863890798307127,-0.08321830482633841
0.023132440089520947,-0.0630873933698747
0.022402163808174426,-0.08295009377017167
0.021673461435327047,-0.06280595284321075
0.020946065315051766,-0.08265551782884556
0.020220373983632606,-0.06249833638420427
0.01949611883202388,-0.08233495657662604
0.018574032018517827,-0.10206442833538236
0.017455192210421067,-0.12168531805889747
0.016340357737860793,-0.1012967086683929
0.015428952751300346,-0.08099968358678342
0.014520388137548208,-0.10069531211358262
0.013615072852913825,-0.08038316250940558
0.012712748502339593,-0.10006380344522975
0.011813822668743921,-0.07973680399372701
0.011117700992313222,-0.059503232161808264
0.010423776004275733,-0.07926414172600135
0.00973243846111675,-0.05901908531903579
0.009243077341415861,-0.03886911442285231
0.00895473409712735,-0.018815764747719958
0.00866676949286753,-0.038760056164927476
0.008179877441629308,-0.058601008714223315
0.0076947640821399856,-0.03843765721524734
0.00721113643920883,-0.058270538169368
0.006729367838235078,-0.03809918829676538
0.006448829986308053,-0.01802464307311505
0.0061688818077477395,-0.037947923569102454
0.0056902153633787474,-0.05776805099947422
0.005213534928132068,-0.03758406133447436
0.004938211068303232,-0.017496990743355
0.004863266977223695,0.002491640482828253
0.004788045315603081,-0.017519172003544494
0.0045132220482779544,-0.03742843261616682
0.004239485522583124,-0.017335160448307053
0.003966525129692043,-0.03723987617671451
0.003694696720096948,-0.017142100600771024
0.0036233546856604226,0.002857146818757414
0.003751506212753416,0.022756362576472716
0.004078143540025559,0.042554060643858006
0.00460224413348101,0.06224877253034201
0.005322770862154675,0.08183904734230953
0.006238672174368277,0.10132345184006228
0.007149216857879142,0.08080106903440136
0.007855007879648363,0.06037298216687238
0.008556661467129158,0.07994026008604041
0.009253795772422177,0.059502470333382254
0.009946696290468654,0.0790601805939566
0.01083464794371333,0.09851246014749838
0.011916589337752415,0.11785789447504194
0.012991779604845998,0.09719558531199793
0.014060477660382226,0.1165261360848448
0.015321942205095715,0.13574865189982277
0.016575420564879692,0.11496225268722557
0.017821160030836457,0.13416756009452768
0.01905874244508052,0.11336419601479719
0.020088752119863124,0.09265328111475016
0.021111787002170212,0.11193592166567669
0.022327112754501343,0.1311112240839458
0.023533983677235554,0.11027830953393772
0.024532988631256004,0.0895382993630939
0.025325064702077,0.06889279901629541
0.026110830359216207,0.08824289796225121
0.027089571619076845,0.10748768569468
0.028260228382790957,0.12662576779586276
0.029621726695263906,0.1456557674466103
0.030973313504742497,0.124676824017494
0.032315235918615806,0.14368957850210537
0.03364707578826939,0.12269367204400883
0.03476941762724639,0.10179024446335269
0.03588285977486769,0.12088042108636887
0.0369870030593522,0.09996382582613487
0.03788245079825721,0.07914158116981661
0.0385701545444181,0.05841529355207489
0.03925074724382443,0.07768605328210283
0.039923863980345725,0.056953449087135136
0.04058980739117223,0.07621806956237598
0.041447879748718115,0.09537900462138216
0.04249703721350276,0.11443486010200622
0.043536556674889884,0.09348475781882441
0.044566715004772064,0.11252932099920995
0.04558712364033682,0.0915681728131065
0.04639839650016778,0.07070243490246642
0.04700149572916665,0.04993371275525069
0.04759706485541733,0.06916309563306691
0.04838441495057265,0.08828967257361961
0.04936251096521489,0.10731204845554973
0.0503306385687639,0.08632934405137399
0.05128908340233569,0.10534218146407535
0.052237465660687835,0.08435018265739928
0.053176073424171875,0.10335396944415363
0.054104529323764694,0.08235316347503942
0.055023123872792956,0.101348386227096
0.056131147548404633,0.12023876045101192
0.057427545043988,0.13902292477401557
0.05871158210941797,0.11780003374927049
0.05978385938755106,0.09667124183060306
0.060844991492185516,0.11553768874332031
0.0620942610855009,0.13429851402303905
0.06353060521373474,0.15295237307531764
0.06495328214735469,0.13159843722341058
0.06636255063412953,0.1502373791396978
0.06795766989790215,0.16876837282917692
0.06953788847490443,0.1472906067686136
0.07110345555025942,0.16580477079458852
0.0726539555401857,0.14431055462689066
0.07418964142413981,0.1628086478499467
0.0757101014099692,0.14129873989481384
0.07701592684902334,0.11988201856248715
0.07830772339669108,0.13845965685014242
0.07958509967240583,0.11703132602868879
0.08084833267360561,0.1355976970851826
0.08209703443941398,0.11415844070741585
0.08333148538097185,0.13271422726815416
0.08455130094480783,0.11126472680994201
0.08555709952619486,0.08991110757122601
0.08634984821129474,0.06865502135708394
0.08693053051454556,0.04749810200530268
0.08730014619862034,0.02644196531301579
0.08745971109366252,0.005488208965506572
0.08760992233248731,0.024537913925506166
0.08775047908935611,0.0035906589806131983
0.08788174798950527,0.022647022197171525
0.08820309518517691,0.04160608237464247
0.08851387518600136,0.020566932197242063
0.08881444218969158,0.03953016513447074
0.0893041500752312,0.05839487543531825
0.08998200665037849,0.07715967273646186
0.09064734048705081,0.05592368211699174
0.09130048016967769,0.07468752953682348
0.09214075428932574,0.09335034182718557
0.09296748027543554,0.07201125983677625
0.09358131031114926,0.05077142386849352
0.09398324499015771,0.029632457595558048
0.09417430105214371,0.008595966531376294
0.09435517661750094,0.02756303941829699
0.09452557192562072,0.0065332627744966836
0.09468585474392768,0.025507222347330973
0.09483572702674573,0.004484503108854416
0.09497555824092405,0.02346568925098275
0.09510505202461098,0.0024503641812144254
0.09522457951278986,0.021439110517994353
0.09533384599596471,0.0004315100866368535
0.09523355882894334,-0.020471357543442637
0.09512443858518595,-0.0013684282185671484
0.09520587312742737,0.017639361348996734
0.09527723851997935,-0.003348911806684271
0.09513924494138537,-0.02423217146076227
0.09479295033867208,-0.0450088582737798
0.09423942816027399,-0.06567743131411405
0.09347976717164387,-0.08623636811987469
0.0925150712702549,-0.10668416475865061
0.09134645930001607,-0.12701933588511044
0.08997506486512233,-0.14724041479646163
0.08840203614336076,-0.16734595348577344
0.08682820111556096,-0.14743502123483565
0.0852533882987969,-0.1675081900489284
0.08347842673385435,-0.18746453464350119
0.08170415713512502,-0.167403145586357
0.07993042054028414,-0.1873246161885796
0.0781577237142376,-0.16722854103065543
0.07658557121977125,-0.147216014488146
0.0750134542427509,-0.16718811756014212
0.07344186191783326,-0.1471444309488743
0.07207028131686889,-0.12718603504569828
0.07069818627515209,-0.1472139967614726
0.06932604871816252,-0.1272278826080931
0.06795367323431283,-0.14722826014473653
0.06658153039793788,-0.12721469796612692
0.06520942342559702,-0.14718776569029973
0.06363815608263673,-0.16704653540511574
0.061868878418814374,-0.18678959627023928
0.059902754499437515,-0.20641555602383987
0.05794062763601272,-0.18602353957047585
0.05598234112069554,-0.20561417441092586
0.05402840363172173,-0.18518708916563378
0.05207865588890048,-0.2047429135560658
0.04993393855943186,-0.2241807798448414
0.04759543799284907,-0.24349933743135335
0.0450643539515398,-0.2626972543521367
0.04234189942417352,-0.2817732173207782
0.039429300438740024,-0.30072593176576407
0.03652746129188642,-0.2796546204079386
0.03383595069882605,-0.258660507221617
0.031154322701918532,-0.27764480279172143
0.028283462579907645,-0.2965067188388632
0.025224600499059897,-0.31524498426516334
0.021978979243279302,-0.3338583466464682
0.01854785402720946,-0.3523455722641424
0.015132157725694529,-0.33080594467650465
0.011931487023872138,-0.3093407486739484
0.008745423325997254,-0.3278512556301186
0.005574544081649926,-0.30633723656273293
0.0026184227748224207,-0.2848999621008783
-0.00012371683229360844,-0.2635411878384666
-0.002652668450590007,-0.24226265278298617
-0.004969243097722422,-0.22106607926476182
-0.007074268930893782,-0.1999531728483307
-0.009168256495428777,-0.21882512370426596
-0.01125071947674671,-0.19768162113907667
-0.01312217470624642,-0.176623853573189
-0.01478348791259799,-0.1556534939050835
-0.016235541468211333,-0.13477219797072323
-0.0174792342182089,-0.11398160446348445
-0.018715146725274925,-0.13318283631452998
-0.02014252743465518,-0.15227501668958618
-0.021760279014073743,-0.17125678504809141
-0.023567290614806995,-0.19012679864876125
-0.025562438049903876,-0.20888373259475207
-0.027744583972847753,-0.2275262798768194
-0.029912912639973203,-0.20615364995614352
-0.03186794375236485,-0.18486705273086426
-0.033610546122472836,-0.16366818244036022
-0.035341270835872664,-0.1824582175815639
-0.037059671999767715,-0.16123683544176393
-0.03856630674543297,-0.1401052120795089
-0.039862080976094845,-0.1190650076916867
-0.04094791711001742,-0.0981178650759139
-0.04202441932278915,-0.11716491101178003
-0.04309119429310226,-0.09620577080018308
-0.04394885120253862,-0.07534156825076078
-0.0447980128975237,-0.09447341251382443
-0.04583796996747155,-0.1135004126218928
-0.0468680016645272,-0.0925216920936745
-0.04768872182357845,-0.07163837437018906
-0.048301092523780814,-0.05085206673023693
-0.04890575724533868,-0.07006386021789987
-0.04970202702980771,-0.08917284564485523
-0.05068886681536968,-0.10817762965508082
-0.051865227693320234,-0.1270768362359947
-0.05303038166509204,-0.10596960531087768
-0.05398493547885601,-0.08495707671501079
-0.05472984429093523,-0.0640408741095614
-0.055266079405792624,-0.04322260344917548
-0.055594628098604604,-0.022503852910095924
-0.05571649343712646,-0.0018861928204127743
-0.055632694102870986,0.018628824407558302
-0.055543929628288136,-0.0008598371155601227
-0.05564956655421989,-0.020251212765460665
-0.05574895934573034,0.00035564798254470245
-0.05564279630829833,0.020859696108089822
-0.05553177866228304,0.0013598976626459473
-0.05561527461699168,-0.018042780781570917
-0.05569264028644016,0.002552613254866297
-0.05556456560547854,0.023045032712931863
-0.05543175340419175,0.003533445611810255
-0.055293908065238075,0.024018321955908795
-0.05495173551862987,0.04439863373539339
-0.05460595439880265,0.024773368082232385
-0.05445595011799539,0.005243512716652195
-0.05430109578134827,0.025710041331157386
-0.05414176351905636,0.006172426684092951
-0.05417732448107582,-0.013268359400424246
-0.054207137669537615,0.0072886408118106455
-0.05423156127151365,-0.01215711593944524
-0.0544499526543163,-0.03150467390705254
-0.054661657198486605,-0.010853091490278608
-0.05486701963111583,-0.030202928137442187
-0.055065718605014975,-0.009553742883862987
-0.055258100027967785,-0.0289060943478041
-0.055643509141805776,-0.048159042185266954
-0.056021279355838796,-0.027411660242018798
-0.056391743580601374,-0.046664523454480314
-0.05675456880742951,-0.025917206385922775
-0.05711008943810344,-0.04517028322066281
-0.05765763936429493,-0.06432282921711462
-0.05839620621801944,-0.08337343531641309
-0.05912509820997291,-0.062421208197532635
-0.05984462338084095,-0.08146675571606163
-0.06055442418171664,-0.06050968543668717
-0.06105514538788059,-0.039651103165354445
-0.06154744525809569,-0.05879209978433046
-0.06223064961012431,-0.07783176579687864
-0.06290407273787432,-0.05686920593439235
-0.06336836332884607,-0.03600552459567691
-0.06382418353979084,-0.05514181122392387
-0.06427119765524356,-0.03427765339335504
-0.06470973750010112,-0.05341363826069682
-0.06513946910201208,-0.03254935255879729
-0.06556072602050737,-0.05168538258986009
-0.06597317600925924,-0.030821314219212345
-0.06617748892841603,-0.0100582314103565
-0.06617468248581393,0.0106022983954068
-0.06596578997352047,0.031158725804042497
-0.06555186008703738,0.05160951953332142
-0.06493395674386875,0.07195316647523203
-0.06411315890147559,0.09218817175626806
-0.06309056037463821,0.11231305879559653
-0.062066935068914114,0.09242686790277761
-0.061042057717798824,0.11253014171741113
-0.05981670387410331,0.1325219252007071
-0.05859166106370929,0.11250127878257579
-0.05736671743905865,0.13246876525747475
-0.05614232718686336,0.11242394831546357
-0.05491827718580131,0.13236739253115537
-0.0534953549144606,0.15219816481142576
-0.05207435960499947,0.1320153475402606
-0.05065509089656284,0.15181952547237124
-0.04903834882627488,0.17150978572036132
-0.04742494498265345,0.15118523089743113
-0.04601435657546907,0.1309469645505246
-0.044805712764120834,0.11079657507273918
-0.0435984614907872,0.13063513562768087
-0.04239304872675408,0.110462218690215
-0.04118925304805606,0.13027839749356046
-0.03978785354468381,0.14998274747676427
-0.03838964097550958,0.12967435942932892
-0.03719407183963791,0.10945432492628758
-0.0360005892895874,0.12922372170088073
-0.03460996904497499,0.1488816281851465
-0.03302333304794604,0.16842663957121595
-0.031241817197426042,0.18785736931896782
-0.029266571166205468,0.20717244920322456
-0.027298423634229588,0.18647102790055267
-0.02553686844236685,0.16585425495970965
-0.023981050921421776,0.14532376470977226
-0.022630100142632014,0.12488117472190441
-0.02128346366897138,0.14442758718991883
-0.019941586802967388,0.12396260346886971
-0.01880391258051998,0.10358732406168086
-0.017669870602560585,0.12320283545021671
-0.016539888367195662,0.10280872317756064
-0.015413725847848597,0.12240557329505258
-0.014092143404968295,0.14189247380973258
-0.012775912943455972,0.12136852782896179
-0.011664471986517159,0.10093483899551664
-0.010557244591344415,0.12049249686030915
-0.009254987265302004,0.13994059142304568
-0.007958468040522235,0.11937822773528196
-0.00686712054824195,0.09890651133556495
-0.005980030351635883,0.07852703216387234
-0.005096601783404336,0.09814086448803123
-0.004217237196517429,0.07774758144656664
-0.003341671544251295,0.09734775649792672
-0.002270640293769024,0.11684046487012167
-0.0010052251687311606,0.1362242981658813
0.0004534781126102165,0.1554978658725898
0.0021043600165072535,0.17465979541178867
0.003946297373296925,0.1937087321866439
0.005978153557446151,0.21264333962738272
0.008198778668041154,0.23146229923470554
0.01060700970970084,0.25016431062117883
0.013002005357227358,0.22884859009228156
0.015184259799720864,0.20761635461114775
0.017154616409392944,0.18646930570104017
0.01891393548883959,0.16540912790151385
0.0206627595174524,0.18433699014342383
0.02260029931792668,0.203152061740348
0.02452575498096643,0.18195352698406017
0.02643932720684028,0.2007420720304684
0.02854021730928496,0.2194168848791937
0.030627616056911507,0.19807716850877546
0.03270171501475907,0.21672362776074222
0.03496170654817762,0.23525546931733207
0.037406438080861575,0.25367141629318296
0.04003474435726538,0.2719702097318615
0.04264578220540865,0.2502511071836889
0.045239709795779987,0.2685148681256315
0.047816021229160795,0.2467612524749203
0.050175214457622755,0.22509151910236644
0.052517802450851664,0.24340691264860423
0.055042967278505654,0.2616066780499695
0.057749546450681054,0.2796895765851968
0.06063636517941121,0.2976543873685899
0.0635025711405213,0.27560040592451657
0.06614864831488204,0.2536289281456592
0.0685754306542976,0.23174173418905877
0.07078376982578885,0.20994058692590975
0.07297420045495173,0.22812673331026115
0.07534592628934952,0.24619942036419507
0.07769814112004002,0.22425790976711776
0.07983137470322542,0.2024034632772458
0.081946171839936,0.22053732809083165
0.08404208103841077,0.1986592499111088
0.08611931993034701,0.21676997438211762
0.08837710735345165,0.23476874852305968
0.09081431760481083,0.25265433531828635
0.09342981269862476,0.27042551521218106
0.09602277712431577,0.24818158468539384
0.09859339710071968,0.2659233416731947
0.1011411951591818,0.24365058407761153
0.10346669805981216,0.22146460827931824
0.10577044795305315,0.23926669595250483
0.10805199104060131,0.2170566271311039
0.11011187757350438,0.19493568018159327
0.1119510075956138,0.17290561716205813
0.1135702986821639,0.15096818227664807
0.11517035117747265,0.16902460324897361
0.11695043435272377,0.18697410731201272
0.1187098073219309,0.16491593580216238
0.12024906495807243,0.14295132958551643
0.12156915155064144,0.12108201296358062
0.12267102854168814,0.09930969213277357
0.12375533976103435,0.1175355565628672
0.12482173216495303,0.09575929353360321
0.12587052124549417,0.11398158957782317
0.12690135768953908,0.09220213046681577
0.1279145607045133,0.11042160119535581
0.12910945009381283,0.1285391874256859
0.13048500050314504,0.14655359008715504
0.13204017367133142,0.16446352688077226
0.13377391859824705,0.18226773232346644
0.1356851717131932,0.19996495779044796
0.13757319162701734,0.17765447009734417
0.1394382383803757,0.19533703692448368
0.14127990802095972,0.17301242533499434
0.1430984659306085,0.19068140175101345
0.14509317890204612,0.2082432333888712
0.14706330396977937,0.18579720139162886
0.14900909974111673,0.20334408771060036
0.1509301609728248,0.18088367362230837
0.15282675189765907,0.19841673970356385
0.15489813830050855,0.21584256726553064
0.1569435763486894,0.19326045148515586
0.15896332392234908,0.21067118828559586
0.16095697519049681,0.18807457285208795
0.16292479393689777,0.20547139960595745
0.16506604563557034,0.22276096363762132
0.1671799862804219,0.20004257383696988
0.16906720829831806,0.17741753831442209
0.17092831962018157,0.19478714975980832
0.17296259775145215,0.21205069996939324
0.1749693106839992,0.18930749443549663
0.17694872822482777,0.2065583392267369
0.17890045657040904,0.1838030395037381
0.18062510621420633,0.1611428980346571
0.18212363768288328,0.13857970055542762
0.18339702926765092,0.11611521422546559
0.18444627683808246,0.09375118754404638
0.18547205907176995,0.11138885172729397
0.18647405818743176,0.08902793524340882
0.18725295993198626,0.06676966379613852
0.1880094647297545,0.08451524715289786
0.18874327633115015,0.06226439222430194
0.18925510179867783,0.04011830305033022
0.1895459972384209,0.018078666172803768
0.18961703552679016,-0.0038528508966911602
0.18966897153652928,0.014224901710110323
0.18990122828293676,0.032211072221623754
0.19011321782840607,0.010204821834079253
0.19030535260393924,0.028206811609790453
0.19047737997646547,0.006216701010868214
0.19062971556620145,0.024235147891066705
0.19076210989712686,0.0022618084882879766
0.19067531629752354,-0.019602164041505655
0.19037043662938094,-0.04135513424568483
0.1900482544297903,-0.023095984442576767
0.18990822105590968,-0.004925598714146086
0.1897497765882854,-0.026744848294490517
0.18937369573451862,-0.04845260612607215
0.188980766891189,-0.030147761478141733
0.18857078078869918,-0.051830706855379285
0.18814419589021253,-0.033500836541591625
0.18790047045711775,-0.015259045142822062
0.1876390513688708,-0.037006214433102355
0.18736038544317526,-0.018741726451220193
0.18706425400201732,-0.04046596496205358
0.1867511061877919,-0.022178315459785013
0.18642072561259332,-0.043879165170469775
0.1858738982576189,-0.06546740451320937
0.18531142361815445,-0.04704194025831063
0.18473310334818382,-0.06860318243405886
0.18393974124244394,-0.09005004432688826
0.18293248896410552,-0.11138095709526871
0.18171251376785116,-0.13259437128817692
0.1804806637223459,-0.11378925544460955
0.17923678843639324,-0.13496608153490441
0.17798140445595842,-0.11612432349553414
0.17691402732780734,-0.09736495576333794
0.1758341604176114,-0.11858894011242194
0.17474230622847928,-0.09979573874210247
0.17363830096543134,-0.1209858157294442
0.17232298243338648,-0.14205813848204013
0.17079753576414788,-0.16301119234613884
0.16926282655551037,-0.1439439806610448
0.1679183870140702,-0.12495750873861963
0.166563736856523,-0.14595276923864325
0.16499972921143816,-0.16682875671195646
0.16322756426275395,-0.18758398366417692
0.1612484569720709,-0.2082169820656434
0.1592633023004227,-0.18882680194243698
0.15727199593381733,-0.20941399680924605
0.15527509967972966,-0.18997812219574053
0.15347217353029402,-0.17062023417242095
0.15186242989671275,-0.15134187472084076
0.15024540043176132,-0.17204407165727972
0.14842194984881132,-0.1926258546310436
0.1465929549825889,-0.17318626972663534
0.14475829343301602,-0.19372586635621267
0.14271884354663997,-0.2141436972455076
0.1404758301438309,-0.2344383330335277
0.13803049224151812,-0.2546083637769085
0.13558374827545977,-0.23475289753537537
0.13333518224300478,-0.21497304434074935
0.1310843646044477,-0.23516990156186438
0.12863219818496413,-0.25524256843731985
0.12597993181837056,-0.2751896621288602
0.12332849348645217,-0.2551103177627041
0.1206778110454569,-0.27500517385437584
0.11782881220695439,-0.29477337228542944
0.11478277026455481,-0.3144135728939949
0.11174063723292446,-0.2940249535116839
0.10890202999067841,-0.2737086939256832
0.10606655118193502,-0.2933659612367967
0.10303513511851942,-0.31289592438535874
0.10000872684072652,-0.29239776873947837
0.0969872707613059,-0.3118721829736407
0.09377171064717299,-0.3312183590408412
0.09036333534702598,-0.3504350067585737
0.08696311193130477,-0.32962135384121005
0.0837706718360722,-0.30887862985759956
0.08078529718226857,-0.28820855012631624
0.07780658759991235,-0.30751231562284626
0.07463547404898357,-0.3266891289615022
0.07147289788220561,-0.3058382089813095
0.06831879949107232,-0.3249602776222816
0.0649741182896247,-0.3439545598952604
0.06163980386082248,-0.3229202970073098
0.05851547001953339,-0.3019587317775681
0.055600381134212104,-0.28107159253238273
0.052694118953526804,-0.3001600930124097
0.04959759642966876,-0.31912344835446455
0.04651173678356106,-0.2980608896773699
0.04363612756997961,-0.2770736494998829
0.040970007001343116,-0.2561634456379154
0.038512596193096334,-0.23533197965539598
0.03626309932667498,-0.21458093677559714
0.03402103839668036,-0.23381148725286732
0.031587267037990086,-0.252922802360731
0.02916264959470536,-0.2320140689839919
0.02674704977228126,-0.25108597650125514
0.024340996044010528,-0.2301382153027106
0.02194434830762571,-0.24917147676586768
0.019357965792281592,-0.26808495469010307
0.016782718211384745,-0.24697785842840433
0.014218474415310252,-0.26585089976793835
0.011665767798491438,-0.24470379144589682
0.009324128373313902,-0.22363774566497563
0.006993071598661872,-0.24255396091171957
0.0044734442924094855,-0.2613516364844409
0.001966103702450986,-0.2401299870835615
-0.0005290938390686188,-0.2588897296924039
-0.0030116275071522254,-0.23763058209327273
-0.00528197990854741,-0.21645376138318417
-0.00754064825169345,-0.23526047079247467
-0.009986798432726138,-0.25394991421299695
-0.01241958596294652,-0.23262131078875353
-0.014639501896425478,-0.21137588033865878
-0.016847051915654526,-0.23011482871697514
-0.01924141041657204,-0.24873736234173613
-0.02162174143505571,-0.22734270278561522
-0.023988209990219896,-0.24593157365726548
-0.026539982090014604,-0.2644032005763053
-0.02927587899094793,-0.2827563257622702
-0.03219470946216318,-0.3009897095284009
-0.03509560454987798,-0.27920262885672487
-0.03797869683789475,-0.2973958628152006
-0.041043120453670284,-0.3154686925269218
-0.04408799991178439,-0.29352041429497944
-0.04711346145745291,-0.31155182647622054
-0.05031863307226671,-0.3294622294486891
-0.053502633317312184,-0.30735093873473646
-0.05666558267631869,-0.32521877187304127
-0.05980693814434787,-0.30306554692599014
-0.0629268265662612,-0.3208920824451105
-0.06602471130803797,-0.29869819743708426
-0.06890106017789185,-0.2765852098710948
-0.07155669117598752,-0.25455492203079716
-0.07419210565587955,-0.2725086204199892
-0.07700647448925454,-0.29034559174316016
-0.0797989589887617,-0.2681651374901619
-0.08237005683092007,-0.24606855935308536
-0.08472061572034684,-0.22405764312255386
-0.08685150113238375,-0.20213415713778324
-0.08896326155480115,-0.22019935365556328
-0.09105544923287227,-0.19825298337739827
-0.09292862016833259,-0.17639629542481153
-0.0947833452803861,-0.1945305241592219
-0.09681886448278261,-0.21255490371149063
-0.09903407301903953,-0.23046818403232097
-0.10122818830206708,-0.2083696309308319
-0.10340142916660075,-0.22626001149685812
-0.10575301586724481,-0.24403859407536535
-0.10808215891396716,-0.22180466139657695
-0.11018940499102485,-0.19965949599671706
-0.11227531603391601,-0.21750436557652436
-0.11453912330568862,-0.2352385375278493
-0.11697971373136425,-0.2528607949811266
-0.11939629673673618,-0.23047043684104473
-0.12178908349994591,-0.2480682632059641
-0.12435728694864177,-0.2655535753394742
-0.12709977601122732,-0.2829251902560182
-0.1298157424557649,-0.2602824407531212
-0.13230571472495667,-0.23772665936905044
-0.1345705715957539,-0.21525966227833376
-0.13661120991735706,-0.19288324774109428
-0.1384285444316198,-0.17059919601302326
-0.14002350759256388,-0.14840926925759773
-0.1413970493850273,-0.12631521146054087
-0.1427498025591353,-0.1442182498048552
-0.14428106878486865,-0.16201761066239018
-0.1459898049814979,-0.17971203564791138
-0.14767529015145786,-0.1574007816613833
-0.14913813921039995,-0.1351851048556835
-0.1503793166419736,-0.11306674454217339
-0.15139980423109878,-0.0910474216500831
-0.1524002662964096,-0.10902834010486408
-0.15338037042616215,-0.08700920136474583
-0.15414078746812168,-0.06509120440550084
-0.15488220268159172,-0.08317553254982428
-0.15560430438894257,-0.061261866548092174
-0.15630744938112712,-0.07935088602404945
-0.15719099498961742,-0.09734177092107367
-0.15825395332927858,-0.11523321610411878
-0.15929565812906127,-0.09312443140826382
-0.16031644397560135,-0.11101612707102652
-0.16131598088586402,-0.08890801225849682
-0.1620949422130874,-0.06690129359125432
-0.1626543503815121,-0.04499766051496658
-0.16319491003301967,-0.06309828522474414
-0.16391599417726135,-0.0811023386644266
-0.16461696510006296,-0.05910900513004252
-0.16509852027209454,-0.0372194677055239
-0.1655613714157163,-0.05533489363621805
-0.16620489857133147,-0.07335444887050806
-0.1670281364220045,-0.09127681412233245
-0.16783044112260423,-0.06920118492192348
-0.16841250412520956,-0.04722875559198164
-0.16897503124599528,-0.0652607046200438
-0.16971739673161343,-0.0831962091989652
-0.17063862958382875,-0.10103396128830604
-0.17153808038866758,-0.07887316766394235
-0.17241610055848486,-0.09671453535145197
-0.173472042319753,-0.11445727161166346
-0.17450524753841382,-0.0922005970819625
-0.17551605904543982,-0.10994523266659303
-0.1767038206247873,-0.12759039952073617
-0.17806753125556446,-0.1451348336486858
-0.17940651194198057,-0.1226777859486549
-0.18072108495616487,-0.14022000764137346
-0.18221057382665978,-0.15766075025086562
-0.1836742921644295,-0.13509927874100155
-0.18491288957236376,-0.11263685694272804
-0.18592736529620668,-0.09027523146079766
-0.186918401370655,-0.10791563159267806
-0.1880853487688925,-0.12545728532242495
-0.1892275483103466,-0.10299943391876237
-0.19014567656865602,-0.08064331736545072
-0.19084075952109475,-0.05839065827115309
-0.1915135056931971,-0.07614266179148077
-0.1923632923068502,-0.09379853162600138
-0.1933891516033064,-0.1113569860777862
-0.1943904376706912,-0.08891725810120726
-0.19536750568441116,-0.10648008073353506
-0.1965197118932659,-0.12394468707872472
-0.19784606785977218,-0.14130982490531865
-0.19914590728826673,-0.11867475669099983
-0.20041956526587598,-0.13604024505095605
-0.20186637824915823,-0.15330555271844343
-0.2032856728882589,-0.13056995568114385
-0.20447811193455925,-0.10793472860822075
-0.2054447078897484,-0.08540162875689288
-0.2061864907333968,-0.06297239443287408
-0.2069041731497116,-0.08054824636983242
-0.20779713667443425,-0.09802840372543783
-0.20886441801664882,-0.11541160013996583
-0.20990537588507624,-0.09279708378316769
-0.21072070481059263,-0.07028610132662466
-0.2113114487935233,-0.047880381854010584
-0.2118783344461416,-0.06548113678355286
-0.21262075713863965,-0.08298757586547525
-0.2133381019033568,-0.06049892178366548
-0.21403075475592204,-0.07801589704798106
-0.21469843726214152,-0.0555382225220338
-0.21514187443820257,-0.033167115950807374
-0.2153621404796807,-0.010904277333004316
-0.21536032648580666,0.011248612611135127
-0.21533720568298914,-0.006609608947000901
-0.2154922195685533,-0.02437810294781352
-0.21562479881279725,-0.0021560430511277408
-0.21553570916135495,0.01995539892387631
-0.21522606507911135,0.04195456907922625
-0.21469699747274754,0.06383983296486764
-0.21394965349592945,0.08560957564470283
-0.21318486177051427,0.06736270030202052
-0.2124024531113834,0.08909961368669088
-0.21160292592208407,0.07081972465579049
-0.21078611284036208,0.09252344417195539
-0.20975284863384955,0.11410968676032304
-0.20850431592471047,0.13557688512077756
-0.20704171290969997,0.15692349164475733
-0.20536625316296608,0.17814797847141625
-0.20347916543830114,0.1992488375415351
-0.20158135888753198,0.18032507919085544
-0.19967274378265762,0.20137721758521185
-0.19755423149224913,0.22230427070746128
-0.195227080203608,0.24310477495813904
-0.19289222805712045,0.2238777852023772
-0.19054961386772273,0.24462386020024787
-0.18800017710067654,0.2652420625889208
-0.18524520359315017,0.28573097347856546
-0.1824856586880435,0.2661896924945339
-0.17972150795497102,0.28661882320298676
-0.1767537171656019,0.3069174730883527
-0.17378326343151973,0.2871847666862185
-0.1710097892586254,0.26752183100655563
-0.1684325888601566,0.24793027943610582
-0.16585127497458305,0.26831121165260896
-0.16306679268011398,0.28856372961365906
-0.16008043303436884,0.30868645360776736
-0.15709316620963895,0.28877852229334594
-0.15430462763200592,0.26894107666283135
-0.15171410429576823,0.24917574394437542
-0.14912120158275033,0.26938363751539607
-0.14632685707823087,0.2894638728907736
-0.14333235421204046,0.3094150837732716
-0.14013898997859026,0.3292359235502293
-0.13674807473984357,0.34892506532970813
-0.13336059744460366,0.32858170051615804
-0.13017621176839153,0.3083070227696463
-0.1269945570120145,0.32800221336101915
-0.1236166040008125,0.34756645569491973
-0.12004366872582617,0.3669984513534552
-0.11627708006396344,0.38629692158617
-0.11251784499784256,0.3655611058811755
-0.10896563475627094,0.3448922459198711
-0.10542010571345918,0.36419157092762666
-0.10168224528895788,0.3833583121923499
-0.09795305100622718,0.36249171764539956
-0.09423251913450152,0.38159253873287025
-0.0905213100851204,0.36066052892209255
-0.08701908047475733,0.33979694220770684
-0.08352547194339535,0.3589030199205437
-0.08004112247300922,0.33797850378768657
-0.0765660009524681,0.3570241373572718
-0.07290107507622744,0.37593916742367417
-0.06904765707229508,0.3947223586081859
-0.06500707142592593,0.4133724948444499
-0.06078065468637171,0.43188837940344116
-0.056369755273391366,0.4502688349163948
-0.05177573328354233,0.4685127033956881
-0.047199625712939855,0.4467193447953524
-0.04264146718409093,0.4648896224135918
-0.038101955343982336,0.44302340138897667
-0.03378078292916946,0.42122204719628087
-0.029677292002380534,0.3994874109868613
-0.02579080619418155,0.3778213280243278
-0.021920965445707957,0.3961251190390501
-0.0178687398315045,0.41429810619907514
-0.013835108624373206,0.39243962768509094
-0.009820048943575575,0.4105505245558555
-0.005624535740892272,0.4285301407072669
-0.0014495529493851935,0.4064778359870635
0.0025052524511163824,0.384494971600061
0.00624058410973404,0.36258339399275014
0.009757164058539373,0.34074493329160455
0.013255397965512917,0.3588809046602563
0.016934361307421753,0.3768906242731109
0.020593120300716097,0.3548734238930384
0.024032077832432445,0.3329306362812248
0.027451652549013977,0.35096358054472915
0.030851267527711123,0.32897207519372734
0.03423101570173382,0.34695693956360646
0.03759032653492148,0.3249179937792239
0.04072963394619381,0.3029565572604757
0.043849387479250504,0.3209739355307964
0.047148706388227934,0.33886943473530023
0.05042670056471945,0.31674237622141344
0.053483816464831836,0.29469408195169017
0.05652051619418874,0.31262585985435815
0.05953626617554429,0.29053751688357393
0.06233153715351195,0.2685303589862175
0.06510681536125532,0.28650567791324416
0.06806125660316448,0.3043627657406929
0.0709940071789248,0.28220092945320124
0.07390521522431734,0.3000209778180524
0.0767943652975816,0.27782271989459656
0.07946194629891022,0.25570746354340335
0.08210846263522852,0.27357650223837826
0.08473342288430068,0.251429628130217
0.08713733979598334,0.22936813201641795
0.08952074145547334,0.24729329015587054
0.09208282536257348,0.26510437879311805
0.09482244476904998,0.2828001902034781
0.09773844093700743,0.3003795341846757
0.100829643314271,0.3178412380881724
0.10409486971007254,0.33518414684858744
0.10733326105435467,0.3125076215528857
0.11054496065308776,0.3298125248517075
0.11372944877242146,0.30709871946450723
0.11668721055592562,0.28446756668446715
0.11941908177040732,0.26192091172808474
0.12212558196342642,0.2793600836385123
0.12480623520742473,0.2567849098054914
0.12726157009766811,0.23429671593349752
0.1294924654954978,0.2118973113961689
0.131499818266662,0.18958848768615588
0.13328454310205645,0.167372018325602
0.13484757233758132,0.14524965877886423
0.13638952118980277,0.163122647825803
0.13810967391169499,0.1808902235516031
0.1398073047065637,0.15865163794076054
0.14128302364213963,0.13650814230331595
0.14253779030608682,0.11446147118054642
0.1437722469566699,0.13241284226279648
0.14518570467684644,0.15026147238223286
0.14677712970323675,0.16800609356809998
0.1483458102595459,0.14574595309018737
0.14989203580284222,0.16348179888606063
0.151615097015496,0.1811128795404441
0.15331427463461975,0.158738457420351
0.15479018536498917,0.13645979410086492
0.15624346095004113,0.1541781357287268
0.15767373682561264,0.1318932260957056
0.1588816521109266,0.10970630661858063
0.15986819534500504,0.08761910170541834
0.16083403763494786,0.10553281867561108
0.16177885339099227,0.08344716229651869
0.162702985732219,0.10136283622665965
0.16360611314198747,0.07927954300115528
0.16448858279003103,0.09719798401690126
0.16535007718760014,0.07511785951838393
0.16599128209260258,0.053140367124891674
0.1666128976602094,0.07116668866074179
0.16721462709296872,0.04919650323689589
0.1677968420449156,0.0672304886975149
0.16835924927544443,0.045268321608766024
0.168902223969875,0.0633106772473557
0.16942547639310018,0.04135722958970571
0.16992938520993078,0.05940865130085561
0.17061332955519268,0.07736411518234204
0.17127667785811085,0.05532280731743494
0.171919799166942,0.07328541396535837
0.1727420631360382,0.09115112154927868
0.1737424942671646,0.10891863125837842
0.17492010415530362,0.12658666055488338
0.1760742262349542,0.1042544417624997
0.17720519502263632,0.12192270749702622
0.17851234610509012,0.13949069064913933
0.1797950049650103,0.11705763752294522
0.18105349830696235,0.1346242947235368
0.1824871540456633,0.15208990913833875
0.18409495554845015,0.16945324253255983
0.18587587388216883,0.18671307304961987
0.18762920256049206,0.16396869379300952
0.1891555713707105,0.14132139679201478
0.1904559600252332,0.11877295690534054
0.19153136589155992,0.0963251302785909
0.19258246922140557,0.11387915572075961
0.1938086192999375,0.13133427069730064
0.19520882076989332,0.14868922738574608
0.19678206587682165,0.16594279417791633
0.19832766921476977,0.14319425426356983
0.19964628155146244,0.12054488959792528
0.2007389034782079,0.09799646480708973
0.201606553138294,0.07555072564735017
0.20244993145455473,0.09310890038348207
0.20326874286040053,0.07067071432531086
0.20406336070149528,0.0882368912708635
0.20503315930382854,0.10570665495014692
0.20617716821270088,0.12307874362465751
0.2074944044361701,0.14035191159187987
0.20878420718896734,0.11762542777123197
0.21004691713259407,0.1349000611322218
0.21128221094442212,0.11217557921647968
0.2122907692200525,0.0895532466596306
0.21307362220442005,0.06703481055790356
0.21363181751810073,0.04462199893022041
0.2141660853828171,0.06221602209930863
0.21487582476710274,0.07971608868940665
0.21556042429022737,0.05722142022819583
0.21602060812637155,0.03483323658103907
0.21625744965029658,0.01255323986473594
0.2162720391615878,-0.009616887084858347
0.21626514910815126,0.008224020673802273
0.21643622022992473,0.025975126191175008
0.2165846824609042,0.0037356052340666995
0.21651130083147518,-0.018393368274629788
0.21621718911229415,-0.040410138336691964
0.21570347753679808,-0.062313068405470136
0.21517097802302237,-0.04420103999378383
0.2146195048990207,-0.0660744381235773
0.2138498748824022,-0.08783215132733177
0.21306291822214904,-0.06957308480482925
0.21245813275673886,-0.05139814587017247
0.2118350048139796,-0.07320822933621413
0.2109943551112305,-0.0949022320667074
0.21013701781392075,-0.07657906759063576
0.2092628291770301,-0.09823915300674561
0.20817262752403712,-0.11978140898145646
0.20686759897151627,-0.14120427436046784
0.20534894514915497,-0.16250620768493113
0.2038175484191862,-0.14378618578864472
0.20247295801619672,-0.12514518777870498
0.20131437636207858,-0.106584678953648
0.20034099130236582,-0.0881061092750401
0.19955197625994633,-0.06971091329933835
0.19894649038944584,-0.051400510111627315
0.1985236787322652,-0.03317630326122982
0.19828267237225208,-0.015039680699188356
0.19802292317532197,-0.03689151617594765
0.1975452176087567,-0.05863068525519864
0.19685069038541655,-0.08025558138985156
0.19594049218662804,-0.10176461744418246
0.19501545488442756,-0.08325672429700143
0.19407541226745417,-0.10473233628660798
0.19312086543767318,-0.08619088974919825
0.19235131487367957,-0.06773332155668878
0.19156624924843135,-0.0892605559571878
0.19076615674737446,-0.0707720176664875
0.19015052504914126,-0.05236863186579588
0.18951883014397955,-0.07395131104372485
0.18867188223589082,-0.09541896954763186
0.18781050480307457,-0.07687053819716409
0.18713418865800877,-0.05840694972969536
0.1864424128492585,-0.07992912418319999
0.18553599056368597,-0.10133598344687537
0.18441608277030694,-0.12262596733230473
0.1830838659428708,-0.1437975350908139
0.18174019728184435,-0.12494966401187096
0.1803849354400922,-0.14608283486329451
0.17901860591943541,-0.12719653042493528
0.17764106771717042,-0.14829123548013023
0.176053181222812,-0.16926593826578995
0.17445581936052873,-0.15021964361950116
0.1728488562313131,-0.17115285987527334
0.17103316709270697,-0.19196459885271405
0.1692096395009294,-0.17275388900161925
0.16737816195276412,-0.1935212622952176
0.165539289281694,-0.17426625275851948
0.16389257472071586,-0.15508989499612783
0.16243722413635145,-0.13599370956440832
0.16097276285073595,-0.15687870289709677
0.1594997148768716,-0.1377443818471858
0.1582176028998504,-0.11869175367670512
0.15712560251255303,-0.09972231143246993
0.15622287445605565,-0.08083753241693173
0.15530889936075268,-0.10193837957767674
0.1541844915672387,-0.1229238175131419
0.1530504781888516,-0.10389282708218339
0.1521063531738913,-0.0849463908455789
0.1511515982096061,-0.10598547844500789
0.149987028626619,-0.12690906114982203
0.14861380704503857,-0.1477156279243972
0.14723277651599836,-0.1285041854833881
0.1460434466668901,-0.10937574227210353
0.14504498002174285,-0.09033179238442826
0.14403685882632256,-0.11127331549258207
0.1430195642863552,-0.09219979139316739
0.14199291113501075,-0.11311170145945248
0.14075771553390204,-0.1339080300939278
0.1395148062197513,-0.11468777787790745
0.13826401315076606,-0.13545144846980442
0.1368061674905452,-0.1560980485968636
0.1353421127543615,-0.13672660120233876
0.13407135887184451,-0.11743813088301841
0.13299306850813705,-0.09823414780592102
0.1321063893064509,-0.07911614617850832
0.1312107886313445,-0.09998510563757063
0.1301070673917659,-0.12074000725435452
0.12879637368909597,-0.14137934960190077
0.12727987054395337,-0.16190165026863748
0.12575840112244033,-0.14240594445307705
0.12423180946612192,-0.16289277040038297
0.12270060589291966,-0.1433616679324713
0.12116463364800092,-0.16381317843594567
0.11942473680492713,-0.18414634630872717
0.11768177141252889,-0.16446023210376048
0.11613525955821598,-0.14485589796309242
0.11458471027312865,-0.16523439298947665
0.11283096543780263,-0.1854947677858174
0.11107487884625834,-0.16573608905691062
0.109515970269844,-0.14605942504317393
0.1079537463629234,-0.16636583089190968
0.10618904656908085,-0.18655436319641425
0.1042230567690869,-0.20662359605572506
0.10205697700770168,-0.22657212258066042
0.09969202130332766,-0.24639855493933444
0.09732908287388473,-0.2262020229422107
0.09496805486651477,-0.2459831594690706
0.09240983034162979,-0.26564110044789535
0.08985531341946479,-0.24527499798925828
0.08730440792649177,-0.2648855072694662
0.08455801737951471,-0.2843717865072352
0.08181705613229133,-0.2638330100958884
0.07908143802203788,-0.2832698554843143
0.07615207635363666,-0.302581503151472
0.07303022962972532,-0.3217666511947627
0.0697171692764378,-0.3408240168231392
0.06621417945212389,-0.3597523363897439
0.06272222227241948,-0.3386508639641421
0.059440923955940965,-0.31762085528819267
0.05636956114537004,-0.29666405166959287
0.053507393150168524,-0.2757821784290576
0.05065399669024504,-0.29487644626628806
0.047610279719615484,-0.31384606724230196
0.04457716049195776,-0.2927902693657618
0.04175422162607397,-0.2718102820113841
0.03914069643001686,-0.25090781981764176
0.036536135730137885,-0.26998408259644346
0.033941087113459334,-0.24903876985924173
0.03155509491617242,-0.2281730807911852
0.02937735446676708,-0.20738869961139034
0.02740704433402374,-0.18668729402846757
0.025443661075873484,-0.20597001661484796
0.02348769848483499,-0.18523651933914764
0.0215389821628483,-0.2044874550049089
0.019398337429758127,-0.2236219786897559
0.017266600477598246,-0.20273926088173755
0.015143607024717141,-0.2218399743644871
0.013029857724230747,-0.20092379273764946
0.010925184822567083,-0.21999139039526608
0.008830085485031303,-0.19904244250464587
0.0067443884547774904,-0.21807762498480704
0.004668587378800283,-0.19709661448540863
0.002802172883999277,-0.1762005869069238
0.0011442868245154973,-0.15539120276534313
-0.0005056108827812314,-0.17456960711048555
-0.0021470630095673767,-0.15373544406075923
-0.003780280437968053,-0.1728893582443194
-0.005604474248834079,-0.19193049624066144
-0.0076185099809091186,-0.21085752117775464
-0.009821239894433117,-0.22966911423397554
-0.012211503151855683,-0.24836397467963323
-0.014788125998954653,-0.2669408199164826
-0.01754992194633976,-0.28539838551523217
-0.02049569195132137,-0.30373542525105207
-0.023424559183457663,-0.2820512096787563
-0.026136982869507486,-0.26044701009170107
-0.028633771963023486,-0.2389245824184359
-0.031115418309013404,-0.25738516713139886
-0.03358141739526787,-0.23582850377210907
-0.03603193377422004,-0.2542553323828035
-0.038466467734418294,-0.2326653934802245
-0.04068552322187497,-0.21115992657069946
-0.042889619006759,-0.22964015696813592
-0.04507827734947376,-0.20810580886330599
-0.04705202400394031,-0.1866581052996402
-0.04901139938293239,-0.20519825499354735
-0.05115561263948655,-0.2236254668643595
-0.05328386258979384,-0.20203896462675097
-0.05519668363624541,-0.18053997221532309
-0.056894959431876044,-0.1591301976885656
-0.058579256039949026,-0.17771083314487737
-0.0602491426802808,-0.15628156925509748
-0.0617051917295043,-0.1349435952431608
-0.06294832446676599,-0.11369858425295226
-0.06397947881462715,-0.09254819181049405
-0.06499927457916381,-0.11139355720501029
-0.06620699961022423,-0.13013381948643937
-0.06740193071994446,-0.10886813206702795
-0.06858434501817606,-0.12759714961342136
-0.06995351991032316,-0.1462200280324244
-0.07130872193274408,-0.12483593761241818
-0.07245055267169635,-0.10354604845533769
-0.07337996242375339,-0.08235201438802986
-0.07429758335143662,-0.10115497288567377
-0.07540271564232806,-0.11985406107004663
-0.07669431384311513,-0.13844793177021283
-0.07817131911480832,-0.1569352550296802
-0.07963299398845454,-0.13541521669487186
-0.08107960161705599,-0.1538885038456793
-0.08271040577318217,-0.17225430477809417
-0.0845243251007821,-0.19051132360084796
-0.0863205999547616,-0.16875878027859373
-0.0880994716534138,-0.18699739605879143
-0.09006018247650625,-0.2051263934506857
-0.09220162991753185,-0.22314451081830464
-0.09432303352368832,-0.20115100242001505
-0.09642461414867486,-0.2191466238317954
-0.09850592853444268,-0.19713113046428235
-0.10036753722615374,-0.17520577607955623
-0.10201035031583407,-0.15337229815256334
-0.1036349605978439,-0.17153191778625237
-0.1054406297277458,-0.18958385570160002
-0.1074262745560227,-0.20752684829010346
-0.1093911339662204,-0.18546014765445132
-0.11113578270925169,-0.16348500557459186
-0.11266114506241282,-0.1416031574116234
-0.1141678279835408,-0.15971582202379858
-0.11585510726857744,-0.1777222177574264
-0.117721913883992,-0.19562107850024987
-0.11976716622030409,-0.21341115518134393
-0.12179010484602983,-0.1911917143523824
-0.12359130634109504,-0.1690640221527067
-0.12517169695495087,-0.14702982821223073
-0.12653222034315378,-0.12509086410814038
-0.1278735028030897,-0.1431483447405409
-0.1293948394298019,-0.16110148432462296
-0.13089551503002375,-0.13904951098698168
-0.13217615003640476,-0.11709365219416974
-0.13323771416317454,-0.09523561866069552
-0.1340811941403221,-0.07347710281081414
-0.13490725894697017,-0.09171928015926528
-0.13571558054823757,-0.06996182385019369
-0.13650649930277095,-0.08820540610258985
-0.13747935603669484,-0.10634919965628747
-0.1386331462884963,-0.12439189237362222
-0.1399668525583918,-0.14233218874601014
-0.14127977905818437,-0.12026930848190284
-0.14257223095732124,-0.13820397193688488
-0.14404351437464058,-0.15603540009591085
-0.14549292520764792,-0.13386282771127705
-0.14672109504530187,-0.11178748873123233
-0.14792867023890502,-0.1297106016663811
-0.14931496597243057,-0.14753138412419056
-0.1508789525910433,-0.16524856886439296
-0.1526195878507409,-0.18286090530093707
-0.15433615166843936,-0.16046765808533708
-0.15582925995154645,-0.13817009107385111
-0.15729954366892532,-0.15586945269085717
-0.15894630292126374,-0.17346499046034763
-0.16076849326960757,-0.19095546705833374
-0.16256539256831803,-0.1684401603534808
-0.16433728021085708,-0.18591984883152565
-0.16628343712120527,-0.2032938115718652
-0.168203134582753,-0.18066134137991147
-0.1700966455673116,-0.19802323166845087
-0.1719635793097604,-0.17537927497445896
-0.17360454921589968,-0.15283076147572605
-0.17502051859899748,-0.13037946435219136
-0.17621246841148558,-0.10802713824272916
-0.17718139705913427,-0.08577551916259829
-0.17792832021441293,-0.06362632442316098
-0.17865393604572574,-0.08148075401220119
-0.17955761136679813,-0.09923800659080247
-0.1806383679609821,-0.11689679555275277
-0.18169554941005542,-0.09455634907218687
-0.182729500335919,-0.1122173955350172
-0.18373990097133014,-0.08987966206420799
-0.18452743506392671,-0.06764437304485676
-0.1850931356090291,-0.04551323549397998
-0.18563771799434292,-0.06338743898407878
-0.1861609007314778,-0.041266670183325665
-0.18646340544148163,-0.019252112843984766
-0.18674596800255347,-0.03724493463547189
-0.18720799261395968,-0.055144301687150996
-0.1876488727015605,-0.033049393193714804
-0.18786933682362084,-0.011061386852838646
-0.18787046231815008,0.010818057217682541
-0.18785300844551556,-0.0073122034493660615
-0.1878167371179293,0.01454819178346771
-0.18776207829967406,-0.00360139479416852
-0.18768879665715174,0.01823940076483582
-0.1875973248756841,6.994407058753815e-05
-0.18748743030945494,0.021890602401072105
-0.1873595482982088,0.0037007447073027083
-0.18741311423376128,-0.01439875984051393
-0.18744755238085606,0.0074929449958255345
-0.18746328719833003,-0.01062478437766557
-0.1876597433227691,-0.028651091381122474
-0.1880359998064779,-0.046584633868877186
-0.18839145694332893,-0.024524584184129766
-0.18852685009091377,-0.0025721131390687366
-0.18864292873421387,-0.02062837539119774
-0.18873944513213983,0.0013069774705451141
-0.18861715430144504,0.02313279693304868
-0.188476825162861,0.004947950721656047
-0.188318229186812,0.02675280971139469
-0.18814180579319761,0.008546746473259214
-0.18814699441767596,-0.009569366180098324
-0.1883328887489651,-0.02759416980437405
-0.1884989035540435,-0.005626820380237735
-0.1884457884996721,0.016231527704595943
-0.18817464179878868,0.03797923773542684
-0.18768657793553736,0.059614692196803376
-0.18698272747294636,0.0811362928381124
-0.1862639022766276,0.06264295927858689
-0.18572958165877385,0.04423561299577283
-0.18517923328055444,0.0658151627098225
-0.18441365905489812,0.08728051893553532
-0.1836336742075748,0.06873060859660393
-0.18303876133790636,0.05026636047175598
-0.18262805673786553,0.03188918912000217
-0.18220101721582166,0.05349999481767208
-0.18175809933333797,0.035098178111688236
-0.18129909397115762,0.05668414127902526
-0.1806247942286328,0.07815678978639104
-0.17993600656875094,0.059615045446901396
-0.17943220487946623,0.04115983186704327
-0.17891285137674426,0.0626920598310796
-0.17837840792465928,0.0442111403948742
-0.178028336018042,0.025817984885964262
-0.17766208560283409,0.047413491747896525
-0.1772801063967955,0.02899705963559121
-0.17688218245608014,0.05056908887528522
-0.17646876549191673,0.0321289814663675
-0.17603964152046772,0.05367714108258102
-0.17539559876281496,0.0751124745318424
-0.17453777337387394,0.09643340637139326
-0.17346731716669256,0.11763838042754185
-0.172185397419463,0.13872585985478583
-0.17069319668195362,0.15969432719271223
-0.16919157799804924,0.14064278296234667
-0.16788007104867564,0.12167222964599361
-0.16655819305320857,0.1426836570629361
-0.1650267946713557,0.1635760569129161
-0.1634867390634229,0.14444843738185467
-0.1619378905336281,0.16530131003783555
-0.16018111451096811,0.18603368982052776
-0.15821762327581873,0.20664410964436672
-0.15624830909870538,0.18723162044802955
-0.15427306496615906,0.20779677662736618
-0.15209278456085634,0.22823863602017566
-0.1499083734042056,0.20865627304642398
-0.14791940291540298,0.18915076413880894
-0.1459254313123653,0.2096231731108265
-0.14392701492987833,0.19007306423431872
-0.1421237082004585,0.17060150222333137
-0.14031505247308274,0.19110953906229947
-0.13830192191576585,0.21149622854365893
-0.1360855371599138,0.2317601423260676
-0.1338667984401967,0.21200036998055707
-0.13184527173820632,0.19231800296183493
-0.1300201751013505,0.17271461851716308
-0.12819104546655774,0.19309127960710423
-0.1263584178971958,0.17344754944258836
-0.12472182556600721,0.15388449146991373
-0.12308078857590193,0.17430315620009032
-0.12123615986458554,0.19460259574762429
-0.11918913885095166,0.21478137988992632
-0.11694093916031538,0.23483809757299864
-0.11449278843249981,0.25477135695658326
-0.11204559354614853,0.23468028399883517
-0.1097989267635382,0.21466600642456338
-0.10755234663399155,0.23462963908940818
-0.10510674389787816,0.2544702985118776
-0.10246335513244682,0.2741866189260352
-0.09982309589323256,0.2538777523221618
-0.09738554685930315,0.23364485241261
-0.09495027473712982,0.2533890599936116
-0.09251784358173594,0.23311001601662756
-0.09008814936395376,0.25280836302440185
-0.08746208787135781,0.2723832465873685
-0.08484056585502724,0.25193382843718437
-0.08242315509284441,0.23156127189068387
-0.08000941329473596,0.2511667272114114
-0.07759989542519448,0.23074984468071075
-0.07539415368857742,0.21041177457520058
-0.07339139176900471,0.19015415253032097
-0.07139113165841912,0.20987809945741884
-0.06939389289789685,0.18958323607721542
-0.0675991925650107,0.1693706829012701
-0.06600619951575204,0.14924204559951548
-0.06461406663124251,0.12919891346299825
-0.06322226556524208,0.14914236078537157
-0.06183126598816243,0.12907196140237567
-0.060640535577073114,0.10908878867931147
-0.05944952884353956,0.12909390234291496
-0.05805903304527116,0.14898636302272988
-0.056470181839507465,0.16876474831316157
-0.054883788431885176,0.14852815282353216
-0.053499331729050616,0.12837767215335638
-0.052315942666468614,0.10831488680526266
-0.05113307104100113,0.12824086210985103
-0.0497514993399916,0.1480546642252721
-0.04837202181207123,0.12785537474077135
-0.04719409853770074,0.1077440761122797
-0.04621684175820472,0.08772233557726179
-0.04523968270955638,0.10769120508150355
-0.044263050869315416,0.08765023582228963
-0.04348637394952138,0.06770047823958467
-0.04290873214404868,0.0478434673932918
-0.04232952496398721,0.06798022289405589
-0.04174915048613593,0.0481102634504523
-0.04116733993074524,0.0682341083225082
-0.04058449098942799,0.04835127731725963
-0.04019999990297735,0.028562789325485553
-0.03981325029362479,0.04876964916123944
-0.039424624497698124,0.028971360652551608
-0.03903383814419388,0.04916842809685349
-0.038641273483499335,0.02936035625843648
-0.03824664604933568,0.04954765036541954
-0.03785033798753611,0.029729816107143054
-0.037452064718045734,0.04990735963107227
-0.03705220826375694,0.030079787540127856
-0.03665048391256734,0.05024760688952701
-0.036047608129607035,0.07030982664238587
-0.03544430971510285,0.05036547082246366
-0.03503998387858662,0.030515563957343173
-0.03463401315485354,0.05066111645920043
-0.03402711332034219,0.07070113917347487
-0.03342001246784628,0.05073465798989746
-0.03281243966422036,0.07076220074389997
-0.03200512494558364,0.09068279721157918
-0.031198810474867757,0.07059549226020154
-0.030393239199064264,0.09050083274748558
-0.029389154843991627,0.1102978675144455
-0.02838731307142719,0.09008566053378145
-0.027587135552626776,0.06996527634872082
-0.026788030883637633,0.08983776544946365
-0.02599040591774288,0.06970267735921062
-0.025393665760533597,0.049661060626601
-0.024797202602763208,0.06961394966257667
-0.0242014070536285,0.049560877828436295
-0.023606002719991352,0.06950237888863096
-0.023011379535776314,0.04943798700561412
-0.022616925841281985,0.02946873527588684
-0.022421682633605992,0.009596141110525674
-0.022225010405062858,0.029721206169269272
-0.022027268394681908,0.009843430911004494
-0.02202781458558757,-0.009936185407735141
-0.022025994540101415,0.010283342110147569
-0.02182248731854365,0.030400998554745907
-0.021418319139662058,0.050415285282278136
-0.020814531119764258,0.07032472143456592
-0.020211844511231567,0.050228342539709925
-0.019609981444706045,0.07012668595472744
-0.018809664925464032,0.08991879086014935
-0.017811964575470497,0.10960321286850427
-0.01681762978755045,0.08927902407922433
-0.016026075883257166,0.06904729705879964
-0.015436370445887922,0.04890958875860614
-0.014847900158220241,0.06876694044469739
-0.014261050053371065,0.04861889224401076
-0.013875203511581032,0.02856648313860105
-0.01368939651142973,0.008611236345974983
-0.0137026498857124,-0.011245342205340108
-0.013714304077984706,0.008897737518550487
-0.013525032978817549,0.028939465667602627
-0.013135857586995954,0.04887834858084124
-0.012747479166089142,0.028813408847392655
-0.012559265404656164,0.00884566929275881
-0.012370571334871228,0.028876138361090594
-0.011982085251555558,0.04880382466538072
-0.011394842372859001,0.0686272530583667
-0.01080955799633385,0.04844546469146377
-0.01042561365866518,0.028359500998945124
-0.010242043470508468,0.00837088761979396
-0.01025786637267416,-0.01151886712681605
-0.01027242089298116,0.00859122915274129
-0.010286044399487881,-0.011299332521176049
-0.010298407682921043,0.00880993895715491
-0.010309848289221915,-0.011081465220487731
-0.01051970260194797,-0.030872555234383352
-0.010727294679063018,-0.010662355792164065
-0.01093294759007558,-0.030451393032920108
-0.011136317999039575,-0.010239193066564758
-0.011337729497652445,-0.030026281971146707
-0.01173650468818875,-0.04971168724896974
-0.01233161943746901,-0.06929395243823312
-0.013122035135409793,-0.08877163862945067
-0.013907033454161855,-0.06824382306310553
-0.01448723018687837,-0.04781158311097222
-0.015063254328014168,-0.06737598165347322
-0.015634736736502744,-0.046936580166657124
-0.016201975552982015,-0.06649394017395904
-0.01696426828350075,-0.08594712469838937
-0.017920566054221,-0.10529471287025535
-0.01906980587066269,-0.12453530143967367
-0.020410910794163854,-0.14366750482866497
-0.021743124702185063,-0.12279045372289232
-0.022867026128184892,-0.1020052790470852
-0.02398320734296749,-0.12121309733651667
-0.025290928435515902,-0.14031302527645456
-0.026589438235401844,-0.119404194304045
-0.027878985652110465,-0.13848723750065173
-0.029159154260109964,-0.11756178811949237
-0.030230530217234874,-0.09672897811292747
-0.031094048011868533,-0.07599042350429897
-0.03195032362204612,-0.09524722431339532
-0.032798975261391757,-0.0744989790983841
-0.033440623379088055,-0.053846784945825725
-0.03387623640537271,-0.033292222846841524
-0.034106798492332314,-0.012836856168569895
-0.03413330933732051,0.007517769413878925
-0.0339567840057063,0.027770125983363966
-0.033578252752973346,0.04791870344455438
-0.033198426262858106,0.028062508127340825
-0.03281701638913383,0.04820204823219141
-0.032434401568220646,0.028336832369115852
-0.03205029348170243,0.04846736955453536
-0.03166507038567949,0.028593169208584936
-0.031278443773343996,0.048714741151931515
-0.030890791704391702,0.028831595603025374
-0.030501825467656916,0.048944243174868216
-0.02991225749391764,0.0689516963305487
-0.029322812514338163,0.04895298253592585
-0.028733216218589715,0.06894863116108807
-0.027944195250468786,0.0888376734753712
-0.02695682294919205,0.10861865725625415
-0.025971852502804312,0.08839064684466634
-0.024989037688612638,0.10815420858386768
-0.023809132867844526,0.12780841081028924
-0.022632904142691125,0.10745233699992959
-0.021460118013091282,0.1270865726635447
-0.020091541371075827,0.14661020533541486
-0.018727952657517595,0.1261223377176747
-0.017568795935309568,0.1057240731151109
-0.01641350180437672,0.12531650080758086
-0.015062833317192877,0.14479871059036464
-0.01351789963604567,0.16416930883524147
-0.011979489185791857,0.14352741853961154
-0.010647055810367245,0.12297416330088157
-0.009519705104501704,0.1025111512285393
-0.00839686125021218,0.12203947486820788
-0.007278946266475885,0.10155872574213115
-0.006165714588219095,0.12106949579603672
-0.00505758639554094,0.100571377388081
-0.004153979692909942,0.08016546181901744
-0.0032542991428660926,0.09975282616520932
-0.002358947400187936,0.07933304636286037
-0.0016673251087051374,0.05900719719868169
-0.0011784851525775929,0.03877683768667772
-0.0006917994956047151,0.05854301099851829
-0.00020763843365176235,0.03830525901033775
0.0002742948236713656,0.05806412375590769
0.0007536308211593893,0.03781914742188652
0.001230667192917864,0.057570872342620164
0.001904700747079708,0.07721834245374468
0.002575016304865119,0.056860616442971065
0.003042232623277941,0.03659875319134709
0.0035069814760330274,0.056333797152148715
0.00416856173404335,0.07596479289771266
0.00502592570422387,0.09549030118700066
0.0058783459728699245,0.07500939902121574
0.0065264292453460215,0.054623163624687956
0.006971130010634538,0.03433315636345424
0.00721341828450486,0.014140921217489388
0.007254279435314533,-0.005952015286591981
0.007094714009147833,-0.025944144140756797
0.00693540297097914,-0.005934472460368843
0.006776028449468088,-0.025923508930971697
0.006417273735899722,-0.04581026380703609
0.006059834445430601,-0.025693762066265842
0.005703407177996637,-0.04557453031269938
0.005348354933368715,-0.025452095315056333
0.004994373776121137,-0.04532698400301728
0.004442160750774994,-0.06509822492229682
0.003692759625916836,-0.0847643628452233
0.0027472286337467426,-0.10432396028608365
0.0016066402923825245,-0.12377559755602353
0.000272081227625178,-0.14311787281589855
-0.001055682589127286,-0.12244990066874799
-0.002177219682544317,-0.10187279613593257
-0.003093446739839745,-0.08138815857097056
-0.0038052963558217264,-0.060997570127029624
-0.004513382277194005,-0.08060209714322812
-0.0052173201504001725,-0.06020130468898227
-0.005717727523524316,-0.03989625655640312
-0.006015569593742451,-0.019688500638816678
-0.006311492366761145,-0.03947906886287403
-0.006605143403156483,-0.01926749173709238
-0.006697171818811352,0.0008452016515602435
-0.006788239447612009,-0.01904200320336969
-0.007077674920426516,-0.03882812077840274
-0.007364794585770734,-0.0186121801331026
-0.007450248430833365,0.001504789644863662
-0.007534699160769965,-0.018378225942961835
-0.007817476277594645,-0.038160241356453475
-0.00829756241742646,-0.05783978708825639
-0.008774260192348171,-0.03751590972318912
-0.009048206028613297,-0.017289655922911845
-0.009120383829750842,0.0028374436517155655
-0.009191458134994902,-0.017035625593704366
-0.009460760281303568,-0.036807878196207636
-0.009727609323751283,-0.01657834324857563
-0.009992323372948241,-0.03634755130286152
-0.010454219594982984,-0.05601453436750957
-0.01091260304904289,-0.03567833906005245
-0.011367778025356915,-0.05533951350862346
-0.012019048045641441,-0.07489710734706664
-0.012865370117870591,-0.0943496863239633
-0.013706021578935036,-0.07379633235810905
-0.014541279350276526,-0.0932376289776016
-0.015370754522633947,-0.0726731598525942
-0.01619472569082079,-0.09210350878601234
-0.017212471038272188,-0.11142776116309426
-0.01822325717589485,-0.0907450170981359
-0.019027685064513144,-0.07015637687173515
-0.019626703678839452,-0.049663424847355295
-0.02002127775004488,-0.02926772794155542
-0.020412053007608722,-0.04887033701304133
-0.02099834234140513,-0.06837030286810611
-0.02177911213879341,-0.08776619232842787
-0.02255364912628524,-0.06715708828693527
-0.02312257420752487,-0.046644073688958385
-0.023686521542798614,-0.06612821690942272
-0.024245127211420598,-0.045609084839673644
-0.024798694628165682,-0.06508724433909163
-0.025546526626181707,-0.08446176368714452
-0.02628791429422973,-0.06383172573264785
-0.026823482897545613,-0.043298213333527936
-0.02735387095691773,-0.06276229473424047
-0.028078384327309844,-0.08212303811115607
-0.02879631711811971,-0.061479526180370156
-0.029308297613745243,-0.04093284163762699
-0.029615301935701756,-0.020484551077568088
-0.02971832178336643,-0.0001362034666526693
-0.029618364257361803,0.02011066992343018
-0.029516117098950537,0.00035505412191885743
-0.029411269433048646,0.020597435907079794
-0.029304177182037355,0.0008373023479147472
-0.029394195146120985,-0.018824360654561435
-0.02948066583807951,0.0015134184767570356
-0.029563930818375692,-0.018149889909682602
-0.02984333069279773,-0.037713316692450996
-0.03011819394779228,-0.017275907131090677
-0.030388848286132402,-0.03683820776890149
-0.03065495520843472,-0.016399764971006852
-0.030717177928094492,0.003938376537944505
-0.03077619253179057,-0.015724813166788195
-0.031031342056267657,-0.03528836376017556
-0.031481622823468475,-0.05475082073830787
-0.03212601669694048,-0.0741107469356901
-0.03276382583883942,-0.05346722112378949
-0.03339535196323874,-0.07282082345160068
-0.03402023091856533,-0.052171133979892176
-0.03463876602008171,-0.07151873267343159
-0.03545026013215292,-0.09076270085205008
-0.03645366992149836,-0.10990163579725953
-0.03764793811497471,-0.1289341522636809
-0.03883232825789721,-0.10795938107174104
-0.04000710396860828,-0.12697795454240332
-0.04137152893878093,-0.1458890064839298
-0.04292452118796343,-0.16469118679260317
-0.04466498532259624,-0.18338316295827664
-0.04639214729550858,-0.16206411865120976
-0.04790656824493715,-0.14083523769262227
-0.04940882357496844,-0.1595976894213343
-0.050898491618751866,-0.13835114177008065
-0.05237581905565536,-0.15709626270666086
-0.053840387578129055,-0.13583272021723813
-0.05509278180854017,-0.11466168083092934
-0.05613393504478021,-0.09358479498897351
-0.057164462417766175,-0.11250319696755605
-0.058383647052416256,-0.1313160208754631
-0.05979042640355155,-0.15002191671414342
-0.06138372451296423,-0.16861955188422217
-0.06296278676697505,-0.147208109773315
-0.06452785915018952,-0.16578827518590825
-0.06627818824494057,-0.1842592343253032
-0.06821267548492439,-0.2026196893895529
-0.07033020941326094,-0.2208683600722603
-0.0726296658576533,-0.2390039836030287
-0.07491024268927514,-0.2171258133276283
-0.0769724736611139,-0.19533510267192017
-0.07881724207100471,-0.17363358904357382
-0.08044544850311665,-0.1520229922875353
-0.08205767606857058,-0.17040451606040127
-0.08365351114948115,-0.14877786236293566
-0.08523320881360408,-0.1671437329790669
-0.08679635947867023,-0.14550182945707021
-0.08834322224333659,-0.16385285309040992
-0.08987339155114175,-0.1421965048991601
-0.09118746510441408,-0.12063398415275435
-0.09248605502360055,-0.13906647519568627
-0.09396844192272474,-0.1573931619828675
-0.09543389582638069,-0.13571324267749224
-0.09668302208693522,-0.11412791508109849
-0.09791644045984986,-0.13253836200137037
-0.09933343917845215,-0.15084376578799322
-0.1009329612869145,-0.16904282438935267
-0.10271393689436607,-0.18713425285573204
-0.10467528334612788,-0.2051167833821893
-0.1068159053953668,-0.22298916534951027
-0.10913469537514961,-0.2407501653632432
-0.11143086795421124,-0.2184990658324871
-0.11370463938883162,-0.23623665039080952
-0.1161552275203098,-0.25386220386929215
-0.11858184060987588,-0.23147502542530038
-0.12098468867368672,-0.2490759154202152
-0.12356298348008762,-0.2665641753909124
-0.12611592738429628,-0.24403912117697515
-0.12844405924648836,-0.2216020683385467
-0.1307479335078806,-0.2391543175119758
-0.1330271088494757,-0.2166956674752358
-0.13508214818797393,-0.19432741511994533
-0.13711362983369982,-0.2119508422680078
-0.13932080156456714,-0.22946523019796822
-0.14170256695815694,-0.2468693756922699
-0.1440581522281679,-0.2242625910727327
-0.14638778547364303,-0.24164568961980437
-0.14869103125711067,-0.21901848408564167
-0.15096812393256062,-0.2363817866653195
-0.15341829972299595,-0.2536349104270301
-0.15584078555209488,-0.23087718243965394
-0.1582358103759447,-0.2481094306493312
-0.1606029397603636,-0.22533148239148584
-0.16294240920804753,-0.2425441643609913
-0.16545345623528196,-0.2596468040413395
-0.16793530920275385,-0.2367387428311952
-0.17018853322975858,-0.2139213214616315
-0.17221404384973218,-0.1911963638928675
-0.1742124401608531,-0.2084651772231903
-0.17618332556331356,-0.18572756621451295
-0.1779273077504603,-0.16308483326618217
-0.1794453444453014,-0.14053876377511026
-0.18073841113215053,-0.11809112459136557
-0.18200716628740463,-0.135643165392766
-0.18325127211374842,-0.11319463321771224
-0.18427139452830116,-0.09084677244626492
-0.18506854889620192,-0.06860131016753908
-0.1856437677594051,-0.04645995464254972
-0.18599810064801509,-0.024424395227719012
-0.18633227930753396,-0.0423958037589841
-0.1868457038462979,-0.060273350552465174
-0.1875374290578702,-0.07805572046766085
-0.18820683124796617,-0.0558421129588811
-0.1886546220576475,-0.033733726052135024
-0.18908152752800406,-0.05163174171823058
-0.18968694216433862,-0.06943534041400667
-0.19046991525861323,-0.08714321714448778
-0.19122981771641684,-0.06485458151328094
-0.19176735588019234,-0.042670641698432286
-0.1922832505939406,-0.06049258982450047
-0.19277722585075055,-0.038320115044434035
-0.1932496741943278,-0.056153904986412706
-0.19389998878695555,-0.07389314720129841
-0.19472721764840545,-0.09153654376580003
-0.19553073048267866,-0.06918331133227633
-0.19631089791766737,-0.08683416656233714
-0.19726709149054025,-0.10438832611263035
-0.19819867247069362,-0.0819450197764091
-0.19890633776624786,-0.05960547591578304
-0.1993911335720192,-0.03737140537347294
-0.19965412309604452,-0.015244499938416211
-0.19969638636867298,0.006773567727957251
-0.1997186854675986,-0.01121835729515987
-0.19972078524644235,0.01078007326692772
-0.1997031187340662,-0.007231790567273445
-0.1996654537837013,0.014746402970588997
-0.19960822638882117,-0.003285992594999416
-0.1995312073321489,0.01867137802220347
-0.19943483550141325,0.0006178718760734385
-0.19951854995490942,-0.017345653664999405
-0.19958177874139932,0.004681645931394272
-0.19942528480364635,0.02659861692051847
-0.19924984504018117,0.008504121901505925
-0.1990552389499624,0.03039852672857386
-0.1988419140311051,0.012281199057281849
-0.19860965242944378,0.03415250834852024
-0.1981592388371945,0.05591132733108923
-0.1976914716371846,0.03765654516124927
-0.19720615154669302,0.05938855433087082
-0.196504081598722,0.08100625066896684
-0.19578607828554792,0.06260854649859367
-0.19525162561857545,0.044296356084024414
-0.19470019602990277,0.0659705810153484
-0.1941322616909375,0.04763062330247479
-0.19374729449356148,0.029377385375368156
-0.1935444202856674,0.011212255470198784
-0.19352275111129968,-0.006863393889458426
-0.19368138536807464,-0.02484820595116573
-0.19381974254851014,-0.0028413383319658286
-0.1939382424776599,-0.020843448458900005
-0.19403663987987424,0.001145807896635813
-0.1941153576956093,-0.016874223373599697
-0.1943738191480245,-0.034802696166178045
-0.19461143656390295,-0.012738777314859437
-0.1948286226948568,-0.030683133488452106
-0.1950251252843334,-0.008635429724121565
-0.19520136038465938,-0.0265963294188374
-0.19535707900719557,-0.004565494321483687
-0.19529303502255205,0.01735591693361757
-0.195209996306332,-0.0007332380098499271
-0.19530739880111367,-0.01873209977649156
-0.1955843328367445,-0.0366393233264157
-0.19603987537187417,-0.05445357946901924
-0.19667309015271656,-0.07217355491652515
-0.19728336245567135,-0.04989845087733337
-0.19787107832620035,-0.06762896849155885
-0.19843595914678058,-0.04536480736042016
-0.1987787295381896,-0.023207164075442637
-0.19910012850627648,-0.04105721905070546
-0.1993998980882612,-0.01891464960650533
-0.1996784487530504,-0.03678013141798746
-0.20013519146800376,-0.05455283996438924
-0.20056952652000073,-0.03233196367566733
-0.20078218942010362,-0.010218689369801918
-0.20097392996641267,-0.028114187627930606
-0.20114450088977798,-0.006018125879289168
-0.2012943232535405,-0.023931169851119028
-0.2014231531030695,-0.0018529835608534426
-0.20133174936536063,0.02011527215027748
-0.2010212195774973,0.041971954238936494
-0.20049268761043113,0.06371543898592169
-0.1999469588920776,0.045444620603418966
-0.19938384113401977,0.06715989668402962
-0.19880380972900247,0.04886066674323726
-0.19840633981496544,0.03064783076127864
-0.1979908950934664,0.052422276027648734
-0.1975579391484549,0.03418339023661348
-0.19710727001091347,0.05593156294728169
-0.19643968805693596,0.07756568704388257
-0.19575600715139685,0.059184671893020305
-0.19525570870792033,0.04088942879120054
-0.1949379280072235,0.022681354891448936
-0.19480178643675983,0.004561831683369658
-0.1946467262309866,0.026431726391797323
-0.1942735242913004,0.04818990799161197
-0.19388297124754295,0.029935261826351273
-0.1936745255190926,0.011768675058700533
-0.19344763421763356,0.03359102205840425
-0.19300307905027636,0.05530117895791066
-0.1925416553809409,0.036998038270206784
-0.192262826291333,0.01878249433853409
-0.19196604348360657,0.04055542872352837
-0.19165175860005096,0.022316223299762093
-0.19131975778863533,0.04406526171684992
-0.1907708296019798,0.06570143086076354
-0.19000611072524048,0.08722313547046057
-0.18902675369936434,0.10862879965908606
-0.1878339267270427,0.12991686697453736
-0.18642881347807017,0.15108580045778836
-0.18481261289413164,0.17213408269897834
-0.18298653899303943,0.1930602158912712
-0.180951820672443,0.2138627218824905
-0.1787097015130335,0.2345401422245365
-0.17626143958126503,0.2550910382205913
-0.17380797264828174,0.23561448951178496
-0.1713492389126587,0.2561110795056989
-0.16888584239413806,0.2365803938983725
-0.16641771957744175,0.2570230206541125
-0.16374580730642488,0.2773380514439676
-0.16107105392403742,0.2576245947812509
-0.15839340791213616,0.2778832629057396
-0.1555138178689673,0.298013171761339
-0.15263324364916656,0.2781134541291961
-0.14975164500363314,0.2981847465095042
-0.1466699815570986,0.3181261890967835
-0.14358922394823662,0.2980369389106248
-0.14070900788633742,0.27801815521680395
-0.13802862046661965,0.2580714834275876
-0.13554733240710531,0.23819855355558212
-0.13326439820304692,0.21840098012794631
-0.13097939086553598,0.23857986356091063
-0.12869288115668695,0.2187348046922305
-0.12640477215421758,0.23886640621991392
-0.12411563256634614,0.21897427268292796
-0.12202502879674418,0.19915950898302714
-0.12013217918074559,0.17942370575099298
-0.11823662080969163,0.19966793926636228
-0.1163388887685,0.17989178599348707
-0.11463851611926087,0.1601963225655403
-0.1131346881393666,0.14058311115454275
-0.1118265745644063,0.12105369793654507
-0.11071332974849947,0.10160961301717777
-0.10959442740869754,0.1221518718175087
-0.10827067444918077,0.14257949107616913
-0.10694289002715193,0.1229915034553837
-0.10561089420177422,0.1433884444373185
-0.10427517333732499,0.1237698508555889
-0.10293554675633099,0.14413626088461645
-0.10159250005961497,0.12448721402936229
-0.10024585177964088,0.14482325111452177
-0.09889608670077193,0.12514391427409877
-0.09754302251282891,0.14544974694044382
-0.09598747771489623,0.16563979529200842
-0.0944302827648435,0.14581312139819624
-0.09307093414527041,0.12607078865460747
-0.09170891527128122,0.1463138471558298
-0.09034470781542754,0.12654184677775512
-0.0889781262786495,0.14675533862458356
-0.08740998589478431,0.16685337647616155
-0.08584111378079441,0.14693502993242646
-0.08427133758675626,0.16700087130658633
-0.08250148548342982,0.18694997561181934
-0.08073239731225469,0.16688143370347888
-0.07896391323512922,0.18679583917004314
-0.07719653913845918,0.1666927868592598
-0.07562977870390827,0.14667337140384246
-0.07406312223369904,0.16663867404994953
-0.0724970579764246,0.14658827573682034
-0.07093140669888531,0.16652275854112047
-0.06916698959151937,0.18634120712164381
-0.06720497400291255,0.20604222331947658
-0.0650465411698417,0.22562442766288315
-0.06289255144684597,0.20518695795337166
-0.06094253045628395,0.1848309532353729
-0.05899598999697657,0.20445753916190068
-0.05685377395342276,0.22396584252811585
-0.05471673736349787,0.20345500586725299
-0.0527844004859637,0.1830261728786008
-0.05085626970988051,0.20258047379308167
-0.04873318346459252,0.22201703990674282
-0.04661599128819688,0.20143501817661807
-0.044704207895824896,0.18093555664865163
-0.042996999506492356,0.16052028836489532
-0.04149351609144341,0.1401908298243286
-0.03999322612331004,0.1598482823624557
-0.038496595821795716,0.13949224668891722
-0.037203089145370134,0.11922382287312064
-0.03591215662081439,0.13894409717429795
-0.03462424667326077,0.1186526551227543
-0.03353880561890804,0.09845058150752689
-0.03245526649556677,0.11823894720847054
-0.0313740603936791,0.09801732227953432
-0.03049461644999362,0.07788677593844787
-0.02961635067905015,0.09774836340083373
-0.028540011888451882,0.11750114042384333
-0.02746636075251963,0.09724417791216519
-0.026594823885656753,0.07707854735609568
-0.02592448017418182,0.05700580474888291
-0.02525472761288665,0.0769269905160253
-0.024585962554722236,0.056841644060975194
-0.02391791428974826,0.07675030521719405
-0.023250978374265735,0.05665251424226317
-0.02278454870987096,0.03664931035319065
-0.022517671793630352,0.016742217106202162
-0.022249713556255598,0.0368322423300917
-0.021981038613366154,0.016918892675973064
-0.021911010262641518,-0.002896826384954903
-0.021838979318702528,0.017286076280776896
-0.02176529544836612,-0.0025329094377234997
-0.02168964175178771,0.017646706562394053
-0.02161236809372636,-0.0021755854021283418
-0.021533157768004116,0.01800070519901381
-0.02125269541210654,0.03807457056812888
-0.020971678167391566,0.018145017735121644
-0.020889469755614034,-0.0016869459964687604
-0.02100508681383825,-0.021419829124166345
-0.021117865733996447,-0.0011526560093105195
-0.021028476498829,0.019013549134919917
-0.020737936342755958,0.03907727831778729
-0.02024727749144039,0.059037041291623696
-0.019757212400721844,0.03899186415365536
-0.019267454499211495,0.05894227478978738
-0.018578718185062338,0.07878730287034609
-0.017891729985075402,0.058625993001373534
-0.01740588263016451,0.038559390166377924
-0.016920555972585263,0.05848852510569308
-0.01643612832026638,0.03841292740542475
-0.015952311017072784,0.058333126951144475
-0.01546948177323553,0.0382486539236436
-0.015187016745686469,0.018260537335888286
-0.015103944789497383,-0.0016297095855371535
-0.01521927971396949,-0.02142059092375608
-0.015332355039379984,-0.001211126676150729
-0.015243837833427622,0.01889766325743007
-0.014954742372611405,0.03890427514877365
-0.014466097882302856,0.05880722296176041
-0.013778948359523396,0.07860503841235558
-0.012894352395132173,0.09829627102653107
-0.01201304841211165,0.07797998673778857
-0.011134775407557855,0.09765675332665819
-0.010060272948888437,0.11722564041217041
-0.00879062691576271,0.13668523405722927
-0.007526602654149806,0.11613463682042144
-0.006267965717457862,0.13557445319142203
-0.005015147278588566,0.11500428812005203
-0.003967576208663992,0.09452524554495276
-0.0031243333269405705,0.07413891376677392
-0.00248448365545586,0.053846863916619206
-0.0020470765910811702,0.03365064988496005
-0.00181114607827467,0.013551808252623723
-0.0015760453658475923,0.03345135968218557
-0.0011424608434699455,0.05324832492572542
-0.0005114257031495807,0.07294124089491537
0.00011634690388844405,0.05262916071914958
0.0005414777066579922,0.03241313772893355
0.0007649349787528657,0.01229470937695714
0.00078770228133314,-0.007724604287191697
0.0008104437054349572,0.012256200776480403
0.0010324900345619595,0.032136128608242304
0.0012531596656578253,0.012014197862504836
0.0014727699471133895,0.031890928712097144
0.0018906371793044178,0.051665342846126366
0.002505730869481286,0.07133597808173889
0.0033170059912410858,0.09090138988065054
0.004123737744588806,0.0704606499469027
0.004726535395629613,0.05011483020827602
0.005326021357792966,0.06976498819372891
0.006121485272601978,0.08931018157878133
0.006912204932078401,0.06884948279330162
0.007498792201454814,0.04848396446138611
0.008081872100104012,0.06811468477887529
0.008661071465347763,0.04774120060048463
0.009236684370315775,0.06736406889171048
0.009808338791620104,0.046982846722824004
0.01037632994377402,0.06659809126242713
0.011139952363408787,0.08610886122982166
0.012098154164488222,0.10551373150290505
0.013249869298067105,0.1248112946308515
0.014594017729266927,0.1440001608863686
0.016129505614764048,0.16307895831592573
0.01785522548077002,0.18204633278795862
0.01977005640148388,0.20090094803905623
0.0218728641779962,0.21964148571813447
0.02396283610095822,0.1983671439702699
0.026040160209409698,0.2170786228625682
0.028304025295252968,0.23567512436206667
0.030553609745212946,0.21425586546926575
0.03258942746626136,0.192922063642196
0.03441234155243365,0.17167542069984035
0.036023232030115,0.15051762127926166
0.03742299568580762,0.12945033275325593
0.03861254589308522,0.1084752051501385
0.03959281243875605,0.08759387107566036
0.04036474134825566,0.06680794563705178
0.040929294710290796,0.046119026369190325
0.041487115917422185,0.06542819462122318
0.04223751582686043,0.08463453155960414
0.043179459096241574,0.10373663423351273
0.04431189644062259,0.12273311708669948
0.04563376480668604,0.14162261200893883
0.04694432213078256,0.12050426692715176
0.04824382659320512,0.13937873123857308
0.049731536618182394,0.1581451557959609
0.0512066997114313,0.1369027060484435
0.05266956379791354,0.15565204893124182
0.0543193772219777,0.17429235284905054
0.055955377585042106,0.15292280081506487
0.05737813766679698,0.13164457588055692
0.0587882445045211,0.1503588465021556
0.06038495347184243,0.1689647810771422
0.06196750919903386,0.1475615625412195
0.06353615691018302,0.16614987525677902
0.0650904770060664,0.14472940353650687
0.06663071839696377,0.1633008316250179
0.06815646516848492,0.1418638436810456
0.06946830449735665,0.12051962230093852
0.07056717239597118,0.09926983388675173
0.0716536868688179,0.11801562856800954
0.07272746865571234,0.0967566547399813
0.07358914122902127,0.07559405905008361
0.07443934195304573,0.09442897322881585
0.07527771074291856,0.07326102717199316
0.07590489006083691,0.0521913489294948
0.0763218706578095,0.03122155008021069
0.07652965931068895,0.010353224202319485
0.07652927864181693,-0.010412053195891242
0.07632176693798837,-0.03107272474305736
0.07610784338542259,-0.011727749811293705
0.07608689422501597,0.007521911493686636
0.07625795908264267,0.026674814404855928
0.07642039780407757,0.005830029554268326
0.07637490428627755,-0.014911373041213757
0.07632218555023818,0.004351661401893608
0.07646161581343956,0.023518186983515918
0.07679222282063933,0.04258677319063728
0.07711335467927082,0.02165650495603383
0.07742535910784992,0.040727968100674
0.0779275834301935,0.05970024932817308
0.07841936340728939,0.03867244937489622
0.07870136915279644,0.01774566845061351
0.07897428420676983,0.03682099161685962
0.07943745960894118,0.05579750333330899
0.08008990023031125,0.074673803524957
0.08093059702598034,0.09344850909576027
0.08195852720520594,0.11212025398191693
0.08317265440198336,0.1306876892031823
0.08437226342946307,0.10924998145389123
0.08535797411393214,0.08790829707772813
0.0861307549535951,0.06666428598027899
0.08689125627258175,0.0854190815536557
0.08763913096178122,0.06417231521764309
0.08817503447370069,0.043025116408981795
0.08869963597951086,0.06187859941519359
0.08921260702563505,0.04073237645971288
0.08971428694436888,0.05958705915187541
0.0904040149309633,0.07834175993741016
0.09108111887502035,0.057095605246205244
0.09174592669216237,0.07584922238897579
0.09239810090148952,0.05460223808928327
0.09283830653639516,0.03345577701526134
0.09306755688422505,0.012411447155944468
0.09328654663790219,0.031370339751275435
0.09369463805109816,0.05023154529696548
0.09429084726840267,0.06899366961178349
0.09507417657673187,0.08765533535131789
0.09584394915729857,0.06631568060305887
0.09660048833385407,0.08497534432356572
0.0973434521500225,0.06363396486938322
0.09787350127998222,0.04239267852767116
0.09819164476797983,0.021253104891443636
0.09829890776313262,0.00021684533016074273
0.0983959967535136,0.01918498437921632
0.09868228572047856,0.038056605745890704
0.09915680246800224,0.05683030837773543
0.0998185608732643,0.0755047079774334
0.10046689563780817,0.05417893559898211
0.10110214153498245,0.07285362308596449
0.10172396798648607,0.051528401603571215
0.10233271238893797,0.07020390162867182
0.10312771219021033,0.08877925439879476
0.1041079591367262,0.10725310651672994
0.10507276610860179,0.08572462000167855
0.10602244636772179,0.10419445772411058
0.1069566481348843,0.08266228193438453
0.10767602250026972,0.06122925279109377
0.10818156916271973,0.0398970137340363
0.10847430416428185,0.018667189952550668
0.10875492512401423,0.03744088977276191
0.1092227973920101,0.056117220661306526
0.10967727496174243,0.034795303833170366
0.11011871179938341,0.0534757611500527
0.11054679641892953,0.03215821365409681
0.11096188520736809,0.050843281559674935
0.11136366908295792,0.029530584245754152
0.11175250682023873,0.04822074024792629
0.11232775712482362,0.06681286870935244
0.11308843287917562,0.08530560398733539
0.11383386797624871,0.06379809570644478
0.11456439656608153,0.08229099419535471
0.11527968763148062,0.060783949017448546
0.11578041289704749,0.039378107501154835
0.11626725798370227,0.057974601573244425
0.1169395764794126,0.07647256230179476
0.11759671085153435,0.05497113450166954
0.11823900377610388,0.07347096363053653
0.11906579812957885,0.09187119577859729
0.11987642581818368,0.07027099081401386
0.12047155369083855,0.048771507818936195
0.12085219719360087,0.027374389004949824
0.12121905351936325,0.04598075964062461
0.12177148776107347,0.06448974405394775
0.12230885382326166,0.04300048023888417
0.12263184033386326,0.021614105294144436
0.12294114971424845,0.040231740799703444
0.12323648683212159,0.018853005903047435
0.12331855899179593,-0.0024209826880238483
0.12318842167002379,-0.023588625326357988
0.12304681166381953,-0.00474883949270731
0.12289346782518994,-0.025902045246442854
0.1225291310499708,-0.04694716522811253
0.12195489001226532,-0.06788263927577125
0.12137151431092166,-0.04880742448761714
0.12077877520296394,-0.06972198066809417
0.11997744559117564,-0.09052527032584913
0.11916831117399727,-0.07131627182713812
0.11835115909509548,-0.0920954662979197
0.11752644334709046,-0.07286233616108526
0.11669395142520787,-0.09361736513151508
0.11585413764778521,-0.07436003821148778
0.11500678981002013,-0.09509084168552655
0.11415236250457529,-0.07580926311560085
0.11329064377542719,-0.0965157913357671
0.11242208843857365,-0.07720991644716653
0.11154648473598729,-0.0978921298124644
0.11066428765642955,-0.07856192405064828
0.10977528558951288,-0.09921979303126977
0.10868026822995865,-0.11976473332738073
0.10738037231085223,-0.14019525882387868
0.10587674933235039,-0.16050990223051986
0.10417056537316847,-0.1807072151343915
0.10226300090155373,-0.20078576805023934
0.10015525058576596,-0.22074415046865603
0.09784852310408707,-0.24058097090213648
0.09534404095438052,-0.260294856929006
0.09264304026322234,-0.27988445523522765
0.08974677059462445,-0.2993484316540949
0.08665649475837171,-0.3186854712038166
0.0833734886179936,-0.3378942781230005
0.08009870631505818,-0.31707407444570973
0.07703176641406223,-0.29632608396013477
0.07397227280601709,-0.31555151756325095
0.07092082602938397,-0.29475008632505145
0.06807702325385487,-0.27402300145918523
0.06524044710213377,-0.2932714611380181
0.062411676972362586,-0.2724951635588833
0.05979028902337242,-0.2517953069167419
0.057175844997914956,-0.2710730762212708
0.05456890354651822,-0.25032815636514466
0.05216902021414739,-0.22966173209873134
0.04977573626482535,-0.248974974849219
0.04718992459019049,-0.2681670572492738
0.04461246877658629,-0.2473371677280786
0.04204325175534463,-0.2664859973927769
0.0394828212074334,-0.24561323854516545
0.03693105621823348,-0.2647195846563253
0.03418883518270709,-0.2837042318000531
0.03125738153975784,-0.30256589324180927
0.02833759691890304,-0.28140379947410865
0.025429381874171236,-0.30021868363551757
0.022533301289089137,-0.2790102800233126
0.019649251031838073,-0.2977793240641017
0.01657812586084184,-0.31642505374327023
0.013520830576252581,-0.2950467227316336
0.010477268671374754,-0.31364508726092805
0.007448007738512766,-0.2922199046345904
0.004632611541673521,-0.2708724317381853
0.0018306288439717514,-0.28950391185271107
-0.0011570606809694181,-0.30801358917749344
-0.004329232795695479,-0.3264002248738509
-0.007484985549933282,-0.3047630970968537
-0.01042475312767583,-0.28320348495239633
-0.013348984935555747,-0.30162265385034387
-0.016257134273854647,-0.280020368567341
-0.019149323761319746,-0.2983973946744475
-0.022224677426220155,-0.31665299996524693
-0.02548197496815859,-0.3347859690395374
-0.028919984024185184,-0.3527951047918623
-0.03233779493522075,-0.3307797269813426
-0.03573550000849893,-0.348740657643577
-0.03931219352551502,-0.36657722105460977
-0.04306662600398831,-0.3842882583088979
-0.04679787104740266,-0.3619731273438125
-0.05050600460721353,-0.37963268834783864
-0.05439010499052475,-0.39716630372086476
-0.05844890712174209,-0.4145728526484908
-0.06268113480843535,-0.4318512325812271
-0.06688583550741678,-0.40910085779504307
-0.07086339417007921,-0.3864231433357015
-0.07481421232889585,-0.40371949035924726
-0.07893736218309647,-0.42088930064057567
-0.08323157294227847,-0.43793149260287306
-0.08749589767421191,-0.41494550133525365
-0.09153072714857584,-0.39203276253581304
-0.09533680350517705,-0.36919519639252596
-0.09911455341707981,-0.3863342074762818
-0.10306307425691269,-0.40334920070884417
-0.10718112043780494,-0.4202390973933144
-0.11146743567519382,-0.43700283669114576
-0.11572108774882682,-0.41373987418055946
-0.119942147760669,-0.4304511672571304
-0.1243296901382045,-0.44703617508654303
-0.1286827814749731,-0.4235943717131154
-0.13280182645432184,-0.4002272314589979
-0.136687581514301,-0.37693671280286983
-0.14034082259078298,-0.35372475681248483
-0.14396201035948392,-0.3704927884962207
-0.14775027639784832,-0.3871402327712065
-0.15150474410489867,-0.3637665290356631
-0.15502587462103848,-0.34047311657354073
-0.15851414590572155,-0.35716141989699973
-0.1621687068143176,-0.37373086325704813
-0.16598836343293405,-0.3901803866751294
-0.1697722459174534,-0.3666094459629832
-0.17352048774519155,-0.3830189981263325
-0.17743222571198117,-0.39930850132078727
-0.1815062541831887,-0.4154769294218959
-0.18574135734889796,-0.4315232735002142
-0.18993664397926946,-0.4075470403778517
-0.19409222667578657,-0.4235492380272639
-0.19840722186787835,-0.43942937552228967
-0.20268073864676056,-0.4152869761450321
-0.20691289009914224,-0.4311230642418229
-0.21130279330298118,-0.44683716517305605
-0.21584922357711256,-0.46242831987721306
-0.22035128131831744,-0.4379960848816165
-0.22460940583425432,-0.413642016238742
-0.22862438900080662,-0.38936815340051656
-0.23259670841427557,-0.40507601910489577
-0.23652584813001995,-0.38076563387917384
-0.24041196407140977,-0.3964380174499753
-0.24425455068817797,-0.37209318869563446
-0.24805377428110167,-0.38773216559843965
-0.25200880507607004,-0.4032544666559958
-0.25611847146874117,-0.41865912544842165
-0.26018192685667085,-0.394045690652309
-0.2639996634673367,-0.3695157099802735
-0.2675725260106106,-0.3450712140585243
-0.27090137940944287,-0.3207142148584118
-0.2741867740294402,-0.336346207047109
-0.27762793182829854,-0.3518666839549986
-0.2812237326798605,-0.367274653605735
-0.28497304661904105,-0.3825691401930275
-0.28887473400361263,-0.3977491840973279
-0.2929276456761492,-0.4128138419008207
-0.2969309577094446,-0.3878626849423887
-0.3006851852311362,-0.36299728325659786
-0.3041911960727711,-0.33821968945073794
-0.30744987849707944,-0.31353193713587746
-0.310661806424136,-0.32883554227708944
-0.31382656016070626,-0.30413051770208527
-0.3169443917999602,-0.3194178745165962
-0.32021455728730447,-0.3345971235205415
-0.3236359706568524,-0.34966728978008854
-0.3272075362720814,-0.364627414104866
-0.3309281489833545,-0.37947655306512174
-0.3347966942856057,-0.3942137790072233
-0.33861238305950503,-0.3689386786091737
-0.3423754308085009,-0.3836523382785197
-0.3460853922245646,-0.3583548426443187
-0.349542829086893,-0.33314777304913035
-0.35274865598906013,-0.30803319288593195
-0.35590347347774115,-0.32291264748903636
-0.3590068887779273,-0.2977861786418546
-0.36205918118850017,-0.31265482599145156
-0.36505996872724955,-0.28751862700560027
-0.36780987602560217,-0.26247911547147695
-0.3705095454685319,-0.27743780829761916
-0.37315862583369674,-0.25239471856752127
-0.3757574376842927,-0.26735085695842076
-0.37830564001139394,-0.24230623170258797
-0.3806038981260457,-0.21736234709026267
-0.38265322937991497,-0.19252118881752495
-0.3846543362976238,-0.20768422388817792
-0.3868065927123496,-0.22275091659081744
-0.38910903007614717,-0.23772024453866572
-0.3915606696912372,-0.2525912001562142
-0.39416052285825326,-0.2673627907058573
-0.39670792560808055,-0.2421345368545796
-0.39920321792968405,-0.2569074580830729
-0.40164607832675064,-0.23168157118894603
-0.40383719170740245,-0.20655838878999472
-0.4059772605191382,-0.2214394061307611
-0.40826565879971355,-0.23622411559909065
-0.41070141848603803,-0.2509115227638688
-0.4130838962273502,-0.22560114640125783
-0.4154134526110786,-0.2402940039049862
-0.41768978671752804,-0.21499010979074526
-0.4197136040076499,-0.18979097420065882
-0.4216856274560514,-0.20459808971105606
-0.4238052515999573,-0.21931094585025485
-0.42607152884619925,-0.23392854513753777
-0.4284835016991636,-0.24844990456897473
-0.430840537489023,-0.22297455418494047
-0.433143007595966,-0.23750352248009304
-0.43559028741991584,-0.25193633636581103
-0.4381814106042495,-0.2662720357470182
-0.44071573584708557,-0.2406101735459306
-0.4429939607085663,-0.2150522996515541
-0.4452168006593545,-0.22949994626569029
-0.44758364312836396,-0.2438526424173729
-0.4498938683918186,-0.21820992854019247
-0.45214786087898295,-0.23257284334053327
-0.45434534372339885,-0.20694142230156376
-0.45628704664720193,-0.1814171961873362
-0.45797405167400734,-0.15600217639189265
-0.45960712625349104,-0.17059785484245385
-0.46138570938925155,-0.18510371997786584
-0.4633088979414075,-0.1995187727898809
-0.4651761134335096,-0.1739425268529839
-0.46698778127217416,-0.18837599373831537
-0.46894333071224525,-0.20271868298007925
-0.4708421836593308,-0.17707011519803012
-0.47268476597236075,-0.19143130896927776
-0.47447084201168754,-0.16580227933585867
-0.4760011825203016,-0.14028453631243004
-0.4772769103336527,-0.11488007023898297
-0.4784988335012027,-0.12949035168765108
-0.47986643141129504,-0.14401484744478854
-0.48117917567412993,-0.11855303509756089
-0.48223787600483725,-0.09320638845312874
-0.4830436938478956,-0.06797686143763436
-0.48379747549664476,-0.08276588800767168
-0.48469873821616183,-0.09747289813702276
-0.48554699112428906,-0.07219733240790324
-0.48614308107280646,-0.04704062743479687
-0.48668787168666316,-0.061904201226421554
-0.48738089740260243,-0.07668746771613778
-0.48822134976594095,-0.09138935281358906
-0.48900874423176643,-0.06610929444489363
-0.48974359937896045,-0.08084822797693762
-0.4906254368698537,-0.0955055861941566
-0.4914537702473586,-0.07018081243139944
-0.49202945081556143,-0.04497534599777756
-0.4923536812617076,-0.019891106080318265
-0.49242768335666004,0.005070009798231037
-0.49225269773784824,0.02990612586062889
-0.49182998369141784,0.05461538815379164
-0.49116081893360636,0.07919596462487602
-0.49024649939137127,0.10364604519479777
-0.4892880043989619,0.08806434037085835
-0.48848498281471464,0.07255156524252185
-0.4878367393128411,0.0571089234143768
-0.48714290117978876,0.08163710695057458
-0.4864040975235799,0.06613531093519559
-0.48581995922893656,0.050704233480157436
-0.4853897731667025,0.03534506111873957
-0.4851128144077966,0.02005896729385879
-0.48498834635437665,0.004847112306307234
-0.4850156208715131,-0.010289356735440496
-0.4851938784193564,-0.025349305963853985
-0.4855223481857832,-0.04033161479941034
-0.4858005828028385,-0.015335674537763955
-0.48602913755937227,-0.030362373779395747
-0.48620790494269556,-0.0054115969534043185
-0.4863374479301807,-0.020484224299735503
-0.48641766661388197,0.004419868147624247
-0.48644913149179525,-0.01070019142259155
-0.48643175009214784,0.014155729416869052
-0.48616643484767097,0.03888626880586396
-0.4858541142153263,0.023590083767614612
-0.48549472129553245,0.04826733712776201
-0.48488919378871514,0.0728166975265051
-0.4842384851140323,0.05733685258580746
-0.4837422184443006,0.041928494366576974
-0.48339967299920145,0.026592803304639152
-0.4832101162596946,0.011330946699852492
-0.48317280409963403,-0.003855921334813295
-0.48328698091788463,-0.018966659922629685
-0.483551879770925,-0.0340001414708953
-0.4839667225059201,-0.048955251717158435
-0.48433105447758174,-0.023931388315546063
-0.4846454237612149,-0.038929446265572265
-0.48490971569477515,-0.01394931643508884
-0.4851244861708621,-0.028991885541674457
-0.4854892936783913,-0.043956537593321354
-0.48580368809848257,-0.018942667026798688
-0.48586855658386374,0.005948335863013989
-0.48588480259638794,-0.009184900444328396
-0.4858523345273323,0.015657758227610123
-0.4855720656549868,0.04037495176766903
-0.4852449252643839,0.025065338947675455
-0.4848708472665294,0.04972908434132764
-0.48445043557162587,0.034365356877828365
-0.4839836307120586,0.05897432985295725
-0.4832713777154107,0.083454682398443
-0.48251463722298,0.06790511264801688
-0.48191303952450915,0.05242632319344294
-0.4812662054345394,0.07691900647767895
-0.48057475758573137,0.06138235789714707
-0.4800383203846532,0.04591707580994239
-0.47965617422186235,0.030524346929662986
-0.4792279222698496,0.055104846272329214
-0.47875416969393736,0.03965775171923419
-0.47823485819227185,0.06418324548567272
-0.4774709338691681,0.08858001558958624
-0.4766633583539632,0.072946769016896
-0.47601176283609004,0.05738421717681998
-0.4753157689417825,0.08179306129432759
-0.4745760000277537,0.06617250551171103
-0.4739920811373491,0.05062325689610172
-0.47356329321100027,0.03514651083261534
-0.4730892398845474,0.05964295097059326
-0.4723708612838559,0.08401126524411576
-0.4714094476442817,0.10824966195436435
-0.4704059724254159,0.0924568698395454
-0.46936041301271186,0.11663312352792668
-0.46827341608986434,0.10077766208404303
-0.46734462967769086,0.08499122755403654
-0.4663736919273702,0.10917455181336265
-0.46536124241400073,0.09332686966523651
-0.46430725667599815,0.11744842030337228
-0.4632123795045717,0.10153844731632945
-0.46207659156635494,0.12559719869094169
-0.46090054269280856,0.10962392681574722
-0.45988388391945395,0.09371938702517242
-0.45902592169614076,0.07788482298775716
-0.45812628468523287,0.1020209666474996
-0.456985937556137,0.12602655423949594
-0.4558058600213952,0.11000034090911974
-0.45478570087235837,0.09404308616282286
-0.45372509885653545,0.11805553925610268
-0.452425028555295,0.14193645374894856
-0.4510864794198324,0.12578460212322617
-0.44970944439006966,0.14960026269002463
-0.44809491985099614,0.17328221959014145
-0.4464439167512999,0.15692927594969258
-0.44495611463831664,0.14064223932575287
-0.44363084795137275,0.12442240563084855
-0.44226777281978447,0.1481705590689842
-0.4408675462739195,0.13188598668765628
-0.439629826202128,0.11566947837746827
-0.4383542601453861,0.13942181371575482
-0.43704149659230074,0.12314227506098112
-0.4358911849366601,0.10693164755313653
-0.4347029642726893,0.13069070595814
-0.4332778092739922,0.15431822922135585
-0.4316170438141123,0.177812516541403
-0.4297220086657922,0.2011718888899127
-0.4275940612829464,0.22439468907041749
-0.42543424099872534,0.20757978031643554
-0.42344225514394634,0.19082803027279313
-0.42161746534066274,0.17414079491422138
-0.4197595543004478,0.19741891847551948
-0.4178692050357997,0.18066174799773693
-0.4159464354008073,0.20386963478032322
-0.4139919313819999,0.18704193437495037
-0.41220537913912353,0.17027950512015166
-0.41038645380037925,0.19348319497839878
-0.4083361653414219,0.21655185608232627
-0.4062555376227166,0.19958435934295332
-0.40414459700991895,0.2225810813479282
-0.4020040377484536,0.205541402894638
-0.4000335540047266,0.18856620752254077
-0.3982324940784902,0.17165686688961926
-0.3964005272032429,0.19471424070203383
-0.3943386573430896,0.21763719271815166
-0.39224790223128003,0.2005246053561972
-0.39012828199177746,0.2233768665919399
-0.3879804845150307,0.2061933684912619
-0.3860041975003853,0.18907500574196293
-0.38399909725298575,0.2119226624880343
-0.38196585998113214,0.19473572541477757
-0.37990449633960827,0.21751458519832115
-0.37761601930655386,0.2401581379551829
-0.37510178988936843,0.26266479984698565
-0.3725628502427722,0.24513350713125281
-0.370198909790606,0.22766520013711292
-0.36780966610615884,0.2501608086366737
-0.3653958162096787,0.2326197649256554
-0.36295739111190034,0.2550425052684456
-0.360295423691161,0.27732797134322534
-0.3574112943995927,0.2994746248422725
-0.3543063989648479,0.32148094897670343
-0.35118181359135636,0.3034459470621132
-0.34803761566540636,0.3253701279458817
-0.3448745491312341,0.30725300452781307
-0.34169269111720457,0.32909509373840856
-0.33849278522901544,0.31089591651730325
-0.3354745735929804,0.29275649633261985
-0.3324377856539277,0.3145778460028627
-0.3291834840570096,0.3362589822280625
-0.32591274368802037,0.3178989401830219
-0.32282530571355356,0.2995987589423558
-0.3199205638797591,0.28135996538453917
-0.3171978967326263,0.26318407264931276
-0.31445700233911844,0.2849720815136038
-0.3114989120882021,0.3066229963835332
-0.30852466973367626,0.2882358398901461
-0.30553432002014913,0.30981113977528285
-0.30232890864666967,0.33124792887076643
-0.29890982797619525,0.3525447596912285
-0.29527848474066776,0.37370020593144393
-0.291436299829027,0.3947128625029677
-0.2873847080748694,0.4155813455684729
-0.28312515804377436,0.43630429257379744
-0.27885877723698893,0.4169808608193747
-0.27458569279907863,0.4376117128734261
-0.2703066968967269,0.4181965150785836
-0.2662215787644323,0.3988364360579101
-0.2621301135049543,0.4194326335235516
-0.2578334079738011,0.439884268794732
-0.25333291440569106,0.46019002283627547
-0.24882976353673023,0.4404490962849801
-0.24432408531390695,0.4606621948593988
-0.23961700885910173,0.48072852932141874
-0.2349096735957759,0.46074732859323797
-0.2302022178756959,0.4807193266229809
-0.22549544436018112,0.46064426088540716
-0.22078948665164158,0.4805228723404055
-0.21588547717566914,0.5002544068501381
-0.21078489289248398,0.519837629751553
-0.20548922300419187,0.5392713273335273
-0.19999996874518028,0.5585543068534361
-0.19451830858902613,0.5377858950932138
-0.18924408437619034,0.5170674222989541
-0.18417678761726555,0.49640070605808584
-0.17911622630135166,0.5156870511884216
-0.17406320411796192,0.49492626424353214
-0.16901785500859637,0.5141191549243991
-0.16378131105223614,0.5331650374913868
-0.15855471359691112,0.5121632438733085
-0.1535378673080488,0.49121510906688737
-0.14873022647567719,0.470322455015435
-0.14413122724340666,0.44948708904110046
-0.13974028775518008,0.42871080373751413
-0.13535714288641976,0.44789487832276925
-0.13098252347196493,0.42703909315037253
-0.12661649086362067,0.44614423112650414
-0.12225977023823797,0.4252100776692953
-0.11791241723939708,0.4442374206676008
-0.11337548586964089,0.46312555189852145
-0.10865037421205945,0.48187328160039383
-0.10373849214767991,0.5004794399505099
-0.09864126115598901,0.5189428770823604
-0.0935597795319602,0.4973629616424679
-0.08849414310719234,0.5157405661891892
-0.08324544522567319,0.5339750671434873
-0.07781512246566191,0.552065359353606
-0.0724042877741266,0.5301108561061854
-0.06701305118864978,0.5481124745209834
-0.061442519813999355,0.5659696354975959
-0.055893808961525585,0.5437817768177732
-0.05056669620540611,0.521650338538244
-0.04546060769781093,0.4995772468628696
-0.040574950405910984,0.47756441256847937
-0.03590911226671852,0.45561373089121515
-0.03126279692638679,0.4736265828733245
-0.026437037559694926,0.4915023513263692
-0.02143321051495146,0.50923993685682
-0.016452368454742735,0.4869387578797514
-0.01169422650078986,0.4647002345578594
-0.007158148554364185,0.4425262726782302
-0.002643814121833469,0.4603182635411533
0.0018481024462596828,0.43807609846543455
0.006117931969785752,0.4159011687418247
0.01016635619877769,0.39379535097264107
0.0139940755681122,0.3717605055067191
0.01760180903445059,0.34979847633490785
0.021189959328812045,0.3678105924460521
0.024757933712387003,0.3457966823410897
0.028305809402771498,0.3637575754536059
0.03183300024970378,0.3416931021125494
0.03513992466056632,0.31970459204625457
0.03822735135445459,0.29779385973105943
0.04129573252793439,0.3158622042935985
0.044544190024068495,0.3338089254879469
0.04797150167616428,0.3516328397351946
0.05137676815581644,0.3294332801511649
0.054760092233648305,0.347211081957829
0.05832057878555498,0.3648655824468086
0.062056989052955466,0.3823956355568959
0.06576840749061871,0.3599006118981281
0.06945492102715187,0.3773813841595799
0.07331561907095434,0.39473732706926323
0.07734924777014485,0.41196733196806673
0.08135487686002668,0.3891708068302703
0.0851329135065131,0.3664491602094656
0.08888378139073025,0.383703786580643
0.09280657479281261,0.4008340808503679
0.09690004493364933,0.41783895438784074
0.10096326682084085,0.3948178350441633
0.10479665309060321,0.3718721510970321
0.10840096767417112,0.3490038151332861
0.11197665895912863,0.36611422394360166
0.11572284595393353,0.38310277449212143
0.11963830462708805,0.39996837994859646
0.12352213475053062,0.37681046970875476
0.12717477373898659,0.35373047334011715
0.13079667573049564,0.3706298059240202
0.13438730024946452,0.34750838110743687
0.13774711220675123,0.3244676110614243
0.14087692764496135,0.30150939182588377
0.14397724689539496,0.3185351032081023
0.14704757532155915,0.2955446232979192
0.15008808873311286,0.3125388298894658
0.15309830004932626,0.28951760044518415
0.1558787272123193,0.2665823106012676
0.15843023892888167,0.24373481951781245
0.16095338782399732,0.26087646978275886
0.16344773118098854,0.2380071019324632
0.16571383093547984,0.215228054420517
0.16775259941467763,0.19254114897288704
0.16976463248840443,0.20984769049684454
0.17194919572346917,0.22704698306485935
0.17430521071282673,0.2441378459610366
0.17663192190910154,0.22121961371580798
0.17892957587088018,0.23829312152442947
0.18139742125457714,0.255257705217675
0.18403436306038207,0.27211221584665507
0.18663962946585436,0.24895601971429585
0.18901378565558793,0.22589048233230685
0.1911577474754978,0.20291745231606345
0.19327211458215796,0.21993826129169536
0.19555615659545708,0.23685223987816617
0.19800879942602542,0.25365823373192176
0.20062895752367477,0.27035510503815263
0.203215868626176,0.24704223108351997
0.20557010758741873,0.2238209882127774
0.2076926000301893,0.2006932357233245
0.20978395549399684,0.217560315771983
0.21204345358621418,0.2343215693567806
0.21447003030798703,0.25097585236132036
0.21706261030115362,0.2675220370457806
0.21962044159549926,0.24405951061939468
0.22194410943539067,0.2206896591968435
0.2242342153476931,0.23731385315092887
0.2266900312089864,0.25383146163344983
0.22911082015417286,0.23034186715874064
0.23129718248515116,0.2069464510195612
0.23344973473746877,0.22354657864088506
0.2357677637462847,0.24004161410189734
0.2382502129704016,0.25643043617899414
0.24089601473729524,0.27271193983543857
0.2435044249884652,0.2489855347925221
0.2460757025208192,0.2652521309429975
0.24860944355691356,0.24151163685844848
0.250906249648306,0.21786545829656262
0.2531667388241753,0.23421498501153737
0.2553905342392514,0.21056010381599463
0.25737826415887843,0.1870021985496225
0.2593305731060588,0.20344263689256104
0.2612471105078375,0.179881283430297
0.2629285306788495,0.1564194996252862
0.264375838550211,0.13305912917498675
0.265590057393528,0.10980199646543726
0.26677189404401846,0.1265494079439246
0.26812072504370943,0.1432006681083106
0.2694359175428109,0.1198550941006523
0.27051817520125665,0.09661400113319593
0.27156821724832547,0.11337868785228886
0.2727854325416728,0.1300484508705203
0.2741688658845345,0.14662210081988206
0.27571755026402855,0.1630984638516023
0.277230841589881,0.13957688021750067
0.2785094325126199,0.1161586882352965
0.2795543660664751,0.09284570819190384
0.2803667033907471,0.06963974080067066
0.28114718895032603,0.08644206857771536
0.2818955712596556,0.06325247037659647
0.2824126028606578,0.040172221371319206
0.28289905146278294,0.05710257988408493
0.28335468858254326,0.03404330046454687
0.28358028952035275,0.011095633875789563
0.28357697908285506,-0.011738687533286354
0.283345899300512,-0.03445795136004103
0.2830878746444489,-0.017160963761091164
0.2828027327468515,-0.03984803490698955
0.282490969792097,-0.02251847753025264
0.28235208257436883,-0.0052731054727005
0.2823852227262742,0.011886780922993875
0.2823898635353448,-0.010939605131530424
0.2821668137568454,-0.033651052889617276
0.2819168966681082,-0.016346368692592154
0.28183960412240977,0.0008736385754550789
0.2819340828611494,0.01800767355389273
0.2819998013305905,-0.004845045539905939
0.2820372289115694,0.012316198527858098
0.2820461704783104,-0.010508879460242062
0.2820270997072694,0.00668043281771314
0.2821794911357473,0.02378334667264528
0.28250247439147486,0.04079858700992939
0.282795501010052,0.0178253923815651
0.2828593582486644,-0.005035001036106466
0.28289484814129634,0.012118625931616552
0.28290177613678913,-0.01071401145829523
0.28268095107425256,-0.03343170187597952
0.28223353090401043,-0.056032752541663094
0.28176035582051984,-0.03861598929478059
0.2814609343988464,-0.021282240588058367
0.28113476448948255,-0.043932322877321565
0.28078234453016515,-0.02656555372061191
0.28040350810352427,-0.04918225324177719
0.27999875724480144,-0.03178174413584553
0.2795679290827111,-0.054364351673658926
0.2789118637303949,-0.07682890516501756
0.2782314154219385,-0.05927425111871555
0.27772610656516117,-0.04180123869276342
0.27739511405275236,-0.024411203623617275
0.2770379360780168,-0.04700496816709629
0.2764554059469656,-0.06948135711377246
0.2758483711319724,-0.05193921240807639
0.2752166819083442,-0.07437888005753351
0.27456085674497965,-0.05679970867697169
0.27408041436154995,-0.03930254803205581
0.27357486254005287,-0.06178823588537992
0.2730447094367024,-0.04425611109349044
0.2724897981396708,-0.06670651506839234
0.2717109745602538,-0.08903829323918486
0.2709090985696139,-0.07135030821059843
0.27028369805181074,-0.05374342521172808
0.2698339552151938,-0.036218996023783506
0.26955903882508486,-0.018778357461204084
0.2694581043537403,-0.0014228313129592655
0.26933062871422536,-0.02405322574397385
0.26917708949059554,-0.0066688498543052005
0.26899729949720785,-0.029270015144409738
0.268592074671418,-0.05175553698053566
0.2679625797951511,-0.0741237492153466
0.2671099962118026,-0.09637300571303477
0.26623518704246574,-0.07860217895538098
0.26533801790577977,-0.10081164548952747
0.26421935689191417,-0.12290028592746119
0.26288042028218644,-0.1448664995591365
0.26132244026408497,-0.16670870587010544
0.25954666472902643,-0.18842534459844762
0.2577540224862222,-0.17011537433106225
0.25614410939692944,-0.15187975648336546
0.2545165092671889,-0.17361944067476093
0.2526721397410383,-0.19523337927180598
0.25061226593544694,-0.21672004345186585
0.24833816815404922,-0.23807792471291073
0.24605080710035793,-0.21940603346430543
0.243949810011417,-0.20080538300102524
0.24203445696666226,-0.18227747341533346
0.24010434770156533,-0.20372329152021304
0.23816008083446502,-0.18514232538900416
0.23640125383939062,-0.16663556434286278
0.2348271172733848,-0.14820448432411523
0.23343690700855899,-0.12985054636464366
0.23222984438155614,-0.11157519651451495
0.23120513634371806,-0.09337986577245985
0.23016231019527203,-0.11516547147653376
0.22910189281593193,-0.09693143185258656
0.2280237452247364,-0.11867816746887996
0.2267287304733788,-0.14030460269089004
0.22521805936851638,-0.16180918029140023
0.22369262360618145,-0.14329086150681095
0.22235198190987618,-0.12485061001849367
0.22119534634380417,-0.10648987587161515
0.22002224913081342,-0.12810959540572328
0.2188332218834553,-0.10970920580154572
0.21782779558096382,-0.09138964507561567
0.21680548938399616,-0.11305183891913224
0.21556715653311417,-0.13459471524615343
0.21411399798893666,-0.15601672026230437
0.2124472301510401,-0.17731631997965502
0.21076775007628787,-0.15859249881261647
0.2092751216175478,-0.13994624355728869
0.20796856173756662,-0.12137902730829458
0.20684727274424214,-0.10289230792905897
0.20571077702661741,-0.12438702944068647
0.20435993087064053,-0.14576213802700913
0.20279593809992577,-0.16701609810177215
0.20121968321194514,-0.1482478923636695
0.1996310521012495,-0.1694580072347817
0.19783093203691923,-0.19054543285080464
0.19582055738573986,-0.21150867766499923
0.19360117733087476,-0.23234626995673013
0.19137372109002915,-0.21315725642105296
0.18913811863739916,-0.23394218760011623
0.18689496609658704,-0.21470061640804405
0.18484385780023127,-0.1955335966552657
0.18298404052086814,-0.1764426684171905
0.181314745706572,-0.15742935649797254
0.1796355242173825,-0.1783946718129113
0.17774726014156186,-0.19923762738705852
0.17565118443691793,-0.21995675441600088
0.17354820806762125,-0.2006511023145302
0.171637908144782,-0.18142172269042092
0.16971984882557234,-0.20216965471407378
0.1675949272128822,-0.22279393965594813
0.16526438699675297,-0.24329313694457536
0.16272948617466654,-0.26366582567080854
0.16019116227136834,-0.24401110317315788
0.15784901847918464,-0.22443006900664592
0.1555026445569339,-0.24482381030755102
0.1529529627294208,-0.26509141632596234
0.15040090674542334,-0.24533199302060535
0.1480460759355032,-0.22564664848562987
0.14588772152839705,-0.2060369768565731
0.14392507888891415,-0.18650455676984712
0.14215736767333012,-0.16705095128257275
0.14058379198557253,-0.1476777077943673
0.13900387511751217,-0.1682858594294177
0.13741813878575437,-0.1488749395764667
0.13582643769775135,-0.16944548333505127
0.13402962745148997,-0.1898965289620309
0.13222857568090735,-0.17032713101517807
0.1304231507010759,-0.1907378472454605
0.12841422149097825,-0.21102773858279938
0.1264026688387183,-0.1912958822772905
0.1245880394031923,-0.1716433573307934
0.12276986661762587,-0.19197122986604315
0.12094868201031657,-0.17227906620526423
0.11932401518807838,-0.15266793285511474
0.11789504807421065,-0.13313938187764535
0.11646128173455597,-0.1535944508147409
0.11502321561673487,-0.13403267722888682
0.11358068211869385,-0.15445460015020776
0.11193451449082051,-0.17475926152381654
0.11008589256711168,-0.1949452208125788
0.10823567590851622,-0.1751115550462195
0.10638372453336636,-0.19525884425393247
0.10433089890209608,-0.2152861714488829
0.10227807106440837,-0.1952926357681979
0.10042477872291422,-0.17537933790335117
0.09877021155531664,-0.1555478640097626
0.09711387804139765,-0.175699285628295
0.09525661928654493,-0.19573267568143343
0.09319962267036785,-0.21564662453172428
0.09094408957416406,-0.23543974148652058
0.08869090060791508,-0.21521115338388186
0.08663960175776986,-0.19506198856206264
0.08478939070878264,-0.17499386076662415
0.08293978367247878,-0.1949078690694617
0.08089162921098474,-0.2147031138625323
0.07884578730293855,-0.1944787114555277
0.076802117992528,-0.2142352809639079
0.07476114679282739,-0.19397244283213738
0.0727227313391985,-0.21369081881481367
0.07048772929301815,-0.23328953341655004
0.06805734407453314,-0.2527672284873277
0.06543279259129708,-0.27212256472257734
0.06281497046618284,-0.2514547202444488
0.0602037727692622,-0.2707643760250358
0.05759975942073291,-0.25005121440322137
0.05500282184397358,-0.26931591905944446
0.05221385086898874,-0.2884576764492486
0.049433747881711135,-0.26757568893399597
0.04686207888986829,-0.24677116020204382
0.04429839543081909,-0.2659452806275369
0.04174324589669827,-0.24509774033879753
0.039196510105698176,-0.26422923065147447
0.036658732623722774,-0.24333944404376628
0.03432945483615159,-0.22252957267286144
0.03220786919091319,-0.20180129373588448
0.03009348602974725,-0.22105576938442634
0.027986812832742083,-0.2002926612555012
0.02608735420894973,-0.17961313045054467
0.024394266141584266,-0.15901882290052805
0.022906688238033723,-0.13851136782632334
0.021623743897358647,-0.11809237765953112
0.02054454047857206,-0.09776344796537807
0.01946850405301343,-0.11742565882601465
0.018396058653209778,-0.09707858938184066
0.017526626267710683,-0.07682331782086303
0.016859281090403008,-0.056661406754159364
0.01619341635786907,-0.0764939031449148
0.015329758183208614,-0.09621985431220653
0.014269379214873892,-0.11583782399711287
0.013213031790944855,-0.09544689241685814
0.012360134097108741,-0.07514814024421096
0.011510091083128036,-0.0948426339828943
0.010663305796450206,-0.07452993905259477
0.01001917937845519,-0.05431111978039854
0.009576765315161778,-0.03418772477833701
0.009135436275956612,-0.0540607868745088
0.008495897948766134,-0.07382933911895281
0.007659202700220715,-0.09349193085184873
0.006826082731237995,-0.073147627759756
0.005996270819622976,-0.09279699731544214
0.005170165733549288,-0.07243960731135535
0.004347498895001969,-0.09207602585103909
0.003329002293443786,-0.11160532279934929
0.0023154196451720182,-0.0911265829298546
0.001506160469072632,-0.07074089136271486
0.0009002864208439489,-0.05044981748185762
0.0002971781319472741,-0.07015441486413382
-0.0005024509549799513,-0.08975373728323652
-0.0012978755090326385,-0.06934685331762618
-0.0018897042342550954,-0.04903483179054294
-0.0022788935344099093,-0.028819225689316504
-0.0026660806730412013,-0.048601072096654596
-0.003050904520430014,-0.028379906738360133
-0.003234005554639751,-0.008256763979090143
-0.0032163716081459806,0.011766837795770584
-0.0029990056098202432,0.031689397702987815
-0.0025829254095947256,0.05150943242389805
-0.0021688290191797166,0.0313259748064319
-0.0019560807731073657,0.01124005785078147
-0.0017440322482011317,0.031152700091078282
-0.0015330336001243361,0.011063418686668866
-0.001522433562503812,-0.008926770580185161
-0.0017112337004498205,-0.028816367920500362
-0.0018987552520360021,-0.008704389601191631
-0.0018856529661596942,0.011308148067054415
-0.001672928765331945,0.031219744804228938
-0.0014612649038242506,0.011129416423483501
-0.001250344712769652,0.031037680277196195
-0.0008408525994159871,0.050843555255008874
-0.00023381979202547983,0.07054557639576299
0.0005697079198098313,0.0901422964042014
0.0015686703621101052,0.10963228570722643
0.0025623277373353803,0.08911463104977614
0.0033512744648255643,0.06869041947436025
0.0039364528460868265,0.04836122223828925
0.004518486225351585,0.06802809474288754
0.0050969997370099,0.04769059107914075
0.005672285723776912,0.06734926547972384
0.006243970404676936,0.04700367231311339
0.006812347209773166,0.06665436607725844
0.007377043448029768,0.04630090139372717
0.007938353641919938,0.06594383300141327
0.008695571611833375,0.0854822172090526
0.009447979314816324,0.06501512504493065
0.009996192766937338,0.0446436276970756
0.010540841123873388,0.0642687818910897
0.011281220761045178,0.08378964443593051
0.01221628161205873,0.10320478829043266
0.013145294011711125,0.0826133026178904
0.014068527951963007,0.10201577822425206
0.015185253083680376,0.12131130754831437
0.01629472755598508,0.1005989978075118
0.0173972093558586,0.11987945789253834
0.0186919563101801,0.13905179835558534
0.020177880342020324,0.15811464601251443
0.021853879731422218,0.17706664544983364
0.02371883929334192,0.1959064590712679
0.025771630556045408,0.21463276714232
0.02801111193994073,0.23324426783282742
0.03023646352015915,0.21184017579918799
0.03224820086861232,0.19052170615029587
0.03404718872076016,0.1692905583512236
0.035833974137517106,0.18804791613894142
0.03760810725389509,0.16679346205452525
0.039369806698248445,0.1855278788818012
0.04111862626120197,0.16425084962813097
0.04285478823119153,0.1829630575048133
0.04477751547967138,0.20156368736635358
0.04668602030052188,0.18015193884698316
0.048580515749617956,0.19872851324605706
0.0506602156467399,0.21719261350711472
0.052923988831648436,0.23554295881092324
0.05537069142455548,0.25377828607337205
0.05779950158699801,0.23199784852467747
0.060010933362157945,0.21030289967233004
0.062005850339863,0.18869517720182022
0.06378513340002982,0.1671764014311006
0.06534968053856191,0.1457482752256058
0.06670040669240854,0.12441248391543709
0.06803790898047307,0.14307019667304272
0.06936178744797833,0.12172108104902113
0.0706723104814701,0.14036580441438512
0.07196908147353998,0.11900403394499112
0.07325237215419736,0.13763643660560806
0.074721454671945,0.15616218059287754
0.07637525584575859,0.1745799499338795
0.0782126894215172,0.19288844598956245
0.08003299082889243,0.17118688603949558
0.08183639643440563,0.1894759887087094
0.08382214354014139,0.2076549739466225
0.08578945921995745,0.18582307616165003
0.08753890623916986,0.1640815296463993
0.08907139671564235,0.14243205248227242
0.09038785985935689,0.12087634499782524
0.09148924179447813,0.09941608968770294
0.09237650538061802,0.07805295113375887
0.09325029544998925,0.096688077386687
0.09430992496472215,0.11522061596412822
0.09535469593244555,0.09374972845288512
0.09618524532211967,0.07237657594332556
0.0968025587213652,0.05110280294318573
0.0974073034890323,0.06982953730345383
0.09799914949460807,0.04855640476078435
0.09837876911166162,0.02738452892805615
0.09854718295682201,0.006315516671147284
0.09850542762405971,-0.014649043418940199
0.09825455550159946,-0.03550758109339519
0.09779563458817077,-0.05625854451074716
0.09732941372528447,-0.03700089884152134
0.09685564333314306,-0.05773511171477376
0.0961750754006989,-0.07836015321650328
0.09548847463802225,-0.05897500904353534
0.09499527254500227,-0.039680665947781496
0.0946945537384543,-0.02047859565969444
0.09438572278389175,-0.041269754823599666
0.09386951802369933,-0.06195310100768746
0.09314702523025775,-0.08252710877624185
0.09221934533778103,-0.1029902712081508
0.09108759425687886,-0.12334109995487898
0.08975290268854988,-0.14357812529629882
0.08841608135429402,-0.12380039473605159
0.08727660714661811,-0.10410895698048007
0.08633360945470159,-0.08450534585516753
0.08558620241146259,-0.06499107877504029
0.08503348505801372,-0.04556765667485473
0.08447487609213641,-0.06613606540000821
0.08371112769650087,-0.08659529171363436
0.08294300460853317,-0.06704433790761705
0.08236993818994333,-0.04758420724560394
0.08179134733800522,-0.06811588934356341
0.08120764981392727,-0.04863887325986294
0.08081826223381054,-0.029254147491696574
0.08062225431401626,-0.009963185357543935
0.0806186811211738,0.00923255652520549
0.08060691782283658,-0.011567863156081049
0.08058733893449511,0.007636115036442095
0.08075931831243498,0.02674355128887206
0.081121883400946,0.045753021147309246
0.08167404748411439,0.06466311703445465
0.08241480985487143,0.08347244830584273
0.08334315598459488,0.10217964130410473
0.084458057693243,0.12078333941126694
0.08555880790333517,0.09938270164075512
0.08644603447350656,0.07807888661314616
0.08712071385687171,0.05687353646970089
0.0875838388379586,0.03576827533963509
0.08803608376889219,0.05466421072628211
0.08867679072578664,0.07346044950971621
0.08950495584011343,0.09215561401180411
0.0903198961346191,0.07084884204939512
0.09112192877219645,0.08954077237120094
0.09211037105051209,0.10813054464675284
0.09308452923423086,0.08671731261103104
0.09404470988748215,0.10530173095800334
0.09499055445208354,0.0838834538695233
0.09572270715909097,0.06256363354394272
0.09624216076916157,0.04134390556933553
0.09654992430818475,0.020225887392075637
0.0968466883021756,0.039110679704312784
0.09713214551572377,0.01799788098958211
0.09740665636117826,0.0368880889748843
0.09766991555764995,0.01578090062493921
0.09792228545676153,0.03467691213608695
0.0981634627015326,0.013575718930753308
0.09819414613534772,-0.0074215858067707245
0.0980153825398087,-0.028313425749948513
0.0976282343679266,-0.049098242954274264
0.09723344497664764,-0.029874996462663273
0.09703042477967223,-0.010744646294387362
0.09681857215866761,-0.031608138829922486
0.09639861937486158,-0.052364421363628934
0.09577164622226163,-0.07301195817705487
0.09493874775957604,-0.09354923205851665
0.09390103412484922,-0.11397474436213716
0.09265963034951734,-0.13428701506473775
0.09121567617190585,-0.1544845828205889
0.08976999126685681,-0.13466650355569132
0.08852206139576028,-0.1149338344456293
0.08727135931508995,-0.13518761928936435
0.08581869068543029,-0.15532690305089034
0.0843648731389059,-0.1354507464632086
0.08290972492967545,-0.155559712922647
0.0812540649219949,-0.17555286847669788
0.07939905832402928,-0.19542879642569427
0.07734588441718332,-0.21518609882919326
0.07509573636827797,-0.23482339655185785
0.07264982104127876,-0.25433932930723435
0.07000935880859681,-0.27373255569943117
0.06737524877865018,-0.25310225180437207
0.06474738952729275,-0.2724490965930001
0.061926679083623905,-0.29167227190643147
0.059114026078340216,-0.2708709755866557
0.05630933839198495,-0.2900459083560217
0.05351318855758155,-0.26919677233196176
0.05072548041341615,-0.2883242709996438
0.0479467824228981,-0.26742810918508064
0.0453766597445515,-0.24660949156944928
0.042814663056670935,-0.2657696095062426
0.040261339882600854,-0.24490815408962865
0.037916234578819166,-0.2241263161292371
0.035778542577646254,-0.2034257715110583
0.033647777218143035,-0.22270768111192257
0.03132478357361836,-0.24187120678873608
0.02901041752096164,-0.22101552597171853
0.02690419980981375,-0.20024181708972438
0.024805636973666445,-0.21945124493319312
0.02271523265822802,-0.19864347372670785
0.02083248761255121,-0.17791966710799118
0.019156553934744334,-0.15728147349302218
0.017686567322495933,-0.13673052453640933
0.016221981824419352,-0.15616793651056465
0.01456358367125894,-0.17549282630124957
0.0127125049321917,-0.19470382746546064
0.010869556666651185,-0.1739000902773672
0.009034549663271116,-0.19308226715785282
0.007008294433146291,-0.21214951265604962
0.004991612365571406,-0.19120099658646128
0.002984324383613295,-0.21023739091491317
0.0009869163540023045,-0.18925836827978082
-0.0010007942528925135,-0.20826460197118626
-0.0029783250360759443,-0.18725576591069046
-0.004746196586874017,-0.1663330331722334
-0.006305278240617042,-0.14549806134761037
-0.007656455823512844,-0.12475249100722828
-0.009000296898704034,-0.14399744707968748
-0.010536036932467834,-0.16313205484775878
-0.0122625656353249,-0.18215495600672432
-0.013979093807630558,-0.1611653087107939
-0.015685832598051227,-0.18016377300314826
-0.017382328091062018,-0.15915000933966533
-0.018869129227718884,-0.13822517711229448
-0.020346798971857465,-0.15729042147530967
-0.02181490297575949,-0.1363453864228156
-0.023273674999773314,-0.15539071623105916
-0.024722683581654085,-0.13442605544285924
-0.025962499955886228,-0.11355254739329729
-0.026994043801789127,-0.0927718195799559
-0.027818250986860665,-0.0720854821284496
-0.028635738809352624,-0.09139462917679185
-0.029645792161036535,-0.11059835487616813
-0.030847349864926543,-0.129695269454083
-0.03223933693419945,-0.14868400072392524
-0.03362099933163438,-0.1276636926757997
-0.03499258322528121,-0.14663499090939094
-0.036353669573178385,-0.12559754116052382
-0.03750484204137373,-0.10465248782738525
-0.0386466981674005,-0.12370096079963813
-0.03997850343991634,-0.14264208999713449
-0.041499177636578004,-0.1614745214294095
-0.043207627083076905,-0.18019691870161098
-0.04490307941265791,-0.1589084616017123
-0.04658576282183087,-0.17760983152977494
-0.048255240655095545,-0.15630071002092527
-0.04971207932293389,-0.13508227726801084
-0.050957194048555206,-0.11395619748883362
-0.05219118202651603,-0.13282361884703725
-0.053413643168128404,-0.11168418798948967
-0.05462484551752188,-0.1305385514901085
-0.05602405733410713,-0.14928585729416616
-0.05741053592929034,-0.12802526785984658
-0.05858487358673203,-0.10685794559034885
-0.059747676640745755,-0.1256850382036908
-0.061098219554165965,-0.14440569327052483
-0.06263543125444282,-0.1630185742727569
-0.06435822739088909,-0.18152236210862302
-0.06606584509240206,-0.1600162536790714
-0.06755885680470305,-0.13860144585788295
-0.0688381839523298,-0.11727961939956447
-0.0701044300958092,-0.13595193885930568
-0.07135720167560958,-0.11461806712945091
-0.07259677342673745,-0.13327866688243234
-0.07402242045972715,-0.1518329020142024
-0.07543340709587254,-0.13037995078493675
-0.07682999820266154,-0.14892049270863647
-0.07841145919159495,-0.1673537085364132
-0.08017671027021207,-0.18567829485377643
-0.08212465869855441,-0.20389296558279105
-0.08405453354607528,-0.1820969505655634
-0.085966564944705,-0.2002909809898216
-0.087860318670893,-0.17847478790825486
-0.08973602947754765,-0.1966491022159111
-0.09159326775894633,-0.17481365462818008
-0.09323260746556367,-0.15306967420011372
-0.09465497184761971,-0.13141887369037164
-0.09586130119380337,-0.10986294802053581
-0.09705221806916597,-0.12830307565333904
-0.09842701347314427,-0.14663843458737705
-0.0999846331724802,-0.16486771841427228
-0.10172400995527846,-0.18298963782233407
-0.10344439838552497,-0.16110341918156348
-0.10494638863710959,-0.1393102885124354
-0.10643058556925489,-0.1575114568508255
-0.10789659738469905,-0.13570663332266994
-0.10914503562513812,-0.11399702512518614
-0.110176860912108,-0.09238432289433711
-0.11119271609974352,-0.1107697006260072
-0.11219224701432923,-0.0891528302137304
-0.11317576786450766,-0.10753438289291777
-0.11434259331789341,-0.12581353068562126
-0.1156916927486096,-0.14398896100093841
-0.11722202248929377,-0.1620593781403165
-0.11873286058358126,-0.1401240018842137
-0.12022448603477616,-0.15818355292088257
-0.12189617880019785,-0.17613725282727394
-0.12374687403971078,-0.19398383866398952
-0.12557582895200262,-0.17182256301681822
-0.12718363660703258,-0.14975467796368372
-0.12857123960320122,-0.12778191897942856
-0.12993926321966995,-0.1458055048527259
-0.13128733615542967,-0.1238251522195695
-0.13261575593898464,-0.14184157700328928
-0.13392415558773355,-0.1198544943967961
-0.13501317151731163,-0.09796511738619736
-0.13588378927969577,-0.07617514211907092
-0.13673667671319506,-0.09438574782647403
-0.13777117009590809,-0.11249611281986144
-0.13898626047409918,-0.13050493055048962
-0.14018126049506846,-0.10851140965701807
-0.1413564836529194,-0.12651625939685868
-0.14251157886336124,-0.104519188171328
-0.1436468637884676,-0.12252090350890046
-0.1447619914944639,-0.10052111204908948
-0.14565761835949223,-0.0786210180677069
-0.14653441522682248,-0.09672181030512175
-0.1475917214742182,-0.1147226765042247
-0.1488285313415314,-0.13262231946927988
-0.15004416076278554,-0.11051995711298442
-0.1512389266111507,-0.1284163078872865
-0.1524124812729485,-0.10631108930801714
-0.15356514597160775,-0.12420501793763322
-0.15469657742464418,-0.1020978093685992
-0.1556074357506125,-0.08009067674815763
-0.15649839562149995,-0.09808481760610951
-0.15736913491460308,-0.07607992693397772
-0.15822000011837614,-0.09407669862910459
-0.1592503384046841,-0.1119743269393301
-0.16025948645531074,-0.08987201960502145
-0.1610481163720164,-0.0678709832917489
-0.16161724932807528,-0.045972907502427364
-0.16216758871503595,-0.06407896450160461
-0.16269884087630504,-0.042188823856346216
-0.16301171509475343,-0.020403652425330036
-0.1633069347425077,-0.03862460119255634
-0.16378389134695104,-0.05675081981077043
-0.1642419654983408,-0.034881471207445364
-0.1644818727577162,-0.01311771702301412
-0.1647043427230074,-0.031360702986894314
-0.1651087730946766,-0.04950957346161616
-0.16549455058298274,-0.027663486049510626
-0.16586206223221028,-0.0458230984899803
-0.16621102999069234,-0.02398806719219304
-0.16654184403086564,-0.04215904722588611
-0.1668542294024299,-0.020335692312807123
-0.16714857935222693,-0.038518654817874864
-0.16762428739389457,-0.05660708719931014
-0.16808073613182997,-0.034700155156116685
-0.1685183085854239,-0.052798524524539536
-0.1691363881757485,-0.07080136126828347
-0.16973434754985448,-0.04880784462447639
-0.17031255990532437,-0.06681865399861445
-0.17107039897726384,-0.08473296895327173
-0.17200689327955437,-0.10254948381089278
-0.17312105835059965,-0.12026690916153518
-0.17441189691624062,-0.13788397191035262
-0.17587839905313607,-0.15539941532321372
-0.17751954235259018,-0.17281199907046124
-0.17913462666814162,-0.1502209978104836
-0.1807239533593096,-0.16762718661547293
-0.1822871598643191,-0.14503033949103478
-0.18382455302272688,-0.1624312293539469
-0.18553544114768866,-0.17972912946892863
-0.18741878826906883,-0.19692282804113467
-0.18927388096427436,-0.17411162825529902
-0.19090134218523558,-0.15139683224035658
-0.1925018103267518,-0.16867972643030088
-0.19407492787755073,-0.14596009463486584
-0.19542134140856818,-0.12333921801685932
-0.19674171272329538,-0.14071836191416498
-0.1982353729242192,-0.15799679037151
-0.19990130873742928,-0.17517328219318049
-0.20173849475831926,-0.19224663244233872
-0.20374589361437237,-0.20921565248012358
-0.20572279071166258,-0.1861796685445969
-0.2074698080607997,-0.16324000571357752
-0.2089879179275551,-0.14039847180539758
-0.21027811056193077,-0.11765685583353828
-0.21134139400968543,-0.09501692792196621
-0.21237845933969252,-0.11237994068110939
-0.21358866679140542,-0.12964514520043346
-0.21477136668053218,-0.10691180564525238
-0.21592691072157538,-0.12418068614418735
-0.21705498659606906,-0.10145154931211488
-0.2179562858540834,-0.07882565477295878
-0.21883151506115112,-0.09620424598555644
-0.21988004986132548,-0.11348656477930541
-0.22090125588177736,-0.09077186595243883
-0.2216958346376058,-0.06816140270261913
-0.2224645025947739,-0.0855564119953937
-0.22320697981583454,-0.06295662764249024
-0.22392365535961922,-0.08036278174511219
-0.22481391934732403,-0.09767410613787998
-0.2256771517828434,-0.07498984553018916
-0.22631406845664734,-0.05241124293827959
-0.22692540000779893,-0.06983952505516848
-0.22771054598544305,-0.08717391678875815
-0.22846889575185925,-0.06451365586257574
-0.22920083980241898,-0.0818594797071676
-0.23010576974794608,-0.09911062544532204
-0.2309830671346372,-0.07636634303310519
-0.2318331147641892,-0.09362738214994729
-0.23265563125964966,-0.07089349072422862
-0.23325133896456193,-0.04826591345872018
-0.23362130967089148,-0.025746377200775192
-0.23376663234219103,-0.003336589408014151
-0.2336884129193331,0.018961761925286712
-0.2333877741255182,0.0411470083394983
-0.23286585527058148,0.06321750097863739
-0.23212381205462082,0.08517161065706566
-0.23136248178763608,0.06710822646556078
-0.2307813695294554,0.04912823976080061
-0.2301799689880502,0.07113252955062828
-0.22935910841822774,0.09301997704701906
-0.2285196296786135,0.07488948028120711
-0.2278610422882543,0.05684193955066254
-0.22738250974160093,0.038878741345129614
-0.22708318174479716,0.021001256826074264
-0.22696219436926554,0.0032108417663614525
-0.22701867020588745,-0.014491163508231663
-0.22725171851975876,-0.032103434175669986
-0.22766043540550288,-0.049624660972485704
-0.22804423852645636,-0.02715404878844474
-0.22840354635012228,-0.04469230210342803
-0.22893777812938107,-0.06213862497652408
-0.2294463427212999,-0.03959223419092674
-0.2299296499061876,-0.0570538461478749
-0.23058711036907797,-0.0744226768544166
-0.23141778993546533,-0.09169745652531566
-0.2324207418115251,-0.10887693108996797
-0.23359500674149525,-0.12595986223911743
-0.2349396131655158,-0.14294502746976673
-0.23645357737790842,-0.1598312201282875
-0.23813590368587834,-0.17661724945173438
-0.23978591915195338,-0.15340243914903479
-0.24120428741589017,-0.1302881113660954
-0.24239202234128343,-0.10727607058885955
-0.24335015574064187,-0.0843681021002731
-0.2442794025996114,-0.10146547335631177
-0.2453791472213066,-0.11846744997863987
-0.24664842954551908,-0.13537281180986743
-0.24808627738904518,-0.1521803544154502
-0.2496917066031247,-0.16888888912541336
-0.2514637212312877,-0.18549724307429488
-0.2534013136675919,-0.20200425923931292
-0.255503464815233,-0.21840879647676276
-0.2575694788288435,-0.19481022809831472
-0.25959966235287585,-0.21120942728958858
-0.26159365908889365,-0.1876062656226688
-0.2633521176960265,-0.1641021115685259
-0.2648760375200767,-0.1406988158542412
-0.2661664363177348,-0.1173982099157788
-0.2674240154799007,-0.13410160726984854
-0.26864848075840503,-0.11080881804409715
-0.26964054224664646,-0.08762114895563111
-0.27060092552230935,-0.10443989013427805
-0.27152936028952,-0.08126482819735029
-0.2722265803582647,-0.058197246231128597
-0.2726936693692501,-0.035238909158748374
-0.27313139393064656,-0.05229106366195467
-0.27353952434162926,-0.02935345271956664
-0.27391849998658485,-0.04642681705259725
-0.2742680959790674,-0.02351089511173096
-0.27438909105576786,-0.0007069216062996903
-0.2742826132993013,0.02198338712195652
-0.27414947327293454,0.0046588331712687815
-0.2741891501588376,-0.012579778922814672
-0.27420111265464536,0.01016834320564202
-0.2739861648703193,0.032801994313677814
-0.2735454599665548,0.05531948763058621
-0.27307983328848007,0.03781965492682281
-0.2727887885029126,0.020403330507886834
-0.27267148391062773,0.0030718351456013038
-0.2727270646798811,-0.014173525437250891
-0.27295466299717636,-0.03133146062211491
-0.27315373280190935,-0.008501193489736613
-0.2731250636006179,0.014216055200840037
-0.27286979410607365,0.0368185830953183
-0.27238907995497996,0.05930470777328069
-0.2716840935082889,0.08167276681658908
-0.27075602365084644,0.10392111787544847
-0.2698057410070547,0.08614863727380602
-0.2690327840768288,0.06845620399812719
-0.2682366801299492,0.09074468508191649
-0.26721829110079953,0.11291295015790448
-0.266178492641402,0.09505988607235889
-0.26511716275741515,0.11718588378954434
-0.26403484719826736,0.09929033693117165
-0.26313109151385966,0.08147414031519296
-0.2624050952823561,0.0637386753388401
-0.2618560443426096,0.046085308456649945
-0.2614831109438994,0.02851539111868808
-0.261285453896277,0.011030259710577413
-0.2610625533048364,0.033530736953661766
-0.26081488980030393,0.016016146462931785
-0.2607419445154374,-0.0014126872472828705
-0.2606431878990763,0.02114504808655174
-0.26051909103048987,0.00368866557797614
-0.26036946017953955,0.02621848065582812
-0.2599951047002271,0.0486333125296681
-0.2593971827531157,0.07093149881044367
-0.25877653443974763,0.05321189557731854
-0.2581330025239742,0.0754748628278265
-0.2572674324073982,0.0976192644797386
-0.25638068326709224,0.07974398152823899
-0.2556722821096183,0.06194989749331374
-0.2551414100834227,0.04423838234617298
-0.25458756929586723,0.06651029244738796
-0.2540112620433005,0.04876498510119391
-0.2534123253703085,0.07100282001590569
-0.2525915989623992,0.09312266076448338
-0.25155027086760845,0.11512288940035309
-0.2504892106301512,0.09710240651940838
-0.24960795542769962,0.07916211524701997
-0.2489056963837412,0.06130340516247892
-0.2481819453845928,0.08342715223516436
-0.24743721430947466,0.06553273337688681
-0.2468710150064496,0.04772102644202064
-0.24648251352273523,0.029993395613499844
-0.2460711969229557,0.052250691342144266
-0.24543788710375536,0.07439176636049116
-0.244783419849993,0.056515490300375844
-0.2443072988905324,0.03872273514234231
-0.24400868221238817,0.021014859144094726
-0.24368704887948717,0.043292706780671084
-0.24334287826445017,0.025555623300789605
-0.24297598460953182,0.0478039561893147
-0.24258685033764096,0.030037055171546107
-0.24217529269651472,0.05225527221680586
-0.2417417970696624,0.03445796154224086
-0.2412861836204682,0.05664547961592487
-0.2408089406030685,0.038817185160177944
-0.24050955642305946,0.021073937695853664
-0.24018750845257011,0.04331658438921529
-0.23984327434566324,0.025544473149774215
-0.23947666659958022,0.047757954092642226
-0.23908816586606732,0.029956379542710684
-0.23867758759585686,0.05214010403813105
-0.23804574993325267,0.07420798579234797
-0.23739348485628903,0.056258899853065744
-0.23672062681650585,0.07829322500977645
-0.235828012716162,0.10020984379463346
-0.23491649304773432,0.08210765563865613
-0.2339859205330607,0.10398706377650344
-0.2330368155166151,0.08584747378626734
-0.23226869802534889,0.06778979212864131
-0.23168074199961555,0.049815411530361654
-0.23127210752872684,0.03192570946266504
-0.23104194100381592,0.014122048079973387
-0.23098937527130436,-0.0035942258395875136
-0.2309138643702883,0.01867772050649437
-0.23081586276623892,0.0009372205035903941
-0.23069515991384001,0.02318460958453225
-0.2305522135698843,0.005419225236044406
-0.23058648185596903,-0.012258094453851134
-0.23079707749219244,-0.02984602540417036
-0.23118310003539982,-0.04734325905430039
-0.2315439706179876,-0.024849000958786335
-0.23168044576631003,-0.002464454766002794
-0.23179329646059152,-0.02009080759307622
-0.23188229677769337,0.0022722568893554507
-0.23174822387124147,0.02452355846571947
-0.23139220369729627,0.04666143499773971
-0.23101504415200338,0.028784742492857052
-0.23061655579614046,0.05089384055599886
-0.22999755183376025,0.07288759239308588
-0.22915919383642652,0.09476437942820456
-0.22830232487948135,0.0766231013669795
-0.2274267902652588,0.09846416164330671
-0.2265331029171121,0.08028696595950283
-0.22582077544000315,0.062192420825835586
-0.22508930893550533,0.08408142040266571
-0.2241395389005143,0.10585286105190772
-0.22297264886759713,0.1275051574089917
-0.22178950354072383,0.10913724244264689
-0.22078963493464826,0.09085005143972535
-0.21997222868939062,0.0726450059274913
-0.21913679088939705,0.09442301360766688
-0.21808416187911392,0.1160829843650189
-0.21681552990352815,0.13762334633806408
-0.21553176424410292,0.11914304597760425
-0.214232735941708,0.1406425334886434
-0.21291898319041153,0.12212126136574221
-0.21179004339788213,0.1036801829277756
-0.21064544200025181,0.12522023915532388
-0.20928603836073434,0.14664037323740528
-0.20771303940992894,0.1679390466387325
-0.20592766736488707,0.1891147406131474
-0.20413082494762186,0.17026645479808344
-0.20252208152402043,0.1514951911924883
-0.20090099400126038,0.17270193953057555
-0.19906845272571874,0.19378569182332717
-0.1970256951226185,0.21474495842053923
-0.19497363883115665,0.19567876806073228
-0.19291220242671325,0.2165876533044791
-0.19084197081400742,0.1974711490612058
-0.18896252728694915,0.17843029111543277
-0.18707344234303677,0.19936610295568666
-0.1849756195815946,0.2201776103127919
-0.1828699747604468,0.20096385576039133
-0.18095608985235753,0.1818258841473878
-0.17903353394332916,0.20266472796785162
-0.17710287454809795,0.18347992044037398
-0.175363677588325,0.16437249549369465
-0.17381516162530472,0.14534397313828862
-0.17225686468075638,0.16629535939137957
-0.1704896580541204,0.18712566227655622
-0.16871442538157677,0.16793390642723607
-0.16713071669480045,0.14882111852205848
-0.16553806932154502,0.16968831265775194
-0.1639370192033945,0.15053500343145512
-0.16252710087618039,0.1314622059293199
-0.16110783628821987,0.15237092255941376
-0.15967974611902128,0.13326065613568625
-0.15824268434397135,0.15413191132655227
-0.1567971715492413,0.13498419464540598
-0.155343061579984,0.15581801444054041
-0.15388087485543694,0.1366328808853919
-0.15261013043398577,0.11752980450986031
-0.15133033483272257,0.13840978303432688
-0.1500419933474598,0.119272314454744
-0.14894461003538187,0.10021839703401555
-0.14803734195215681,0.08124951467935161
-0.1471196659770733,0.10226663687306493
-0.1461920580512909,0.08326923321965116
-0.14525432774534108,0.10425777489909958
-0.14410728616013246,0.12513123612047222
-0.14295175707361388,0.10598860727252274
-0.14178756558713654,0.12683038182298406
-0.14041553810933616,0.14755555631130854
-0.138836848085715,0.1681626449551801
-0.13705268372369464,0.18865018116166687
-0.13526391321713405,0.1691172161194724
-0.13367007089127222,0.14966480277471844
-0.1322703435228627,0.13029447974429426
-0.13086423716507378,0.15090727124106396
-0.12925259096889138,0.17140220307371642
-0.12763625624624164,0.1518783172505027
-0.12621475053284728,0.13243665741494198
-0.12478757849290922,0.15297825421904157
-0.12315557782428575,0.17340213986434252
-0.12131993290541328,0.19370686416358351
-0.11948150793771221,0.17399149459030383
-0.11764016767507644,0.19425660171193776
-0.1157964428243118,0.17450175771645635
-0.1141498621122715,0.15482803493852224
-0.11269960652420445,0.13523699123005536
-0.11124517613019635,0.15562966988428736
-0.10978706932479163,0.13600561417614623
-0.10852478281259896,0.11646586735058603
-0.1072578004317207,0.13691145945526875
-0.10598660447765104,0.11734192042436345
-0.10491067568982447,0.0978582800686813
-0.10402914749263661,0.07846205345183002
-0.1031414728245021,0.09905424081985521
-0.10204843796337051,0.11953384360554364
-0.10095084159391741,0.09999987903663224
-0.10004814887442451,0.08055336557600416
-0.09933947776210655,0.06119580684108257
-0.0986242658431436,0.08182819153510379
-0.0977032841591551,0.1023495094530539
-0.09657765085866597,0.12275826754984574
-0.09524849892732591,0.143052991454781
-0.0939166414175607,0.12333272406714589
-0.09278155759861456,0.10369850953537262
-0.09184237928175026,0.08415187717380132
-0.0908985576501808,0.10459384139133325
-0.08995054250213569,0.08502391623642622
-0.08919778223986488,0.06554311539004595
-0.08843971269642018,0.08605243900298042
-0.08747710304619236,0.10645088824261469
-0.08631106945713263,0.12673698136034842
-0.08494274282173477,0.14690925520530979
-0.08357293398745679,0.12706676381921422
-0.08220145449087418,0.1472100638731339
-0.08082878196274527,0.12733871319784257
-0.0796543921997364,0.10755376931370081
-0.07867741340732244,0.08785677480497947
-0.07769729303074262,0.1081487572476979
-0.0765148115824322,0.1283287452121521
-0.07513109629448034,0.14839528432771004
-0.07354728884987463,0.1683469387939191
-0.07176454519654459,0.18818229143110732
-0.06998370077757629,0.16800044227054173
-0.06820459126520552,0.18780199398651873
-0.06642771796576971,0.16758655042205192
-0.06465291447469948,0.1873547165724562
-0.06268101458181223,0.2070056000276893
-0.060513198005708514,0.22653782557016622
-0.05835032354039231,0.20605053521897249
-0.05639191520569512,0.18564487219930464
-0.05443748315628818,0.20522196630789732
-0.05228786959126968,0.22468094844635855
-0.050143927822237075,0.20412096521687284
-0.0480055109245065,0.223542665808296
-0.045873137142650115,0.20294570051748434
-0.04374665654611647,0.22233072072854776
-0.04142691893519613,0.24159688035088853
-0.03911478499279959,0.22084334895440785
-0.03700978035275467,0.20017129719517637
-0.03511108192669543,0.17958238072038982
-0.033218184735800425,0.1989777400852923
-0.03133158115578247,0.17835701528651893
-0.029650760907932117,0.1578213457434723
-0.027975199888054043,0.1772718571241405
-0.026305371495940356,0.15670817442212173
-0.024641081210894894,0.1761309233984082
-0.02278313450087669,0.195439232023576
-0.0209323479774142,0.17473224361715384
-0.01928820346699723,0.15411110227746566
-0.017650168924352123,0.1734769382491019
-0.016018709762938017,0.15282938099999793
-0.014393623431493464,0.17216906066328158
-0.012775372740868228,0.15149560802120338
-0.011163752524211276,0.17080965448862498
-0.009559222964128205,0.15011083209698403
-0.008161241669861192,0.12950027201948694
-0.006968917925690872,0.10897958994081756
-0.005981344944105813,0.08855038452210572
-0.004997934619745923,0.10811373878470006
-0.004019096779828172,0.08766923465198198
-0.0032442391805412828,0.06731795293922492
-0.0024727563412483573,0.08696096018790586
-0.0015053754624748722,0.10649732320956662
-0.0005428355022762918,0.08602612369207333
0.0004151241643528883,0.10554794509629754
0.0015677637485248634,0.12496187264639325
0.002714331888113717,0.10436700647565522
0.0036554115719978535,0.08386444706286329
0.004391933805817625,0.06345577914793223
0.004924845356324114,0.04314257020121558
0.0054547739949973376,0.06282587181161678
0.0061810146618922045,0.08240473569107712
0.007102515804478492,0.10187772974140802
0.008218211637714704,0.12124343956751193
0.009527022321344635,0.14050046853017312
0.011027854137711662,0.159647437796814
0.012519934253403782,0.13878348493188886
0.013803824560456233,0.1180097478709563
0.015080100759012643,0.13722735029079866
0.01634834102279169,0.11643591468917565
0.01760879141853028,0.13563606382937402
0.019060697991835393,0.15472692218519968
0.02070296102396005,0.17370713054151743
0.022534467293049656,0.19257534749959737
0.024354424835865775,0.1714307480637258
0.026163042205696426,0.1902740090698467
0.028159528475940263,0.2090043091662321
0.030143082081204364,0.18772084194977678
0.03191423674189386,0.16652480139282264
0.033673540546888425,0.18531736720766656
0.035420544618968305,0.16409821792073107
0.03715546853416119,0.18286803231155924
0.03907753240744235,0.20152599085228112
0.04118561114930374,0.22007079030265708
0.04327890131007207,0.19860164375162426
0.04535760033706349,0.21711926604250736
0.047421241160711405,0.19562337229194982
0.04947002553058762,0.21411467786686408
0.05150349068438915,0.19259289836192942
0.053322177266838106,0.1711592481183883
0.055126640493962764,0.1897149270457637
0.05691643881680103,0.16825963369487118
0.058691799339013265,0.18679406669567847
0.06065194990083717,0.2052174261956594
0.06279577333390064,0.22352842845374798
0.06492247430377272,0.20182630588081835
0.0668325931486741,0.18021229100551897
0.06852701954289735,0.15868810037788633
0.07000666023869843,0.13725543302669646
0.07127243889067181,0.11591597037737518
0.07232529587931553,0.09467137617207372
0.07336585355047456,0.11342279785024015
0.07439373695827015,0.09216988108731392
0.07540923927869611,0.11091327123988118
0.0766116538896302,0.1295521147913278
0.07799992862177638,0.148085073953095
0.07937333259741822,0.12661132671246286
0.08053247006540493,0.10523205080568895
0.08167795947758681,0.12384840908726034
0.0830090875647146,0.14235956406717995
0.08432513025389388,0.12086469251074522
0.08562636400293368,0.13936447232884275
0.08711206579708657,0.15775808256193313
0.08878116740000232,0.1760442179780452
0.09043292219246025,0.15432208911731443
0.09206758442396844,0.17259240772022647
0.09368474379336633,0.1508548852496209
0.09528465877935195,0.1691102328707542
0.09686692330400577,0.14735816143194874
0.0982321346462596,0.12569987998657967
0.09958090460077859,0.1440365826180202
0.10091284813629824,0.12236796151591975
0.1020285833912368,0.10079520695903299
0.10292907741476352,0.079319992684283
0.10381497931975996,0.09784347580952583
0.1048856064392554,0.11626481283119088
0.10613993065778847,0.13458267568437396
0.10737724524726897,0.11289625179109429
0.10859784411574387,0.13120622949226626
0.11000102180187087,0.1494117980317746
0.11138606230693983,0.1276121606962476
0.1125535850104214,0.10590852024543307
0.11370422374363827,0.1242020642803301
0.11503728086288922,0.1423919797793883
0.11655171358078431,0.16047696915556608
0.11804680080205,0.1385562503015681
0.11932315695554174,0.11673104056048005
0.12058141106768111,0.13490254209255925
0.12202086083533241,0.15296995641010178
0.12364045895687707,0.17093200043317755
0.12523947996774498,0.1488879065335542
0.12661853407213985,0.1269389065040274
0.12797824621617654,0.14498621692391656
0.12931824474377795,0.12302955223431306
0.13043916138983755,0.10117012471990934
0.13154164243549418,0.11930913133542478
0.1328250027795436,0.13734576824172598
0.13428821226806015,0.15527874686282334
0.13593022794515486,0.17310679538939777
0.1377499942208598,0.19082865882203898
0.13974644303943556,0.20844309901259137
0.14171882863141605,0.18604939324527953
0.1434677413451187,0.16374881820165502
0.14519378671952288,0.18144263532173247
0.14689657413986468,0.1591306038749031
0.14857638224712041,0.17681348239578706
0.15023282559714596,0.154491028662338
0.15166652256973576,0.13226449821534178
0.15307810652307047,0.15003513118093037
0.1546668798642621,0.1677021668028182
0.1562321349614043,0.14536485803710952
0.15777416547246723,0.16302395843770098
0.15949226633653557,0.18057872213545306
0.16138538801921248,0.19802791843145034
0.16345246876242173,0.21537033329521835
0.16569243475128348,0.23260476940268837
0.16790453486469384,0.2098305447139732
0.17008901992200318,0.22704847789332902
0.17244514267528252,0.2441578882813019
0.1749718120556856,0.26115761048098785
0.17766792542413942,0.27804649584927554
0.18053236873903888,0.29482341252786287
0.18356401672424227,0.311487245472445
0.1865620676206829,0.2881373950217458
0.18932705701732577,0.26487526085043644
0.19185987150670564,0.24170272585997568
0.1941614164188091,0.2186216546233309
0.196232615637315,0.19563389329040162
0.1982740768315671,0.21264077095408543
0.20048507760855513,0.22954161563294823
0.20286455183967317,0.24633527031646693
0.20521175649183004,0.22312109299855676
0.20752695087131737,0.23989994209493493
0.2100093966132396,0.25657117641271016
0.2124583465083479,0.23323416827579366
0.2146743904132579,0.2099902889410367
0.21685813431864853,0.22674089395224903
0.21920885441677318,0.24338533766241058
0.22152581801037588,0.220022987818535
0.22380929483835346,0.23665471243720948
0.22605889164699566,0.2132803783156525
0.22807522009437417,0.1900013495426455
0.22985924248336848,0.16681947285423637
0.23161160490645202,0.18363607754329175
0.23353162339382103,0.20035049144407338
0.23561827023631957,0.21696155697941566
0.23787050622940326,0.23346813265454977
0.24028728083413298,0.249869093090756
0.2428675323384962,0.26616332905724066
0.2456101880190383,0.28234974750124325
0.24851416430278603,0.29842727157637977
0.25137870151277897,0.2744953392108947
0.2542040431096053,0.2905548885181976
0.25698977026176495,0.2666058563013496
0.25973613516578264,0.2826491780157992
0.262442727699146,0.25868478773289577
0.2649101433230177,0.23481411664493218
0.26713932881352587,0.21103907841500574
0.26913124998808985,0.18736156762244144
0.2708868915141116,0.163783459668989
0.27240725671674076,0.14030661068740097
0.2736933673857375,0.11693285745238878
0.2747462635814569,0.09366401729395386
0.2757666688566447,0.11040138947142394
0.2769539763983223,0.12704427116415476
0.278107569927862,0.10369197206653141
0.2792278350179099,0.12034530127368284
0.2805141590716555,0.13690356726108363
0.281965585556272,0.15336559247836146
0.28338148082409437,0.12983071338984453
0.28476221334662527,0.1462997658990092
0.28630715369417425,0.1626720853252161
0.2878156633529726,0.13904701953632936
0.28928810604241095,0.15542541583045644
0.29092384769458424,0.17170662091159192
0.2927219106879674,0.18788949547948444
0.2946813060854568,0.20397291572459425
0.2968010337894528,0.2199557733629324
0.29888041728061554,0.19593747421084437
0.30072011743602417,0.17201942214377947
0.3023211461719757,0.14820350299308038
0.30388419958185525,0.16439108445508416
0.3056086440773448,0.18048153207531809
0.3074935027044243,0.19647372529536813
0.3095377873804094,0.21236655894646436
0.3115408336313496,0.18825944182463147
0.3133033144088341,0.164253780649837
0.31482625373144085,0.14035146396317136
0.3161106944045947,0.11655436057801716
0.31715769782284803,0.09286431949202828
0.31816800918795995,0.10918267125985773
0.31914137823038485,0.0855092425242614
0.32007822460135266,0.10184485745391454
0.3209783045146256,0.07818933772364427
0.321642378638197,0.054644001036218734
0.322071557814735,0.0312106464889799
0.32226697077723043,0.007891053036062318
0.3224294293638443,0.02458648086974118
0.32255874923625044,0.001296685960144945
0.32265541526865676,0.018022421501668773
0.32291891360325486,0.03466293936012453
0.32314872045995036,0.011317503217397506
0.32314564802966983,-0.011912625993096535
0.32291085810917597,-0.03502570617133553
0.3224455298144694,-0.0580200155816499
0.32175085937679226,-0.08089385292289734
0.32102772535460866,-0.06374603593791593
0.32047567476583894,-0.046677385406297095
0.31989424397844973,-0.06958871053284602
0.31908430460139087,-0.09237882350365077
0.31804707711712427,-0.11504605556255167
0.3167837985928245,-0.13758875853366503
0.31549538789093196,-0.12010580342481021
0.3141817663833531,-0.14259756587260575
0.3126438579198241,-0.1649629261392335
0.31088293454193494,-0.18720028372279945
0.3089002841925871,-0.20930805887216064
0.30669721050821314,-0.2312846926410098
0.3044746980271348,-0.21322914548128172
0.3022327329016675,-0.2351418826782575
0.2997723028644888,-0.25692187433736596
0.29729440835743265,-0.23866810852627893
0.29499871657673615,-0.22048157670720647
0.2926848823601463,-0.2422632591065474
0.29015389407456027,-0.26391213925220836
0.2874070872454461,-0.2854267200313848
0.2846454776817876,-0.26690602373612626
0.28206874760482065,-0.24845107603390548
0.2794765665353477,-0.2699628913339525
0.27686960259828586,-0.25144098586294256
0.2742478570732804,-0.27288587910520107
0.2716119976956215,-0.25429709378474136
0.2689620252905367,-0.2756751558466112
0.26609894165780956,-0.29691909589680165
0.2632237607021924,-0.27812796233910186
0.2603364970636567,-0.299302308260529
0.25723816608530253,-0.3203411914101204
0.25393012952710764,-0.3412431887914083
0.25061342869195463,-0.3221073967011147
0.24728810513885177,-0.34293441615122905
0.24375520065054646,-0.36362335284285985
0.24001610294702805,-0.38417283175379124
0.2360722133946912,-0.40458149863061493
0.2319249467984884,-0.4248480200202317
0.22757573119377877,-0.44497108329912066
0.22322567305456176,-0.4250498952420518
0.21887487800570446,-0.44508516743261917
0.21452411620634398,-0.4250766147672633
0.21017348898354635,-0.44502495541708376
0.20582376213315245,-0.42492991078997266
0.20147503255419907,-0.4447922054921574
0.19712806155052928,-0.42461156729007316
0.19278294146598055,-0.4443887270716527
0.1884404289867648,-0.424123418807956
0.18430027719409517,-0.40391687805589216
0.18016222437159327,-0.42367032876365956
0.17602700531343787,-0.4033834963272804
0.17189468587876994,-0.42305710901178456
0.1677659962965901,-0.4026908979143599
0.16384066322088725,-0.38238609546861296
0.1599183985405326,-0.40204392225156427
0.15599991068989905,-0.3816641000417557
0.15228490462238803,-0.36134785178369033
0.14857307062201908,-0.38099638839662464
0.14486509561572689,-0.36060942183448025
0.14136066314854767,-0.3402881650520961
0.1380591076135166,-0.32003431735750687
0.13495974648650774,-0.2998495628593846
0.1318622150620234,-0.31963507183318995
0.12876714568564276,-0.29939051524527227
0.12587416773261703,-0.2792170647249249
0.12318256184111746,-0.2591163779224716
0.12069159215036786,-0.23909009696251995
0.11820084103966852,-0.2590393498159283
0.11551122294735447,-0.2788632662880578
0.11282366343158895,-0.2586609926109455
0.11033775323100646,-0.23853367686748156
0.10805273458396264,-0.21848295289480268
0.10576816805264935,-0.2384099401995848
0.10348461176047799,-0.21831425848968744
0.10120195595886716,-0.23819652911209774
0.09892075634435497,-0.21805637503287964
0.0966409007091077,-0.23789442081660422
0.09436294225843889,-0.21771029260618055
0.09228643167839262,-0.19760511664383892
0.09041057137459127,-0.1775805046365557
0.08873454771589401,-0.15763805221666408
0.08725753119553983,-0.1377793388628631
0.08597867659307055,-0.11800592782323177
0.08469745772034687,-0.13821886749857976
0.08321468124738476,-0.15831720744209526
0.08153150035324663,-0.17829951442125888
0.07964908245574814,-0.19816437392606817
0.07756860902399268,-0.21791039021675562
0.07529127539043923,-0.23753618636939614
0.07281829056252467,-0.25704040431941017
0.07035054245052826,-0.23652220344463543
0.06808758401595195,-0.21608274453200976
0.06582895417851663,-0.23562317514023384
0.06357518914042753,-0.21514314267200296
0.06152582237340552,-0.19474379435263672
0.05968003886030527,-0.1744267625947908
0.058037007341551365,-0.15419366345838595
0.05639621506239889,-0.1739455980292996
0.054758147016727335,-0.15368216695605755
0.05332228593685491,-0.1335044704345305
0.051888101121212636,-0.15331359503704337
0.05045605976252266,-0.1331091267926619
0.049025961521995044,-0.15289165263220925
0.04739860643711156,-0.17256026183365902
0.045774806075148354,-0.1522140591646774
0.04435403760314476,-0.13195415031560942
0.04313543011639068,-0.1117821258117304
0.04191843147169034,-0.13159906093744414
0.04070348753380501,-0.11140453027687905
0.0394903767512103,-0.1311991091608293
0.03827954348208791,-0.11098237365574536
0.03707076465362311,-0.1307549005522485
0.03566481767155493,-0.1504157688124213
0.03406282615877953,-0.1699635741725881
0.03226592768946106,-0.18939693065084487
0.03047493902264352,-0.16881496913579638
0.028689676839655173,-0.18821832281726641
0.02671095773581864,-0.20750612716897984
0.02453994395796088,-0.22667703454514546
0.022377476554159198,-0.20583021422347492
0.020423061527302847,-0.18506683637346616
0.018476190747254085,-0.20428805742071043
0.016537353280262,-0.18349353312081146
0.014806035381124877,-0.16278441853974537
0.013281374739922193,-0.14216235342034533
0.011762827316879729,-0.16152846210237864
0.010250846590454662,-0.14088236805905865
0.008745218134775945,-0.16022469533993847
0.007246392947359376,-0.13955506855589134
0.005754154110168353,-0.15887411286365247
0.0042689501176335146,-0.13818145395084086
0.0027905615380176404,-0.1574777180205456
0.0011197689250723101,-0.17666203323472818
-0.0005426360245468977,-0.15583354285482234
-0.0019971963973998883,-0.13509339067282713
-0.003244803730844257,-0.1144432049217132
-0.00448603117582292,-0.13378409819782455
-0.005920119663121756,-0.15301518345806
-0.007545964244548278,-0.17213509007941175
-0.009362446355271309,-0.19114246536490578
-0.011368433993310629,-0.2100359745891265
-0.01356278189947176,-0.2288143010417214
-0.015944331737705736,-0.2474761460688919
-0.018511912275873715,-0.2660202291128761
-0.021064674150229758,-0.24454578629109616
-0.02360276912601552,-0.2630535558173464
-0.02632535010365434,-0.2814427779750208
-0.02923122537905127,-0.29971220970431
-0.03211952549156354,-0.2779611246359034
-0.03499038248472933,-0.296190298508359
-0.03784326449589107,-0.2743995076791972
-0.040478643678967356,-0.25269002763568504
-0.0430970073725257,-0.27096311980854326
-0.045697846767197715,-0.2492185446369502
-0.048081656910256926,-0.2275575615400637
-0.05044894787220564,-0.24588141573307745
-0.052998898829394396,-0.2640893527529114
-0.05573034440474709,-0.2821801345047191
-0.05844244151285055,-0.2602530392965341
-0.06093568320114524,-0.23840934579927386
-0.06321091231576745,-0.21665081694452867
-0.06546865466247126,-0.23487869983442644
-0.06770843975422876,-0.21309274026802563
-0.06993046622937434,-0.23129368417418436
-0.07233393393604111,-0.24938077904494366
-0.07491769818740583,-0.26735278852453115
-0.07748093660462242,-0.2453089924449112
-0.08002382837253254,-0.26325017224504366
-0.08274555424095646,-0.2810756109422406
-0.08564495078007155,-0.2987841077175505
-0.0885211772234433,-0.27647497794770615
-0.0913743947237974,-0.29414903862079816
-0.09420410093766973,-0.27180610684573053
-0.0970104633598555,-0.28944699981975797
-0.09979298599072989,-0.2670715347966334
-0.1023521772533889,-0.24478102759611867
-0.10468889573941197,-0.22257727795814597
-0.10700368336636898,-0.24036156945070977
-0.10949575153865274,-0.25803318545266357
-0.11216396748308925,-0.27559092519900064
-0.11480752108890054,-0.2531341038143305
-0.11722693874375698,-0.2307640362717709
-0.11942309699447054,-0.2084825212896806
-0.12159655570275728,-0.2261908412405253
-0.12374687878766853,-0.20388877667632815
-0.12567463422189035,-0.18167760630231924
-0.12758040519007358,-0.19945859379519187
-0.12966344416321882,-0.217131002331064
-0.13192265923119023,-0.2346936106343273
-0.13415728093961757,-0.21224571301470532
-0.1363675415395903,-0.22978810478807232
-0.13855300956628147,-0.20732058079108928
-0.1407139231674226,-0.2248439353539555
-0.14304952218136907,-0.24225746373213713
-0.14555870238595797,-0.2595599766937882
-0.148040682335039,-0.23685080055378965
-0.150296017191101,-0.2142312611332351
-0.15232561238254524,-0.19170316765678885
-0.15413039133936787,-0.1692683112038747
-0.15571129531126476,-0.14692846462051606
-0.15726894860153282,-0.16458488389176826
-0.15900264472104314,-0.18213682413070334
-0.16091133271705393,-0.199583055629916
-0.16299394942310505,-0.216922365359595
-0.16524941962598452,-0.23415355700534274
-0.16747699081639744,-0.21137594954580521
-0.1694772470190656,-0.18869086121415474
-0.17125112244749396,-0.16610009339746026
-0.1727995692371664,-0.14360542908990304
-0.17432322267785114,-0.16110813426499193
-0.175821721949309,-0.13860797240601516
-0.17709571011092026,-0.11620620448473297
-0.17814617983672612,-0.09390457432638483
-0.17897414114565655,-0.07170480707014525
-0.17978028663093998,-0.08950811054857238
-0.18056431219298835,-0.0673141898252854
-0.18112691702627287,-0.045224247180874644
-0.18146914935168648,-0.023239967485117308
-0.1815920741441648,-0.0013630166646322918
-0.18169643835956087,-0.019494543089517393
-0.181781991665067,0.0023658078817954814
-0.1818491518403658,-0.015782607548869263
-0.1818976714285924,0.0060605683869023805
-0.1819279710540387,-0.01210530496928314
-0.1819398060729883,0.009720133303328667
-0.18173393447463015,0.03143574716919942
-0.18131146261085418,0.053039918256374025
-0.18087317833805033,0.034631545922598775
-0.18061853716249374,0.01631153124650822
-0.18054664856076758,-0.0019187390436946235
-0.18065660822146576,-0.02005789408810774
-0.18074783278749879,0.001794922505603997
-0.1806210736780467,0.02353856867911578
-0.18047709615206148,0.005271918544156658
-0.18031566795466744,0.026995349293443775
-0.1799375593009652,0.048607741205010914
-0.17954355402208666,0.030207990801916513
-0.1793331036275255,0.011896996302235167
-0.17930531362581664,-0.006323858451847821
-0.17925961034982485,0.015446295946842301
-0.17919642019504597,-0.0027931709724172485
-0.17911550418705863,0.01895811190504693
-0.1788176258823809,0.0405990187428155
-0.1783038970982188,0.062127941372209235
-0.1775754456375627,0.08354329081570198
-0.17663341509695984,0.10484349734970419
-0.1756786300903372,0.08612750910677947
-0.1749105823931493,0.06749627606133551
-0.1741287518449524,0.08885073541115705
-0.1733336176690602,0.07019032466836857
-0.1725249930381117,0.09151548311498792
-0.1717033583897883,0.0728256518003843
-0.17086852807575262,0.09412127353811513
-0.16982131826075736,0.11530129436139341
-0.16856289265072663,0.13636417813390014
-0.16729409563293157,0.117408906606867
-0.16601477300317513,0.1384359648595906
-0.16452577194718543,0.15934434129176706
-0.16282828676771302,0.1801325422295759
-0.16092352660710346,0.20079909343638147
-0.15881271525267304,0.22134254016284427
-0.156696756358261,0.20186194573650484
-0.1545755541695666,0.22235787699321652
-0.15225001350378514,0.24272940426042594
-0.14992105089170524,0.22307561449589727
-0.1477882486362908,0.20349759671678638
-0.14585084112982136,0.18399692590788588
-0.14390838167584905,0.20447466294172414
-0.14176175630770954,0.22482987057330334
-0.13941219743213695,0.245061129497055
-0.13706061696841096,0.22526753839172556
-0.13470692707463477,0.24544969934874444
-0.1321520401283427,0.2655067178524647
-0.12939721445293254,0.2854372173742061
-0.12664338745635986,0.2653403394126363
-0.12409016177367477,0.24531722745932
-0.12153712616818588,0.26526901236019507
-0.11898486684990595,0.24519532538656574
-0.11643330204010902,0.26509679967077504
-0.11388301528623503,0.24497307018387157
-0.11153358752688032,0.22492527225441372
-0.10938425132807443,0.20495502693170026
-0.10723455770772301,0.2249634409025059
-0.10488538995663793,0.24484962248249753
-0.10233797728470442,0.26461219766990984
-0.09979322796261307,0.24435031018719303
-0.09745071546742146,0.22416510544785156
-0.09510999938673005,0.2439577159192344
-0.09277163674012641,0.22372777419486506
-0.09043551654672752,0.24347591443147454
-0.08790252772638908,0.26310127378638476
-0.08537357024673398,0.2427030055520155
-0.08304820918670727,0.22238226458081148
-0.08092566105873054,0.20214069118941116
-0.07880546063571353,0.22187941107473974
-0.07668814019132582,0.20159804984647856
-0.07457356406966463,0.2212972344658591
-0.07246226200523848,0.20097659322648645
-0.07055376119300508,0.18073725427633475
-0.0686475751129968,0.20048033244253693
-0.0665445494388269,0.22010494376567669
-0.06444554110467134,0.1997102200964322
-0.06255007237205501,0.179397294524263
-0.06065765173853303,0.1990672867436851
-0.05876878526360524,0.17871981613011348
-0.05688331114069361,0.19835550318043446
-0.055001733019417826,0.17797396949562133
-0.053123886661240335,0.1975758377628695
-0.05105060784542795,0.21706023319650286
-0.04898274352079714,0.19652629667603355
-0.04711980587395027,0.17607517017467095
-0.04526129323940852,0.19560798212543418
-0.043407701426979625,0.17512436049684743
-0.04175852371185655,0.15472543277504694
-0.04011323966260183,0.17431231279031623
-0.03847232646966172,0.153884613794815
-0.03683559351992439,0.17344294990505396
-0.035003850304890394,0.19288643754476287
-0.03317791757460722,0.17231420858492383
-0.03135761599140829,0.19172689723259922
-0.029543431537942515,0.17112413855500505
-0.027934847591926038,0.15060706700318596
-0.026331333755464485,0.1700768032385231
-0.02473335718490537,0.14953296721044892
-0.02314071716673451,0.16897617959892158
-0.021553878443751385,0.14840606179897223
-0.020172303291261254,0.12792373444646743
-0.018995105764483575,0.10753080278837493
-0.018021383950722506,0.08722885514827644
-0.017050554722305964,0.10691896431067206
-0.016083032986001753,0.08660070206331309
-0.015118566261730854,0.10627464064590085
-0.013957902594830764,0.1258398541991887
-0.012602136297353838,0.14529493336959218
-0.011052375684854707,0.1646384868185662
-0.00950940831266018,0.1439696398132066
-0.007973021715912906,0.16328901965884246
-0.006244003403901871,0.18249575568361667
-0.004323486600173683,0.2015884938369839
-0.002412283394860657,0.18066639673466112
-0.0005102054841384254,0.19973012908719184
0.0013822704193227643,0.17877935622218008
0.003265335925832985,0.19781474406449262
0.005338183057822037,0.21673546057529136
0.007599658509843346,0.23554019034661033
0.009848930496321961,0.2143281346424039
0.012086168012134092,0.23309999682322782
0.014310875422154215,0.2118554808646088
0.016523225800689885,0.23059529133340223
0.01872272760387598,0.2093191333646662
0.020909558008642415,0.2280277126381367
0.02308322958464249,0.20672073535522323
0.025243923632755932,0.22539890821560976
0.027590822273220524,0.24396143985271343
0.02992309728792596,0.22250755396638278
0.032041256046163605,0.20113847474613172
0.033946155171760584,0.17985591077373037
0.03583833370534135,0.19856105493783496
0.037916999269981794,0.217153100423442
0.03998134899504065,0.1957312553054108
0.0420315808568224,0.21429622943247026
0.04426689368156854,0.23274723440488426
0.04648647598593252,0.21118349670776274
0.04869051731758341,0.2296057445932568
0.051078208258119845,0.24791320805642264
0.0536483946801164,0.26610463342507396
0.05639991000853366,0.28417878485449244
0.05933157539916634,0.30213444436178766
0.06224253450075859,0.280070910399971
0.06493326729651398,0.2580894818157856
0.0676042691869021,0.2760914432036622
0.07025503965510932,0.2540765779693889
0.07288574768630574,0.27204566975865835
0.0754958984364944,0.24999850242780652
0.07788600115120643,0.22803635855588533
0.0800569149128434,0.20616100480135885
0.08220918179978928,0.22427369181250043
0.08454201304887281,0.24227367021266671
0.08685460997596568,0.22026020518969322
0.08914717531337119,0.2382340633758267
0.09141924779283407,0.2161950113630364
0.09347137006174122,0.1942443142180605
0.09550409984466622,0.21228322230041902
0.09771666402096615,0.23021098579010102
0.09990827954383769,0.20812686927777552
0.10207916477617186,0.22603163864555062
0.10422887407203843,0.2039250595831224
0.10635763110803606,0.2218078975620036
0.10846499554758127,0.19967991781035963
0.11035153095508407,0.17764238382920405
0.1122178159554792,0.19559654421157469
0.11426309830982115,0.2134416471713982
0.11628661583235048,0.1912769551348928
0.11808894230770396,0.16920373016419904
0.11987066656618037,0.18712321931878445
0.12163138114172499,0.16503516772660004
0.12317168226713875,0.14304081856181736
0.12449251561469217,0.12114189840882925
0.1255948440319154,0.09934011572164864
0.1264796473598926,0.07763716074391665
0.12714792225076746,0.05603470543112607
0.1278003474011488,0.07443390483339037
0.1284366042890243,0.05283441163638495
0.12885737716469733,0.031337376150464516
0.12926336420390908,0.04984393314436267
0.12965426616050302,0.028353714930237552
0.12983078635645284,0.00696785135528093
0.12979397641743387,-0.014312044820427167
0.12974456942037557,0.004415122007648084
0.12988196604457625,0.02304844629494829
0.13000555548116538,0.0016870359584019758
0.1301157267595683,0.02033149927754589
0.1304118687364707,0.03888094488936068
0.13089302433910527,0.05733399639713892
0.13135855739642602,0.035789792425918884
0.1316091664665917,0.014349470603310693
0.1318455639059759,0.03291415293647178
0.13226712993771814,0.05138296035715198
0.1328728989785748,0.06975452878759848
0.13346222647032843,0.0481280091946402
0.1338358027074928,0.026604551569168886
0.13419433190653107,0.04508529030177423
0.13453752085793538,0.02356985726811985
0.1348657443323394,0.04205888327922027
0.13517871173643078,0.02055199807393125
0.1354768004355939,0.039049830311127076
0.13575972240967027,0.017552007562482062
0.13582819215878555,-0.003840345153394313
0.13588293785471117,0.014773881466151637
0.13592368999180265,-0.006605705903726871
0.13595084679200195,0.012021498237975096
0.13596414085967026,-0.009344901786324699
0.13576430708651496,-0.030603804295885582
0.13555209380207903,-0.011854123411765057
0.13552691684050136,0.006803225492734495
0.13548818044895508,-0.014532659595859185
0.1354362886131031,0.004138819571430658
0.13557064504506852,0.022716761502365568
0.13569064200907557,0.0013002781155289703
0.1355970062307403,-0.0200095198170323
0.13549047796460664,-0.0013115372894099732
0.1355704650612578,0.017293319486630696
0.13563636387609498,-0.004095842307360362
0.1356885705951223,0.014521584805016665
0.13572681580656903,-0.00685479286806814
0.13555183240591898,-0.02812387165001404
0.13536436674649957,-0.009384563656160267
0.13516416728967298,-0.03063728370281526
0.13495165000911627,-0.011881447851394274
0.13472656504495725,-0.03311747341035356
0.1342896646080293,-0.05424428039578116
0.1338417141297137,-0.03536080468902481
0.13338248091141122,-0.05646748494298489
0.13271273411146334,-0.07746326258185561
0.13203325589437034,-0.05844709495629993
0.13154349549632963,-0.03951994078896237
0.13104289013250117,-0.060582745557472686
0.1303322109046729,-0.08153445604525217
0.1296122418672369,-0.06247403495458022
0.12908243409280631,-0.04350244635161117
0.12854222657956432,-0.06452064104888552
0.1279920575756847,-0.04552806969731356
0.12743169914965413,-0.06652518424279233
0.12666192509406618,-0.0874109393831023
0.12568385665837284,-0.10818380718018838
0.12469829569371568,-0.0889427771187506
0.12370504538475106,-0.10968834154830509
0.12250491023566791,-0.130319495677104
0.1212987072185603,-0.11093525072150931
0.12008625442151163,-0.1315361208040587
0.11866837103421078,-0.1520211229450072
0.11724588849594675,-0.13248929020933095
0.11581863914333848,-0.15294115860243104
0.11438712161228701,-0.13337626560098825
0.11315083290658241,-0.11389564868332472
0.11210892263768159,-0.09450083070417002
0.11106085985253694,-0.11509281982290896
0.10980744685789719,-0.13557062550648585
0.10834983286963056,-0.15593277459454288
0.10688884715749823,-0.13627831135250423
0.10542431977697661,-0.1566077829081577
0.10395674697199359,-0.13692073778178915
0.10248595782766023,-0.15721772587416902
0.1008127821732608,-0.1773977999132515
0.098938396314302,-0.19745953005630149
0.09686399076007675,-0.2174015053967088
0.09479043545073634,-0.19732283255194782
0.09291726590482988,-0.1773246196351159
0.09124366954207767,-0.15740846016408536
0.08976881792761894,-0.1375759315242279
0.08829220151705619,-0.15772809634986545
0.08661464348133888,-0.17776401852201856
0.08473731335672088,-0.19768227922842047
0.08266139477355265,-0.2174814784698425
0.08038808526791989,-0.237160235105913
0.07811826150950145,-0.21681768544049315
0.07605146544992003,-0.19655496719065246
0.07398722522968589,-0.21627320485161222
0.07172640108572034,-0.2358715242295793
0.06946986441736963,-0.21544906703692934
0.06741715185223766,-0.19510697631943077
0.06536778615392853,-0.21474638182105482
0.0631226221303702,-0.23426641451668456
0.0608825257006296,-0.21376622120718178
0.058847027961547914,-0.19334694994650348
0.05681564609628649,-0.2129097354064128
0.05478889470012169,-0.19245421195076412
0.052766620352318126,-0.2119810150745242
0.05054966952164887,-0.23138928284317734
0.04833889971771434,-0.2107781690292867
0.04613416814210045,-0.23014832999784168
0.043736331677195484,-0.24939892468517577
0.04134625803751113,-0.22862912773344196
0.03896381442086364,-0.2478396163738847
0.03638986749723434,-0.266929570403693
0.033825294560155,-0.2459981853184218
0.03126997217797368,-0.26504615919322116
0.02852477618282043,-0.28397269265765734
0.02559092740545137,-0.3027765034844473
0.02246965940574052,-0.3214563280829753
0.019361883702812666,-0.30011142007405167
0.01626751050910831,-0.3187425357066802
0.013187114135560273,-0.2973494323685009
0.010120599646961914,-0.31593286855420827
0.006868870767788707,-0.33439210529280683
0.003433175617273029,-0.3527259207304211
1.4439856852482835e-05,-0.33103361015958654
-0.003387412575095802,-0.34931597143218485
-0.006771794057371059,-0.3275728034660799
-0.010138786629835179,-0.34580490620975585
-0.013487808670141354,-0.32401208060748565
-0.016619282820252507,-0.3022956271057836
-0.019533981741550674,-0.28065733100443113
-0.022432361281658923,-0.298998462361155
-0.02531388122788964,-0.2773187905128007
-0.027979005314517785,-0.25571958404461653
-0.030428546975374084,-0.23420259614572395
-0.03286300250819526,-0.2526690645182422
-0.03548153724231175,-0.27101822736124453
-0.038282971881124436,-0.28924883941712337
-0.041266114765610984,-0.30735967346441123
-0.04442976205485113,-0.3253495203502399
-0.0477726979068668,-0.34321718902083526
-0.05109402924309072,-0.3210620050917217
-0.05419419959219103,-0.2989852948016787
-0.05707400275848702,-0.27698886890448565
-0.05993391598538411,-0.2949740225727485
-0.06297308612209349,-0.3128400513765924
-0.06619031596508834,-0.3305857673248003
-0.06938473110387092,-0.3083104988941102
-0.07255645917945397,-0.32601507644222394
-0.07570496447169345,-0.3036993307145842
-0.07863071581972672,-0.2814645913508874
-0.0815341977876693,-0.2992121736945629
-0.08441489932961183,-0.27694189185359513
-0.08727297920840481,-0.29465456012624197
-0.09030759808066419,-0.31224949442729616
-0.09351757275251422,-0.3297255268699979
-0.09670204302294837,-0.3071820057945246
-0.09986115093989663,-0.32461978118022033
-0.1029943753851365,-0.30203870315162196
-0.10610186540896875,-0.3194396219425813
-0.1091831068977308,-0.29682238786101317
-0.11203859049109616,-0.27428834979502076
-0.11466915732796211,-0.2518393405636884
-0.11707566678738125,-0.22947717536328602
-0.11945866172853234,-0.24710315313243175
-0.12181768923402345,-0.2247170710754498
-0.12415296602370904,-0.24231972609226254
-0.1264640451181031,-0.21991091475052169
-0.12875114916831895,-0.23749143325745445
-0.13101383711892373,-0.2150610774323432
-0.13305267212065666,-0.19272114122039055
-0.13506823268847926,-0.2103729035095915
-0.13706010135900007,-0.1880161411989872
-0.13902853010176164,-0.20565163063185266
-0.14097310698015653,-0.1832791475711321
-0.1426944240622363,-0.1609999657162642
-0.1441934231602158,-0.13881584206468525
-0.1456707289817951,-0.15662801682708724
-0.14712596986821425,-0.1344362279592728
-0.14835977778624032,-0.11234171114222037
-0.14957279948224925,-0.1302456866067671
-0.15076468513576033,-0.10814787220967331
-0.15193575376691099,-0.12604898487462035
-0.1532853253103053,-0.1438482420337884
-0.15481237485975335,-0.16154437622511883
-0.15651586491744873,-0.17913613659451955
-0.15839474556025945,-0.19662228893780476
-0.16024828918976228,-0.17410211428243108
-0.16187710436174885,-0.1516768928530723
-0.16328214944043937,-0.12934838797506665
-0.16466406574783318,-0.1470178459900281
-0.16622216371646217,-0.1645845122464053
-0.16775574380033306,-0.1421476456942326
-0.16906544238604762,-0.11980850431215374
-0.17035191086201235,-0.1374683304722626
-0.1718144696870683,-0.15502636547307244
-0.1734520947173,-0.17248136559340538
-0.17526374945394982,-0.1898321035928553
-0.17724838520842823,-0.2070773687520064
-0.17920527585105048,-0.18431646545246994
-0.1811346970558948,-0.20155019859911386
-0.18303626087460453,-0.17877837213615086
-0.1849102490600559,-0.1960017890213825
-0.18695594513963176,-0.21311975265946112
-0.18897262324263622,-0.1902315800325506
-0.19096055942781243,-0.2073380885800148
-0.1931190316731461,-0.22433859617191781
-0.1952473087031119,-0.20133243423832248
-0.1971459958993427,-0.17842093318929153
-0.199015714369318,-0.19550540777274586
-0.20085608959773665,-0.17258567014215825
-0.20266741685174622,-0.18966253128924446
-0.20444932783579686,-0.1667358010189648
-0.20600245859638427,-0.1439067864659782
-0.20752746067215094,-0.16107677891417005
-0.20922365516005545,-0.17814506832596055
-0.21089035362301775,-0.15521095793424283
-0.2123282039977143,-0.13237574966664103
-0.21353820424376865,-0.10964122804929889
-0.21452137007141578,-0.08700915866454731
-0.21527873475165377,-0.0644812880692709
-0.21581134892559078,-0.042059343715579525
-0.21631994582967703,-0.05964453533211436
-0.21680426202443068,-0.03723656946361534
-0.2170650373771735,-0.014936649458753101
-0.2171033607902728,0.007253539155701708
-0.21692033792466123,0.029332330205238937
-0.21651709100596403,0.051298076937289314
-0.21589475862994065,0.07314915208862002
-0.2150544955672639,0.09488394795045003
-0.214197137984326,0.07660137497295685
-0.21332252416768058,0.09830184721154936
-0.21223149450263565,0.11988428232490456
-0.21112490261416061,0.10144761472836367
-0.21020226942413195,0.08309278103759205
-0.20946276946699147,0.06482120399132339
-0.208705897710077,0.08653379238586997
-0.20773248337036312,0.10812945708418312
-0.20674336897282983,0.08970712562870814
-0.20573839899180785,0.111267229144448
-0.20451841982980634,0.13270870233541054
-0.20328429095867054,0.1141304966364253
-0.2022355389770935,0.09563356565523456
-0.2013713439265565,0.07721934909367945
-0.200491206111957,0.09878877268066243
-0.19959562533532899,0.08034126272133782
-0.19888410087545938,0.06197774609414364
-0.19835578572190843,0.04369963563374897
-0.19781015339699964,0.06540783006738425
-0.19724767719086825,0.04710172856739585
-0.19686783014237216,0.02888223075163852
-0.19666973927437337,0.01075072206977929
-0.19645285241695523,0.03260807374297989
-0.1962176174436649,0.0144536573197989
-0.19616348225358476,-0.003611655320073192
-0.19628954900774093,-0.02158650657617283
-0.19639524095341418,0.00042994681575084584
-0.19628131624477627,0.022336549801297352
-0.1959488815884022,0.04413166508709991
-0.19559872538408826,0.025914173208344923
-0.19543030386924132,0.0077849565213433634
-0.19544272743829272,-0.010254616866421415
-0.1954354274667114,0.011696306845520855
-0.19520917013135392,0.033536583166992096
-0.19476507005570298,0.0552645853956575
-0.19430392345042308,0.03697920468335479
-0.19402519425749962,0.01878133402747892
-0.1939280004694144,0.0006723521998464842
-0.19381178095293225,0.0225531236873306
-0.1936769746859027,0.0044230132487162385
-0.19352335532321516,0.026282387377722618
-0.19335136451282817,0.00813061430789606
-0.19336044396161312,-0.00993143744148579
-0.1935496896722138,-0.027902413675211162
-0.19371851876780322,-0.005881474578556624
-0.19386734872982617,-0.023869280157494135
-0.19399593196486561,-0.0018654887727365295
-0.19410468912155418,-0.019870757131918163
-0.1943930411572707,-0.03778424174077018
-0.19486006357582358,-0.05560461351000337
-0.19530515325300196,-0.03343105780882276
-0.19552904225841747,-0.011364758443900204
-0.19573247691885406,-0.029306883034562053
-0.1959152064644751,-0.007257096097778474
-0.19607764842906006,-0.025216060498114284
-0.19621955530003807,-0.0031834374399533974
-0.1963413478352491,-0.021159886459470256
-0.1964427817128216,0.0008549345827349349
-0.19632461543111515,0.022759870967587803
-0.1961876214541973,0.0046537842804584145
-0.19623124027356378,-0.013362462135658552
-0.1964545667281762,-0.03128751924788274
-0.19665701682907705,-0.009220552389425207
-0.19683900699698612,-0.027162226699353816
-0.197199954045683,-0.04501170711453402
-0.19773892941968313,-0.06276767297567216
-0.19845499143644027,-0.08042881953832826
-0.1993471854457503,-0.097993858023688
-0.20041454398965378,-0.11546151566748908
-0.20165608696281825,-0.13283053576710593
-0.20287115635671593,-0.11020017626846422
-0.2040600954999914,-0.1275711951951594
-0.20542224904450912,-0.14484285062977653
-0.20695661720558842,-0.16201391530933978
-0.20846252258999234,-0.13918367666742568
-0.20974062402009297,-0.11645342080176743
-0.21079193018276493,-0.09382491637977525
-0.2118171327734365,-0.11119941455626287
-0.21281592722689843,-0.08857666350783097
-0.2135890127020706,-0.06605790841552057
-0.21433710322888966,-0.08354437829214276
-0.21505991635467622,-0.06103579906104875
-0.21575783854446945,-0.07853289499989116
-0.21643059183109692,-0.05603538872668906
-0.21707856713191062,-0.07354400118567063
-0.21770149089857818,-0.051058451633810883
-0.21829975843354507,-0.06857945762714737
-0.21907276595622346,-0.08600623646612454
-0.22001956484010954,-0.10333751979668013
-0.22093952843771109,-0.08067255365799811
-0.22163336590170804,-0.058112582455754944
-0.22210213583089744,-0.03565933287328313
-0.22234691399468598,-0.013314512336608856
-0.22256845855681037,-0.03097931039851651
-0.22276653080257933,-0.008653413280875565
-0.22274189512015294,0.01356199613476701
-0.22269533014402243,-0.004234248528076939
-0.2226266173980486,0.017958189772465365
-0.22233654127588043,0.04003815150327854
-0.22182623476693508,0.06200399517657729
-0.22129651259437774,0.04395459741642632
-0.2209468573566833,0.025990836950288983
-0.22057674042756578,0.048013579996362465
-0.21998696785626518,0.06992169481862066
-0.21937835942610276,0.051814066344022254
-0.2189504027126366,0.03379158161157435
-0.2187022394001756,0.015855613700462186
-0.21843333210291224,0.03790702166992632
-0.21814414359907844,0.019945165115337726
-0.2178344713942623,0.0419704056304174
-0.2175047810348074,0.023982106811304218
-0.2171548727543681,0.04598063425994538
-0.21678521478723656,0.027965355587727236
-0.21659527543149665,0.01003713896009685
-0.2163845118665401,0.032096839943795155
-0.21615338147090657,0.014143814605074995
-0.2161013418026307,-0.0037210804858779367
-0.21602783941725226,0.018402998593694715
-0.21573365576947,0.040414897677079814
-0.21521992085636837,0.06231298058654618
-0.214687446355962,0.04419612919961588
-0.21413604635265804,0.06606472889870442
-0.21336653731683555,0.08781766857251808
-0.2125797492467057,0.06955385377280343
-0.21177551430981015,0.09127369361968671
-0.21095433223864582,0.07297659934205333
-0.21031570239285002,0.054763482817323364
-0.2098587779924626,0.036635741955519815
-0.20938303293914667,0.05849426063670678
-0.20888894105045672,0.04033842326463859
-0.2085759760399585,0.02226911476823353
-0.20844326575170843,0.004287705988945654
-0.20829025898265846,0.026295053621501772
-0.20791773930140878,0.04819001622917808
-0.20732683869185964,0.06997097032119319
-0.20651870527552504,0.09163631187626187
-0.205694168533188,0.07328495494715764
-0.20485306003019116,0.09491731710704973
-0.20399587881254444,0.07653281798927873
-0.20312245805293236,0.09813187928486936
-0.20223329836355142,0.07971392474030761
-0.20132823444216633,0.10127938015466678
-0.20040776838500043,0.08282767337700023
-0.19947173633284865,0.10435923430308547
-0.1985206417840283,0.08587349487243764
-0.1977539876572232,0.06747138760634329
-0.197170930525422,0.04915433099020251
-0.19677061285449912,0.030923727950922943
-0.1963524977424462,0.05268046725290999
-0.19571738273829825,0.07432343951022324
-0.19506607890265662,0.055951551802533264
-0.19439839945115758,0.07756521458129331
-0.19351515973539224,0.09906334166929993
-0.1926171883861252,0.08054486341562835
-0.19170431595616952,0.10201021359918039
-0.19057737490073928,0.12335832942562874
-0.18943721072012706,0.10468816467974348
-0.18848333601873032,0.08610067516800547
-0.1877149168225011,0.06759730264032718
-0.18713110481774467,0.04917947326522914
-0.18653137209059115,0.0707480990236261
-0.18591619036285015,0.05230259226045937
-0.1854850309737373,0.03394386568417983
-0.1852370191159801,0.015673317752154865
-0.18497160065986853,0.037391832609466866
-0.18468922139033975,0.019098794643943994
-0.1843896615732336,0.04079458994737008
-0.1840733692716409,0.02247860631857707
-0.18393979241208366,0.004251731807561096
-0.1837883676050629,0.026014841562242874
-0.18341986604926772,0.047666812384578885
-0.18303507259404297,0.029306537348871675
-0.18283343980144529,0.011034911251969093
-0.18281407426664634,-0.007146685457437175
-0.18277640344294308,0.01466261326226729
-0.18252118946311197,0.03636167506126241
-0.1820495427856589,0.05794888527607688
-0.18156225533639328,0.03952314699522284
-0.18105912123692583,0.06108486650823276
-0.1803409367872899,0.08253295330648698
-0.17940884619418196,0.10386583469775981
-0.1782640092945928,0.12508195732535227
-0.17690760136215783,0.14617978722660246
-0.17534081291293346,0.1671578098891695
-0.1735648495106217,0.18801453030509666
-0.17178059698793197,0.1688489715643259
-0.17018760758835486,0.14976215883170618
-0.16858542086644915,0.1706551047198637
-0.16677490958862995,0.1914268238298562
-0.1647572933757026,0.21207584881240338
-0.16273347184088632,0.19270123041701495
-0.1609030107315929,0.1734040214662354
-0.15926512824641284,0.15418576076743154
-0.15781902727354963,0.13504797157808102
-0.15656389554669217,0.11599216153138342
-0.1554989058016215,0.09701982256380101
-0.15462321593353243,0.07813243084452637
-0.1537363037383841,0.0992309481652081
-0.15283864615067436,0.08031483648756194
-0.15212971922712576,0.06148505793887179
-0.15140898696812377,0.08264256165178785
-0.15047724722288644,0.10368629831351948
-0.14933564533629434,0.12461473623560501
-0.1479853418744581,0.14542636286991223
-0.14662717784970292,0.12622018340571833
-0.1452609954492627,0.1469967062086351
-0.1436876380181985,0.1676549428113773
-0.14210796120470331,0.14829392105997044
-0.14052182160515003,0.1689141720086354
-0.13892974216337006,0.1495152284498016
-0.13733157881992863,0.170097624901938
-0.13572785382832686,0.15066089759772983
-0.13431808782118462,0.13130608301335275
-0.1329017886309388,0.15193420470046606
-0.13127979719435054,0.17244428782763258
-0.12965296661541723,0.15293537378401462
-0.1282208162280187,0.13350850561503705
-0.1269825179170559,0.11416521193722859
-0.12573756294434013,0.13480650686492374
-0.12448644118763702,0.11543190455327644
-0.123228975709001,0.1360419206475328
-0.1217659906566549,0.15653557373260063
-0.12029832241256692,0.13701189847968787
-0.11882580823976656,0.15747143254163887
-0.11734895168388641,0.13791371508341926
-0.11606725464136264,0.11843978531210544
-0.11478020618214321,0.13895066930960986
-0.11348829387286465,0.1194458931165159
-0.11239100376267866,0.1000264827222414
-0.11148747462355102,0.08069394944121426
-0.11057716477859712,0.10134928984252753
-0.1094608659268757,0.12189150175424926
-0.10833938220985752,0.10241959887163081
-0.10741218427758313,0.08303459619729497
-0.10647873019660106,0.10363749541894807
-0.10533981135835843,0.12412729945492786
-0.10419623154595493,0.10460302706204558
-0.10324746100058954,0.08516569827541232
-0.10229295732979114,0.1057163197857941
-0.10113351141610524,0.1261538994848076
-0.09977026106748081,0.14647696253074782
-0.09840402416310044,0.1267845514023688
-0.09723428480291899,0.10717770987783523
-0.0960605142156954,0.12755746840960394
-0.09488318208417214,0.1079233572088231
-0.09390175653289869,0.0883764062360771
-0.09291569295385473,0.1088176320364939
-0.09192544533251781,0.08924655082597896
-0.0911304662365569,0.06976417848379475
-0.09033019564230714,0.0902715173895019
-0.08952507226167075,0.07076806951102645
-0.08891453353162562,0.05135483639907153
-0.08849766985816332,0.032033304567556375
-0.08807389144822131,0.05270444542754979
-0.08764360755469698,0.0333677298375392
-0.08740622646734662,0.014124128101648516
-0.08736080975807589,-0.005024904646122118
-0.08730673911418638,0.015821571495832392
-0.08724439558466618,-0.0033370042492197223
-0.08717349415566084,0.01749980812398688
-0.08709441707604505,-0.001668550594972451
-0.08720654593283403,-0.02074114028877991
-0.08750891589763485,-0.03971653612453631
-0.08780088256101805,-0.01869382861243985
-0.08788313576323062,0.0022258924101911243
-0.08775671324980062,0.023041053857127576
-0.08762233382246137,0.003850599459381692
-0.08767938349366045,-0.01524452624348151
-0.08792690181610505,-0.034242893974448914
-0.08816424871691765,-0.013243589778290436
-0.08819211832813864,0.0076523009938664795
-0.0882112180587927,-0.011456291696138064
-0.08822125724986656,0.00943106433614153
-0.0882226125833696,-0.009686197957452635
-0.08821499474124331,0.011192355144949973
-0.0881987817310493,-0.007933841861752305
-0.08837335096148996,-0.026963855165516748
-0.08873773348896251,-0.04589626624863548
-0.08909128085202626,-0.024830171945734867
-0.0894343443188713,-0.043766169885454675
-0.08976660946392488,-0.022703857025861217
-0.09008842949451616,-0.04164382964789161
-0.09059915732733818,-0.06048518480768904
-0.09109813441924099,-0.03932703348620896
-0.0913860366816498,-0.018270486029390614
-0.09166355355320377,-0.037216637526046384
-0.09193037665527828,-0.01616508089544646
-0.09198719978489564,0.0047830931185741665
-0.09183506465320407,0.025626310567304588
-0.09167469403596229,0.006463514363176336
-0.09170547792761012,-0.012604351729062348
-0.09192645987037697,-0.03157585916359222
-0.0923366692046686,-0.05044959613123215
-0.09293512123672194,-0.06922416761679213
-0.09352115199015697,-0.04799869399613181
-0.09409509745381968,-0.06677379647529827
-0.09485629357540432,-0.08544859708174027
-0.0956040650926948,-0.06412223181119321
-0.0961390714484041,-0.04289583606513857
-0.09646232044654045,-0.021771028567657315
-0.0967745014040438,-0.0406489112943581
-0.09727497130595797,-0.05942858547616347
-0.09776307571892359,-0.03820916620719709
-0.09803949470497969,-0.017091767884852303
-0.09830492189358479,-0.03597748958758511
-0.09855905313652065,-0.014865928162409173
-0.09880225191685017,-0.033757679677253086
-0.09903421600769582,-0.012652339415491994
-0.09925531079776824,-0.0315505018701274
-0.09966490136669945,-0.05035126219686557
-0.1000623413147147,-0.029153729364474433
-0.10024831867593698,-0.00805901159571314
-0.10022386957325297,0.01293129971234656
-0.09999004595181733,0.03381563151426004
-0.0995479153952077,0.05459242918159131
-0.09889856094093673,0.0752601565661313
-0.09804308089534271,0.09581729606095757
-0.09718225406454704,0.07636284720100651
-0.09631586048908634,0.09689731210553287
-0.09524468143273315,0.11731969547245401
-0.094169510533667,0.09772901772817406
-0.09328980787201914,0.07822630046779241
-0.09240502087919725,0.09871255183284977
-0.09151559566432894,0.07918727959859051
-0.0906213115866543,0.09965099262590235
-0.08952294916143637,0.12000270231357979
-0.08842130121154217,0.10034143574768316
-0.0873161615187352,0.12066772259962164
-0.08600832481249968,0.14088059511774406
-0.0844989325045759,0.160978602732757
-0.0829888058356436,0.14106081210950452
-0.08167743202573376,0.1212282911239381
-0.08036428518315329,0.14138209423603457
-0.07904983763057685,0.12152177557225086
-0.07793355989380213,0.10174838891434329
-0.0770145749449906,0.08206347307423478
-0.07629199045062465,0.06246855036406447
-0.07556523352018817,0.08286462798496398
-0.07483472995127984,0.06325121257379715
-0.0741002388039799,0.08362881165620059
-0.07336218572539044,0.06399693364162891
-0.07262032960742124,0.08435608781787915
-0.071875095911435,0.06470578434601224
-0.07132590874280598,0.045147032796422015
-0.07077217967992551,0.06558082898767265
-0.07001465368694804,0.08590616953481113
-0.0690544227682059,0.10612156791833671
-0.06809225911803599,0.08632605454114742
-0.06712793585761634,0.10652016216901504
-0.0661618924426778,0.08670342446464356
-0.06519390132117157,0.10687637597960918
-0.06402473584115544,0.12693805360504257
-0.062855181404366,0.10698750971943427
-0.06168502411951796,0.12702529908519195
-0.060315050793150186,0.146950478838733
-0.05874639466619768,0.16676162309443207
-0.056980203146059595,0.1864573244532916
-0.05501763762149028,0.20603619405112686
-0.053059538693685585,0.1855973601463284
-0.05130541232783825,0.16524195209124443
-0.04975441617992855,0.14497158424121742
-0.04840569184499015,0.12478785441723389
-0.047258365022839983,0.1046923438290078
-0.046111880267900376,0.12458611845843795
-0.04496668023550683,0.1044687436010669
-0.04382254025752191,0.12434078531387925
-0.042679901668174904,0.10420181040514354
-0.041538538463198854,0.12405238642377231
-0.04019922520921177,0.14379158310745227
-0.038862748198809374,0.12351848552792524
-0.03772855952207658,0.10333417952671557
-0.03659609797992348,0.12313973708845721
-0.03526613499791734,0.14283423088213273
-0.03393945369852063,0.12251674886468233
-0.0326158375563971,0.14218788117500653
-0.03129573580795665,0.12184721866320404
-0.029978930110904228,0.14149535287773368
-0.02846620245405481,0.16103137751136143
-0.02695834631288167,0.14055440154427365
-0.025455155304838308,0.16006503613598555
-0.023957088598940093,0.13956289315249532
-0.02266360299203732,0.11914908369303984
-0.021374141739627962,0.13872470491968303
-0.020089145887169774,0.11828935313811043
-0.01900805426407226,0.0979441237848489
-0.017930292315523073,0.11759009825892794
-0.016656618018126294,0.13712635846308036
-0.015387800953947012,0.11665200140733115
-0.014123610967624087,0.1361676261029983
-0.012864483577721656,0.11567283209194665
-0.01180985205475101,0.09526871797545056
-0.010958801670377763,0.07495686678756236
-0.010310401951360064,0.0547388444637303
-0.009664041434224304,0.07451570122821011
-0.0090201069163868,0.054286986139506554
-0.008378318036541566,0.0740532485421824
-0.007739060605233684,0.053814038060738256
-0.007301718685356121,0.03367040313470437
-0.006865663427102912,0.05352337785656493
-0.006431264403338295,0.03337249506088813
-0.005998224190895733,0.05321828777821313
-0.0053672462853751116,0.07295979068933983
-0.004539380844923046,0.09259555473512604
-0.00371535784611709,0.07222464717271677
-0.002894907826866798,0.09184763701536602
-0.002078427300195999,0.0714640935659058
-0.0012656454179866073,0.09107458640816021
-0.00025729188494596675,0.11057818685716514
0.0007458918817353822,0.09007398110657394
0.0015444986763286192,0.06966305566654443
0.0023391345867088266,0.08924648273926007
0.0033290730760232434,0.10872333476239701
0.004313575905975981,0.08819269901499485
0.005093239060400785,0.06775566305542106
0.005669006410365186,0.04741379863863973
0.006241502874548649,0.06706816164546581
0.007010020583159214,0.08661780808658853
0.007773839800172855,0.06616180871060753
0.008533240262549202,0.08570073590249548
0.009287835765253199,0.06523416221732796
0.009838242079651224,0.04486315891363574
0.010385088117433544,0.0644887827896094
0.01092800459410373,0.04411058927052959
0.011267624029854602,0.023829632402640688
0.011604591912676421,0.043546951691483815
0.011938555361053298,0.023262085191452796
0.012269828540734053,0.04297557096012418
0.012598059331342762,0.0226869470546738
0.012723897243091305,0.002497250069520583
0.012848004579061137,0.022307501976817905
0.013169710513761522,0.04201672467649861
0.013488332013369998,0.021723954608721615
0.013604519756326632,0.0015302281984093807
0.013718937212192046,0.02133656723741972
0.01403091472009802,0.04104199343466265
0.01453943582554771,0.06064504448695285
0.015243469538489958,0.08014427559625077
0.015942305091989833,0.05963875806814005
0.0166362311972042,0.07912906475230605
0.01752453604414939,0.09851427003501301
0.018606161556767097,0.11779296444550752
0.019880035652519213,0.13696375616721618
0.02134507241918523,0.15602527108852807
0.02300017229215737,0.17497615285155804
0.024844222232213248,0.19381506289889575
0.026876095903746008,0.2125406805183459
0.029094653853431816,0.23115170288566542
0.03129907827264809,0.20974734364696976
0.03348955225603623,0.22832831834318396
0.03566559438902977,0.20689434292820386
0.03782739208526821,0.2254461337450664
0.03997446825696857,0.2039834075026573
0.042107014651868786,0.22250688125204118
0.044424223939797114,0.24091577382166604
0.04672527855340129,0.2193093189498245
0.04901036202899797,0.23768825216600073
0.05147865900972394,0.2559518107658879
0.0539293440861446,0.234199246942063
0.05636259313696491,0.25243131466355756
0.0587779179153577,0.23064776819077598
0.061175499385145486,0.24884936204845134
0.06375451980657457,0.2669353524575002
0.06631415157621554,0.2450050104641589
0.06885456856695095,0.2630591088180306
0.07157494613023192,0.2809969219438281
0.074474115352426,0.2988172405271328
0.07755089531548802,0.3165188730050387
0.08060442785796182,0.294201144138141
0.0834351914153559,0.27196537896630274
0.08624368010179512,0.2897128881605683
0.08922905779096299,0.3073429825431469
0.09219047903842621,0.28495498766992533
0.09512810042068096,0.3025497307035344
0.09804141511975183,0.28012703892181307
0.10073092084091324,0.2577882382260256
0.1031974655590198,0.23553513849373175
0.10564158067656804,0.25326903348538715
0.10826246718507081,0.27088921682585
0.11085931658452995,0.2484949965900392
0.11323265680299552,0.22618768072082643
0.11558303127412305,0.24386856238470636
0.11790998759739253,0.22153743303722567
0.12001407753549455,0.19929558239499875
0.12209586817373079,0.21704428525232766
0.12435459599545312,0.23468281600752475
0.12658948779894832,0.2123104632517874
0.12860110661444177,0.19002851519031605
0.13039036536246468,0.16783874354288672
0.1321578600073292,0.18564240345656047
0.13390319029731074,0.16343924803498092
0.13542695975873664,0.14133052831587375
0.1369297868521445,0.15921748009315584
0.13841129362786694,0.13709983699041808
0.13987177113553098,0.15497833189933458
0.14131084608323863,0.13285269696031077
0.14252914874669248,0.11082416208451258
0.1437273241237353,0.1287939417788973
0.14490502058834548,0.10676174822262
0.1458628898819096,0.08482879125003363
0.1466019328499525,0.06299676371996574
0.14732283259076293,0.08116684143873854
0.14822494060749614,0.09923819915810697
0.1493072631352056,0.11720952663569115
0.15056879338904544,0.13507953014194743
0.15180884631296726,0.11294743104852589
0.1530277378246213,0.13081395125877965
0.15442478480595107,0.1485783131904231
0.1559989593479884,0.16623925437226786
0.15774922100008193,0.18379552894590367
0.1594748515195667,0.16134640624878244
0.16097646870091928,0.1389931547811373
0.16225504002963387,0.11673752611077137
0.1635112158312485,0.1344807547900067
0.16474465000712094,0.11222257288924445
0.16595566544082052,0.1299637114370828
0.16734358607088531,0.1476034018610301
0.1689073911344611,0.16514039058391763
0.1704463819987037,0.1426739390669376
0.17176119598836698,0.12030530777813345
0.17285282003812732,0.0980362400987675
0.17372225842340783,0.07586846078352304
0.17457019799038148,0.09370317733969451
0.17539632888944723,0.07154009456460207
0.17620100997936058,0.08937991598956743
0.17698393548110147,0.06722234386615458
0.17774546829840956,0.08506807915214944
0.178684972088043,0.10281632295652914
0.17980146550096143,0.12046579114013464
0.18089428901131524,0.09811571436297155
0.1817641187416626,0.07586732205696578
0.18261164552963297,0.0936218277949321
0.18363622899405202,0.1112784438276758
0.18463721844262024,0.08893639568368522
0.1854152987798188,0.0666969076011048
0.1859715041562878,0.04456168643919875
0.18630688569675474,0.02253242014365313
0.18642251131052665,0.0006107776725358532
0.1863194655012531,-0.02120159107548007
0.18619851459264958,-0.0030035538723007793
0.1862590928744562,0.015104019844956011
0.18650028892340048,0.03311977504184689
0.18692117784540518,0.05104237260105021
0.18752082143503204,0.06887048937655554
0.188298268335458,0.08660281824598963
0.18925255419896556,0.10423806816108314
0.1903827018479283,0.12177496419628223
0.19148805601960683,0.09931274613717614
0.19256896260715003,0.11685215391111502
0.19382476864629083,0.13429242757001525
0.1950548111395777,0.11173282042894703
0.19605976296412173,0.0892745844954081
0.19704031193745578,0.10681895583643682
0.19819581488283672,0.1242651691138758
0.19932561853608313,0.10171247218224386
0.20043007086928866,0.11916161297723923
0.2017085210769095,0.13651183949804835
0.2029603083993827,0.11386241294544523
0.20418577344692174,0.13121409460891903
0.20538459276900584,0.10856664438927979
0.20655711217380024,0.12592082077943084
0.20770301338058086,0.10327638084583485
0.2086229819221126,0.08073457875142392
0.20951771829245058,0.09819665258157455
0.21038692659420727,0.07566233742152031
0.21103131452310675,0.053232865340420515
0.21165160451467444,0.0708094522201002
0.2124471878070868,0.08829131229355858
0.21341711076225559,0.10567717420442717
0.2145604071080734,0.12296578251303068
0.21567643268114464,0.10025639628389846
0.21676554466571302,0.1175497745154913
0.2180271015782746,0.13474517612214107
0.21926045208971814,0.1119418730717976
0.22026628093097275,0.08924113581448688
0.22124528795675952,0.10654421864863356
0.22239684220877853,0.12375037425555921
0.22371996823709037,0.14085836975494692
0.22521367834261902,0.15786698820692605
0.22687697273676727,0.17477502865395805
0.22850917428477527,0.15168180470258602
0.23011060774521805,0.16858812994742234
0.2316809343384647,0.14549381648903897
0.23322048506502166,0.16239967491005847
0.2347289273568336,0.13930551425197282
0.23600693297849176,0.11631264053344133
0.2372551891738194,0.1333223435716877
0.23847338731187714,0.11033441005537062
0.23946222287021057,0.0874501235241453
0.24022274116352169,0.06467124973459908
0.24075600506753603,0.041999535121694326
0.24106309482539534,0.019436706720929352
0.24134477326995007,0.036883973551155844
0.24180047196622795,0.0542405426140126
0.24222961211218041,0.03160563349760899
0.24263261585636325,0.048979965270871284
0.24320890627804967,0.0662627564717251
0.24395756162159993,0.08345273970943189
0.24487764753532032,0.10054866317194662
0.24576855181082075,0.07764978921475307
0.24643099820191552,0.05485737833360825
0.24686606006830383,0.032173173075229294
0.247074828097793,0.009598896501879374
0.24705841011107843,-0.012863747883327923
0.24701759628245518,0.004686425249532684
0.24695217986406992,-0.01775090239855773
0.24666295716422976,-0.04007455276303251
0.24615107327126415,-0.062282866036851806
0.24561735518937894,-0.04447470073779149
0.24526129797808455,-0.026750917700735677
0.2448823856499849,-0.0490123654657309
0.24428143706891622,-0.07115789483372283
0.24365928500634798,-0.05328637348443337
0.24321543019737707,-0.03549867142606848
0.24274936223840787,-0.05769564638240049
0.24226157090185846,-0.039876656889203575
0.24175188069672496,-0.06204206375520316
0.24122078417924128,-0.04419123006485247
0.24066810859670795,-0.06632452118041088
0.24009434919810568,-0.04844130474424207
0.23949933587788275,-0.07054195068041587
0.2386839010698653,-0.09252533265486526
0.23784889088676006,-0.0744903412324794
0.2369941537592918,-0.0964373707827613
0.23592054041279784,-0.11826531947883383
0.23482891500612674,-0.10007310245178022
0.2337191437701997,-0.12186113869355696
0.23259176040072263,-0.10362884959492977
0.23164629811748297,-0.08547715748278878
0.23068227847808173,-0.10730697246007354
0.22970022269206258,-0.08911770549668196
0.22889965159762082,-0.07101026842658203
0.22808007447604894,-0.0928855607891429
0.2270423349498986,-0.11464248437978315
0.2259872900394552,-0.0963799578627856
0.22511446421885667,-0.07819890221596865
0.22442303573061448,-0.060100724654425806
0.22391216882146409,-0.04208681710768141
0.2233813484788685,-0.06405805761541666
0.22283105966388586,-0.04601382488100257
0.22226112187322325,-0.06795449973117733
0.2214723570347319,-0.08977896657590552
0.22046593523183095,-0.11148562802352394
0.2194427078399826,-0.09317340494209969
0.21840252825013415,-0.1148427219041612
0.21714625184632627,-0.13639250718319107
0.21587474714563112,-0.11792170590547602
0.21458788443777746,-0.1394307669505523
0.2132862011789513,-0.12091914148669722
0.2121692340522055,-0.10248778150582294
0.21123617319899538,-0.08413812520267011
0.2102865290387215,-0.10577109690737858
0.2093208115013685,-0.08738612163427699
0.2083388645893776,-0.10898362653683838
0.20734119968967413,-0.09056304090450634
0.20632766221892362,-0.11212479615886645
0.20529876493563126,-0.09366832585008146
0.20425435458547367,-0.11519406565267475
0.2029952797968117,-0.13660095481991338
0.20152273680518615,-0.15788745079350583
0.1998379371732528,-0.17905203071787318
0.19814177301015193,-0.1601936900354524
0.19663380311127215,-0.14141342646546431
0.19531323927317656,-0.1227127239201814
0.1939796131132659,-0.14399255243298692
0.19263345530258266,-0.12525238270267694
0.19147429554456047,-0.10659318608561921
0.19030165139155902,-0.12791592143217692
0.1891160395618312,-0.10922004817416178
0.18811697591910412,-0.0906065263185357
0.18730362970659747,-0.07207680182704428
0.18647549036904446,-0.09353180654924985
0.18563304678780404,-0.07497097277180585
0.18477612184520187,-0.09639473467391947
0.18370554032235453,-0.11770202978304009
0.18242247462596378,-0.13889131358587875
0.18112777792720333,-0.12006155958568411
0.18002097030427955,-0.1013137432846028
0.17910122506011844,-0.08264932610354928
0.1783677009614203,-0.0640697538555432
0.1776198769784053,-0.0854759581376682
0.1766585661042941,-0.10676687233922216
0.1754849289997584,-0.12794094771202716
0.1742998071327707,-0.10909715342861034
0.1733027089221188,-0.09033646056547426
0.17229313063937066,-0.11155982748221488
0.17107190231127833,-0.132666214368409
0.1696402013638653,-0.1536540993110625
0.16819888576194128,-0.13462247834994026
0.16674781473564385,-0.15557185091633
0.16528751417787238,-0.13650171836529534
0.1640175087083634,-0.11751308250738383
0.16293697590892336,-0.09860743098468733
0.16204507856336636,-0.07978623574199878
0.1611412993981648,-0.10095045441661037
0.16002645490285608,-0.12199904634432292
0.1589013743921078,-0.10303098716930172
0.15776588865078897,-0.12404675574419309
0.1564208299165531,-0.14494533412367655
0.15486737760811303,-0.16572522217177182
0.1533063914656455,-0.14648543761543603
0.151937397694906,-0.1273270000232787
0.15055990986983966,-0.1481509161801538
0.1489747748356761,-0.16885619462954993
0.14718318635375258,-0.18944136173657117
0.14518635282514258,-0.20990496319716287
0.14318516251376898,-0.19034606262843157
0.14117950427329443,-0.2107652270008254
0.13897026752830335,-0.23106152662217416
0.1365586880012709,-0.25123354973551804
0.1341456808517558,-0.2313804025632611
0.13193082681939816,-0.21160319327647847
0.12991335854217376,-0.191903515901803
0.1280924927961453,-0.17228294878185044
0.12646743065270027,-0.1527430544960049
0.1250373576365712,-0.13328537978317156
0.12360177846795173,-0.1538109569248282
0.12216119630110296,-0.1343193182860034
0.12071544729227096,-0.15481099776251964
0.11926503391783594,-0.13528553077020614
0.11780979162576555,-0.15574345423355632
0.11635022215398637,-0.13618430657474884
0.1148861601820613,-0.1566086277021165
0.11321844123312043,-0.17691546045731532
0.11134824740484671,-0.19710336521790822
0.10927677509597149,-0.21717092140462307
0.10700523481560743,-0.23711672752807672
0.10453485099212492,-0.2569394012333617
0.10206652719825993,-0.23673807788416867
0.09979983229672747,-0.2166138945304873
0.09753432134444083,-0.23646797527225402
0.09527054691399042,-0.21629994433253655
0.09320805907787898,-0.1962109260370834
0.09114639423066814,-0.2161020316382565
0.08908608641168118,-0.1959728723901121
0.08702700187377645,-0.21582406098818313
0.08496967240242682,-0.1956552115512771
0.08311362738484392,-0.17556743814443218
0.08125838263368006,-0.19546184160465357
0.07940445171126849,-0.1753380226178047
0.07755168049991604,-0.19519658316020594
0.07550091510581707,-0.21493662794058832
0.07345301300874088,-0.1946572775391749
0.07160749712819989,-0.1744596538371856
0.0699635421481713,-0.15434536392558662
0.06852030676329703,-0.13431599856743354
0.06707726842588399,-0.1542726335789625
0.06563490258941386,-0.1342148443686667
0.06439268269804944,-0.11424370592436288
0.06334973443064384,-0.09436077818632237
0.06250516794948331,-0.0745676045156006
0.061658412649770705,-0.09476521308111002
0.0608098964055586,-0.0749531314046729
0.059959380144952605,-0.09513188781239172
0.05890762575883821,-0.11520051288637431
0.05785540725528339,-0.09525805261358533
0.057002164830324276,-0.07540555382511913
0.05614732578054006,-0.09554404957304738
0.055091650416088836,-0.11557257367515322
0.05383624571544793,-0.13548967678034315
0.05258189847560152,-0.11539442642205727
0.05152806146594018,-0.09538789099689596
0.050474174340656694,-0.11537112513922151
0.04922100955162522,-0.1352431842636557
0.04776968600300732,-0.1550026406282648
0.046121336784660794,-0.17464808484408625
0.04447677440502961,-0.15427862446584548
0.042835811527806716,-0.17389486942462873
0.04099926096288298,-0.1933959320125105
0.03916794681974329,-0.1728809400227308
0.037341693160665775,-0.19235052363866081
0.035520989408210135,-0.17180431395800821
0.03370565700276027,-0.19124294297495115
0.03169651731038331,-0.2105655450210627
0.02969440277647207,-0.18987126990340758
0.027699145579211323,-0.20916076979143988
0.02571124303735389,-0.18843369773915364
0.02393018968473808,-0.167791206206842
0.022355131516061486,-0.14723493242736319
0.020785532820790157,-0.1666659983259908
0.019022190013623385,-0.18598352651502353
0.017265910706729934,-0.16528665489239897
0.015716167781768844,-0.14467652207239304
0.014172420303784863,-0.1640542527539496
0.012635124852316415,-0.14341947079861941
0.011104070098545285,-0.16277280067326974
0.009380044716056189,-0.18201336889321187
0.007464183120690992,-0.2011398186208518
0.005357633205951546,-0.22015081116912355
0.0032612215779443485,-0.19914552458616305
0.001374439710824839,-0.17822513762365594
-0.0003035697224928939,-0.15739131364289402
-0.001773680598121691,-0.13664569907449853
-0.003036783171493926,-0.11598992333863142
-0.004093783906866702,-0.09542559876730149
-0.004945605306060561,-0.07495432052876237
-0.005792851153119304,-0.09447716801233311
-0.006635127262497998,-0.07399371937126842
-0.007472706897959314,-0.0935045529720161
-0.008305197441258818,-0.07300924738556541
-0.00893320831088163,-0.05260887992002747
-0.00935769670963101,-0.032305011997735195
-0.009579635367523313,-0.01209918762760576
-0.00979967778398293,-0.031892434796309446
-0.0100174789736289,-0.0116842800174808
-0.010033695466166524,0.008424251671024317
-0.010048996468545018,-0.011467850134580331
-0.0100630525267371,0.008639905703064141
-0.010076200941626694,-0.01125298959522902
-0.010088112434769866,0.00885395527503862
-0.00989945906429126,0.028859733161062686
-0.009710925386383148,0.00886335160890913
-0.00972186253311426,-0.011034181689857283
-0.009931274548620726,-0.030831374972270106
-0.010338150646603492,-0.0505267539244367
-0.010741799968454282,-0.030219360283239478
-0.010942865421052089,-0.010010235821694226
-0.010942337339464286,0.010099093728001156
-0.010741221228312848,0.03010712019777089
-0.010540203002483872,0.010112851588165682
-0.010338969731471997,0.030116797514831782
-0.009938209637872989,0.05001796920694155
-0.00933895784151878,0.06981489411951307
-0.008542264099024557,0.08950611745048614
-0.007549192626074714,0.10909020219734501
-0.006560487335819541,0.08866622775334983
-0.005575892580989422,0.10823477534575135
-0.004595818566906341,0.08779542656765328
-0.003819673431139633,0.0674492619094866
-0.0032465174943209097,0.04719784613499307
-0.0028753955156638512,0.027042726752460944
-0.0025056714491953074,0.04688493540475689
-0.0019380422797395003,0.06662350387572363
-0.0011735516838891637,0.08625698015891062
-0.0004129231863905402,0.06588442851434845
0.0003441190964602347,0.085506414908918
0.0012968504592116808,0.10502200700870239
0.002444199863948395,0.12442978878524967
0.003585416784843293,0.10382886056828095
0.004720750465657862,0.12321982448200422
0.005849784506326179,0.1026022829750892
0.006972770199542521,0.12197683880860119
0.00828895861709072,0.1412425965027546
0.009797254867115161,0.1603981769392006
0.011496550355879598,0.17944221886810752
0.013186057550020662,0.158473877496492
0.014666323818338356,0.1375943084602335
0.015938245098357846,0.11680515173380643
0.01720239905809002,0.1360075315520214
0.018658031261255502,0.15510057240655947
0.02030404150742331,0.17408291510487744
0.02193965067663757,0.15305371681719493
0.02356507998693519,0.1720136365071156
0.02537955099755715,0.19086183491427117
0.027381939866359832,0.20959698915091687
0.02937144419499068,0.18831829274501385
0.03134826228691582,0.20702644106695964
0.033311927734435844,0.18572112985002245
0.03506297733894331,0.16450355371044517
0.03660229685990772,0.14337539151211628
0.03813045417570938,0.16223780628488554
0.039647020031236026,0.1410904597593659
0.04115223345610726,0.15993401380816924
0.04264566843260802,0.1387681304292801
0.044127567230260505,0.15759347172904245
0.04559750707342198,0.1364096999056779
0.04705573347552247,0.15521747723241952
0.048501826906329835,0.13401646604117987
0.049936036125856266,0.15280732870583688
0.051557610267960303,0.17148922908439004
0.053365453094844785,0.19006084711670065
0.05515878983933072,0.1686213788687424
0.056738181043328256,0.14727202050218954
0.058104536221054895,0.12601445218176843
0.05925878160076225,0.10485033653632991
0.060201859948983555,0.08378131858046328
0.06093473039400809,0.0628090256382583
0.06145836824860391,0.04193506726921202
0.06177376483201038,0.021161035196277142
0.06188192729122191,0.0004885032360484841
0.06178387842158417,-0.02008097276891626
0.06168032190339089,-0.0006463535573119558
0.06177062845875534,0.01869139956012191
0.062053822183523275,0.03793084077219927
0.06252891280046764,0.05707054128531918
0.06299523041308767,0.03620958792277849
0.06345310475572154,0.055348568566130095
0.06410186518946015,0.0743865721485838
0.06474082953570198,0.05342270180404397
0.0653703154099938,0.07245756176502116
0.06618964021833883,0.09139025735420069
0.06699810999112754,0.07031990813165333
0.06779603071733625,0.0892471347909255
0.06858304292450819,0.06817155769045853
0.06915978959208624,0.04719429538469234
0.06952726189358317,0.026316949999749914
0.0696864669340444,0.0055411057044454995
0.06983809298679745,0.024767830100160187
0.0701814956504472,0.04389619022715401
0.07071568418088361,0.06292476863328153
0.07143965374454246,0.08185216488915459
0.07215272017224192,0.06077749418459988
0.07265553379263745,0.039801871308842815
0.07314875850719671,0.05882639602678446
0.07383172586470835,0.07775016762329201
0.07450375597741582,0.05667229950996029
0.07496550343744857,0.035693904664033695
0.07521797097479442,0.014816579546698905
0.07526217719388997,-0.005958097424904253
0.07529882180950767,0.01327093551319913
0.07532760638623215,-0.007496761979192336
0.07534889974870619,0.011739369108975526
0.07556207005839446,0.030878388595923793
0.07596613906138071,0.049918871718535054
0.07656011434074499,0.06885941064868903
0.07734298948619518,0.0876986145492292
0.07831374426424821,0.10643510962795542
0.07947134478894136,0.12506753918964708
0.08081474369305397,0.14359456368612136
0.08214321488315335,0.12211535930599798
0.08345703279085882,0.14063060340654537
0.08475580695314544,0.11913997303927241
0.08603981534260778,0.13764414493356386
0.08750833644742298,0.1560422969392203
0.0891603035222137,0.1743331226246169
0.09079497142669132,0.15261583132140621
0.09241259587716767,0.1708911335529264
0.09421243344373854,0.18905824101470295
0.09599373038497955,0.16721637971063977
0.09775673398279967,0.1853662768381375
0.09970069253963462,0.20340716076692317
0.10182450962980232,0.22133777563191054
0.10392741093858587,0.19925738137262666
0.10600962351413237,0.21716673915636558
0.10827037576497102,0.23496511135345857
0.11070855171165811,0.25265127612658983
0.11312335782611392,0.2303245274666932
0.11531533686707363,0.20808615915425818
0.11728538154020296,0.1859379486584707
0.1192340676533073,0.20378115704848068
0.12116097485823342,0.18161554352124767
0.12306635206333005,0.19944186683591172
0.12494978409554917,0.17725988529039474
0.12681152502911858,0.195070356697707
0.12865116484717393,0.17287303836287757
0.13046896276996534,0.19066868705959317
0.1322645139160268,0.16845705900746377
0.13403808262992353,0.18623890984899974
0.13578926914296546,0.1640139946272184
0.1373186774838355,0.14188356630463173
0.13862726121793448,0.11984936112690264
0.1399156565985655,0.13781259854024733
0.14138316872153892,0.15567249718375795
0.14282909243798392,0.1335282894858899
0.14425372368402156,0.15138070855152802
0.14585635947279743,0.16912898814280558
0.14743628672402978,0.14687237581566262
0.14899379359371945,0.16461161980538086
0.150728169466204,0.18224596900587914
0.15243869378371205,0.15987468610475525
0.1541256473760646,0.1774985344673122
0.1557886470360383,0.1551172766560192
0.15742797884462845,0.1727316744080967
0.1590432648292839,0.15034148861375277
0.16043513087206365,0.12804797783582192
0.16180421786318286,0.14575238513242753
0.1633498357706584,0.1633539525893748
0.1650709499681274,0.1808514373734565
0.16696651348376548,0.19824361323232526
0.16883580174962823,0.17562976907578107
0.1704794264304602,0.15311119294090622
0.17209801449387394,0.17058915735341557
0.17389086227991402,0.18796293385714333
0.1756572564120992,0.16533180760612476
0.1773974851252819,0.1826965642472964
0.1793108382558238,0.19995648989698966
0.18139626148591087,0.2171103857315369
0.18365268859224004,0.23415706948285847
0.18607904161175354,0.25109537547382216
0.18847456559105075,0.22802465319343806
0.1908395078318735,0.24494575271426405
0.1931734524654871,0.22185852320368749
0.1952769883602122,0.19886431143504854
0.19735072027426223,0.21586444860183607
0.19939425750792847,0.19285876338333058
0.20120821389293497,0.1699485819169133
0.20279355352714462,0.14713571315672466
0.20435092392105478,0.1643214487861399
0.2060796421476649,0.18140507920523707
0.20777901575050217,0.15848590812250096
0.20944935406846166,0.17556473943717793
0.21109030280629207,0.15264137575712225
0.2127021773549652,0.1697166183748233
0.21448429486166906,0.18668976870247422
0.21643562847062697,0.20355964286279632
0.21855513956829076,0.2203250731848783
0.22064211252891766,0.19708540678148798
0.2224971685395748,0.17394198951028922
0.22412127924980835,0.15089664987299836
0.2257150999164067,0.16785069892677143
0.22727829013485792,0.14480394481227302
0.22861151382470224,0.12185769273004034
0.2297157849602761,0.09901373030321638
0.23059213529662007,0.07627382603578582
0.23124161417788008,0.05363972923152474
0.2318649537615765,0.07101267137360304
0.23266155516301684,0.0882918821207996
0.2334308093579545,0.06557660390796399
0.23397344308548243,0.04296807737880491
0.23449019790907447,0.06036752675654848
0.23518048427710508,0.07767417438277754
0.23604336784160726,0.09488675677724209
0.23687823628152857,0.07210452468596061
0.2374858131222236,0.04942872705482964
0.23786717137973484,0.02686109494116542
0.23802340128362465,0.004403339979134342
0.23795561008237265,-0.017942845694108474
0.2378645872647125,-0.0002762880516340993
0.23775012528451778,-0.02259731663168221
0.23741301953975252,-0.04480476454432829
0.23705407951364957,-0.026997481633470103
0.2366731174154751,-0.04917582138737088
0.23607094815870108,-0.07123864094254248
0.23524873508476685,-0.09318431570128749
0.2344073230988681,-0.07511173939543477
0.23354655939268917,-0.09702130953342926
0.23266695883794483,-0.07891242594083123
0.23196803604648122,-0.06088598930018993
0.23124929418478649,-0.08284288799352235
0.2303115708722063,-0.1046820126541041
0.2291560518207942,-0.12640177223875468
0.2279836039705414,-0.10810109408793805
0.2267940962115858,-0.12978040936922997
0.22558806477726706,-0.11143915161420788
0.22436537988710992,-0.13307775671306202
0.22312657905666694,-0.11469566290945529
0.22187153374060933,-0.13629331079471685
0.22060078264268124,-0.11787014330228768
0.21951386377557283,-0.0995271042431696
0.21860996869191393,-0.08126562368566606
0.21788827471993602,-0.06308711643015841
0.21734794511647787,-0.04499298194412922
0.21678846380396508,-0.0668841057573725
0.21601064918709184,-0.0886593754733514
0.21501566779444142,-0.11031719684267148
0.21380470199880722,-0.13185599528271416
0.21237894982022826,-0.1532742159366122
0.2107396247284462,-0.17457032372996345
0.20888795544480662,-0.19574280342528846
0.20682518574362677,-0.21679015967423768
0.20475223966971928,-0.19781141560922103
0.20286870767634707,-0.17890759681850246
0.20097416752171035,-0.19997971671712805
0.1990691955826213,-0.18102728962727652
0.19715370141419716,-0.20205083222319462
0.19502859564314207,-0.22294936497636492
0.19269513569010374,-0.24372142675601213
0.19015459348756147,-0.26436557633420826
0.18740825528057323,-0.2848803924303686
0.18445742142708904,-0.30526447375353605
0.18130340619785243,-0.32551643904246064
0.17794753757591217,-0.3456349271034812
0.1745908224724327,-0.3257190953878831
0.17123326744641162,-0.3457696054111086
0.16767587867881836,-0.3656856227238214
0.16392000769264953,-0.3854658314967536
0.1599670190686716,-0.4051089360102091
0.15601795566084534,-0.38471415922468
0.1522725247323909,-0.36438272673501426
0.14853041885059437,-0.38401585212050265
0.14479232719900956,-0.3636132500044768
0.14125793555255206,-0.3432761360202484
0.1377269150906411,-0.3629057136214087
0.13419993371103378,-0.34250168714325513
0.1306769905898667,-0.36206476322889986
0.12715874949214068,-0.3415946507973755
0.12364520541572012,-0.3610920610112158
0.12013701790246151,-0.3405567072444314
0.1168338430995246,-0.3200898035916338
0.11373498799206662,-0.2996930502215987
0.11083974264086593,-0.279368131826013
0.10814738033754889,-0.25911671752861987
0.1054574923440485,-0.27883996225470314
0.102571001712022,-0.29843702271687356
0.09968884234412852,-0.2780070720047933
0.09701061305518038,-0.2576512850069216
0.09433589847525908,-0.2772708237698272
0.09166528037013412,-0.2568653505670482
0.0891983376244814,-0.23653602787432798
0.08673463506305609,-0.25618400518924633
0.08407506935579794,-0.27570843356034347
0.08122088266479711,-0.2951079816369221
0.07817333037019691,-0.31438133716518174
0.0749336808790447,-0.33352720702386934
0.07170288085046359,-0.31264481579951026
0.06848087592475172,-0.33173489120359645
0.06506861070692259,-0.3506966640417315
0.06166703991284732,-0.32962938133832986
0.058276117015354734,-0.3485337932101101
0.05489645964477536,-0.32740965137483435
0.051528016239694246,-0.3462577091179861
0.04797173394817473,-0.3649772227182476
0.044428569774920025,-0.34366746457016184
0.04109814464507963,-0.32242970859727477
0.03778006431010586,-0.34116521560291513
0.03447493067099837,-0.3198737463305912
0.031182676347765798,-0.33855606288916823
0.027903897999339202,-0.3172119287201425
0.02463852297700819,-0.3358421085644875
0.021187477228326163,-0.3543458698883272
0.017552031030284677,-0.3727219974641521
0.01373346671821063,-0.3909692948568383
0.009733078497712662,-0.4090865844492644
0.005751837673048065,-0.38717320600758964
0.0017897133795164817,-0.4052300020885714
-0.0023523274296071046,-0.42315631799892217
-0.006473308833439919,-0.4010515149103038
-0.01037359187713784,-0.37901695526486595
-0.014253553663415948,-0.3969539881184855
-0.018112576026606004,-0.37486246219368696
-0.021751045543755714,-0.3528437258390753
-0.02516969929094951,-0.33089961237496585
-0.02856895801128799,-0.3489314399926817
-0.03194824686943998,-0.3269390262703621
-0.035107995459966006,-0.30502368813689706
-0.038048983560908294,-0.2831872272220651
-0.04097167429908456,-0.3013309297603421
-0.044075200318666206,-0.3193540825695591
-0.047158684707826005,-0.2973559876336535
-0.050222252342109704,-0.31533744897593047
-0.053465029890028645,-0.3331977726260106
-0.05688580007269569,-0.35093578120078395
-0.06028366851106938,-0.3286508139319081
-0.06345907756922783,-0.30644421061867844
-0.0664128200222229,-0.284317795518698
-0.06934537221894291,-0.30217287725063946
-0.07245588024824941,-0.3199087647718848
-0.07574314627984018,-0.33752428341862195
-0.0790062954094125,-0.31511877493411095
-0.08224545491653072,-0.3326930828806731
-0.08565975426800156,-0.35014655260379324
-0.08924797937526438,-0.36747804581026505
-0.09280923943936192,-0.34478694059291703
-0.09614398079191314,-0.3221746153807471
-0.09925300056063913,-0.2996429328268936
-0.10213711441320418,-0.27719373825040183
-0.1049968218000516,-0.29472836099694194
-0.108031292117194,-0.31214613041604905
-0.11103968562705933,-0.28954639044252234
-0.11382249937938083,-0.26703048501006565
-0.11638058087337598,-0.2446002419443814
-0.11891446121495845,-0.2621569728684011
-0.121623341277249,-0.27959998918243767
-0.12450607803583787,-0.2969281181068377
-0.1273618514083734,-0.274240702712847
-0.1301908435068809,-0.29153858733724086
-0.1329925732189495,-0.2688216160907765
-0.1355675641220412,-0.24619113136643345
-0.1379166902264096,-0.22364895919234032
-0.1400408437130838,-0.20119690768013213
-0.1419409347542468,-0.1788367669339509
-0.14361789133271471,-0.15657030896169627
-0.14527232447720684,-0.1742987890468571
-0.14710351441768116,-0.19192146173688535
-0.14891073149883707,-0.16953759543574684
-0.15049458209377375,-0.14724845782873064
-0.15185602225904915,-0.1250557997867277
-0.15319569088488397,-0.14286085528266076
-0.15451323043210993,-0.12066335592451614
-0.155808952339729,-0.13846403239492439
-0.15708250368216534,-0.11626261443299375
-0.15813453507647454,-0.09416032935753754
-0.15916571183497857,-0.11205838889331661
-0.16017570261736894,-0.08995650224867008
-0.16116484483676588,-0.10785537755808591
-0.1623324767321671,-0.12565422332535747
-0.16347792619513643,-0.10345226156409729
-0.16460152209669351,-0.12125021468723626
-0.165702928859921,-0.09904780403195818
-0.16678247978252536,-0.116845749842758
-0.1678398436924252,-0.09464377125515108
-0.1686756928533151,-0.07254308482078356
-0.16949071411567437,-0.09044489133556455
-0.1704842629839295,-0.1082483903775269
-0.17145568452517781,-0.08605279490726434
-0.17220565927814585,-0.06395931670063507
-0.1729348823202939,-0.08186915171927527
-0.1738427173343975,-0.0996814946492336
-0.17472851751669788,-0.07749555350218432
-0.17539297148529484,-0.05541253504890837
-0.17603678234669365,-0.0733336301905863
-0.1766596563451699,-0.051258527039880375
-0.1770623028494584,-0.029288410908633267
-0.1772457800849468,-0.007424949681865089
-0.1772111628611451,0.014330207712797714
-0.17695954238176037,0.03597543137505184
-0.17649202605408307,0.05750911049959982
-0.17580973729770807,0.07892965344159047
-0.17491381535261222,0.10023548777982166
-0.17380541508661115,0.12142506037771032
-0.17248570680221761,0.14249683744203476
-0.17095587604292325,0.16344930457945442
-0.1692171233989266,0.18428096685081277
-0.16747032972899553,0.16509084736489532
-0.16591504230273943,0.14597997125568518
-0.16455046111805868,0.126949849597151
-0.16337577114001237,0.1080019778715257
-0.16239014245709427,0.08913783589789673
-0.16159273043821334,0.07035888776271508
-0.16098267589035958,0.05166658175222007
-0.16055910521693603,0.0330623502867773
-0.16032113057673789,0.014547609857126696
-0.16026785004355953,-0.00387623903746254
-0.1603983477664106,-0.02220781194913333
-0.1607116941303218,-0.04044574053948208
-0.16100728050105514,-0.01868917117737031
-0.1612854984661132,-0.03693875037888006
-0.16154607440486926,-0.015194123341076435
-0.16158973739207305,0.006443567524459126
-0.16161723034688527,-0.011926804244904388
-0.1616282986814832,0.009695137749246734
-0.16142369028705833,0.031208272771875663
-0.16120416668205304,0.0127114961153952
-0.160969491659994,0.03420520600920056
-0.16052043127474327,0.05558830362261767
-0.16005776498801388,0.03695970622325247
-0.15958127431650773,0.058319834083978325
-0.15909140823316306,0.039668109025011694
-0.15858794981827828,0.0610049544137644
-0.15787168416077588,0.08222929662333306
-0.156943744088408,0.10333957964633966
-0.15580527789335982,0.12433426661338187
-0.15465711455724543,0.10531233839255073
-0.1536987498964556,0.08637477757244809
-0.15272966746595867,0.10742255384107141
-0.15155068446354242,0.1283546385324873
-0.1501629653757415,0.14916952069408532
-0.14856768970252762,0.16986570860006633
-0.14696571718144175,0.15054222834601408
-0.1453569085154611,0.171199609285316
-0.14354212535511535,0.19173688401743205
-0.1415225760263475,0.21215260298994024
-0.13949914867055674,0.19254583454689464
-0.13747173197173745,0.21291715036065756
-0.13544088055457998,0.19326612395726192
-0.13360614704928112,0.17369382924126983
-0.13176707091091394,0.19410132732335886
-0.1299241897393175,0.17448817959901053
-0.12807737384502116,0.19485494919185403
-0.1260274941487733,0.21510070239731247
-0.12377576791015976,0.23522402328165778
-0.12152309186843445,0.21532401372740073
-0.11946902838714199,0.1955017774038444
-0.11761279177398454,0.17575890367522728
-0.11575391510550628,0.19599646752074823
-0.1136932640483323,0.21611354552925766
-0.11163171592217848,0.19620923049786065
-0.10976881376264665,0.1763846168625135
-0.10790408722589573,0.19654078606615918
-0.10583839849386122,0.21657682109471424
-0.10377262133793345,0.19659182107536616
-0.10190629518242404,0.1766868867068728
-0.10023861142657793,0.15686360416907513
-0.0985690802713896,0.17702304504430633
-0.09689820995962624,0.1571647808551483
-0.09522584134519428,0.1772893845084837
-0.09355248121276939,0.1573964302815479
-0.09207763434742856,0.13758699234912325
-0.09060079235881793,0.15776213161349717
-0.08912244500581648,0.1379214087855587
-0.08784208018387701,0.11816588437225203
-0.0865591727501995,0.13839660550840438
-0.08527419584938173,0.1186131190396925
-0.08418662090172835,0.09891647151196697
-0.08329557184604043,0.07930819454661744
-0.08240049197044969,0.09968930476944643
-0.08130215773971845,0.11995881981422658
-0.08020135786422211,0.10021577293018533
-0.07909788195196099,0.1204606998798313
-0.07799218591477318,0.1006931374719637
-0.07708372404118047,0.08101412209422026
-0.0763716032403831,0.06142517509006086
-0.07565524987428307,0.08182730268926368
-0.07493508900262368,0.062220010554775135
-0.07421087895738124,0.08260380523586035
-0.0734830446673295,0.06297819416325806
-0.07275134431584827,0.08334368564381431
-0.07201620266559057,0.06369978885551293
-0.0714770431330619,0.04414751238365324
-0.07093327661764541,0.06458785105979575
-0.07018564741436649,0.08491980051018272
-0.06943491228499171,0.06524237176648173
-0.06888049452879143,0.04565657670854263
-0.06852147031172344,0.026163911986377877
-0.06815723550029595,0.04666535895404786
-0.0675885194918462,0.06705989967823459
-0.06701606428645113,0.04744653155074715
-0.06643961314181754,0.06782575419137296
-0.06565991056565611,0.08809656944424865
-0.06487771347038536,0.06835799452973597
-0.06429244524418859,0.04871104748670698
-0.06370351666383,0.06905673255239145
-0.06311133722456842,0.04939455325176473
-0.06271531513266529,0.029825512393303482
-0.06231484613564208,0.05025059890912521
-0.06171065943626501,0.07056880240460876
-0.06090383134818552,0.09077862922867753
-0.059895453030312726,0.11087860399039873
-0.05868663030392974,0.1308672696150801
-0.05747814888592623,0.11084368593992672
-0.05646946054242114,0.09090891369329872
-0.05546000400087545,0.11096399986993831
-0.05445021627934872,0.09100849081575327
-0.053639532678395836,0.071143432218985
-0.0530270410274256,0.05137035448744402
-0.05241214851908521,0.07159027267928028
-0.05179526095675807,0.05180270105012939
-0.05137578274797752,0.03210865304824814
-0.051152771152262695,0.01250962669571263
-0.05112526853360739,-0.006992896935187402
-0.051292302530295604,-0.02639745378514748
-0.05145322080867234,-0.005803095410701776
-0.051608370313263305,-0.025210374429104503
-0.051957097262730914,-0.04451834451523603
-0.05249840140017287,-0.06372557501246115
-0.05303160283132777,-0.042931150989973244
-0.05335735585910857,-0.02223615722545085
-0.05347666264301393,-0.0016421621254509022
-0.053590206353844934,-0.021050217657828475
-0.053897337331992236,-0.04035937535896625
-0.05439705942074479,-0.05956820240338996
-0.05508836222086054,-0.07867528311981359
-0.055970221262388244,-0.09767921904679505
-0.0568419327603692,-0.07667912752806444
-0.05750412745014612,-0.05577612569156547
-0.05795778424751364,-0.03497181436624406
-0.05840356340413839,-0.0541672780108743
-0.05904079266651345,-0.07326160071770511
-0.05966878819323207,-0.052353880820171034
-0.06008820047256804,-0.03154521633274741
-0.060300027981606656,-0.010837188870160056
-0.06030528492400263,0.009768637879702988
-0.06030466646704379,-0.009628783235975089
-0.06029786948231263,0.010971002615203028
-0.06008559254045955,0.03146695225289799
-0.059668881651582704,0.0518575390999167
-0.05904879800098445,0.07214125470279623
-0.058426083184298594,0.052417107333545536
-0.05800014536294702,0.032786105974976915
-0.05757038017802562,0.05314924570199389
-0.05713718208127347,0.033506020772423054
-0.05689994432862189,0.01395742462421697
-0.05685771322814492,-0.005495064741289329
-0.05700952039264232,-0.024849986280934898
-0.05715471749286213,-0.004206394512558751
-0.05709399009040517,0.01633465649847396
-0.05682837129554613,0.036771629215012425
-0.056558574920398744,0.0172035026918377
-0.05628431621902317,0.03763075802290784
-0.05600597729834078,0.018052876882185046
-0.05592293919560388,-0.0014291599359911485
-0.055834570710269184,0.01908561432624515
-0.05554157431956873,0.03949616694291717
-0.055044999835706314,0.05980098177749974
-0.054545577558422466,0.04009905934419669
-0.05404303901452611,0.06039090225275216
-0.05353778236825781,0.040676013746850447
-0.05322920449823224,0.021055396242068605
-0.05311635524547528,0.0015305367082785078
-0.05299860424943548,0.022002406605574325
-0.0526766547803906,0.0423699778948996
-0.052351222813465825,0.022732237652616994
-0.0522216911022772,0.0031901735171010366
-0.05208743009429115,0.02364475907289732
-0.05194880926323851,0.00409546694442571
-0.051805531687413045,0.02454277025438801
-0.05165796737808975,0.00498614262419245
-0.05150581994113489,0.02542605817386894
-0.051149794488754736,0.04576149298072574
-0.050590943380184154,0.06599093969346097
-0.050029999374436085,0.0462134075926538
-0.04966636178669227,0.026529906576461967
-0.04929941740311958,0.046841432542283394
-0.048929551812765794,0.02714748047796905
-0.04875614940203143,0.007549044459414272
-0.04857858218687238,0.027947104492544176
-0.04819755572871158,0.04824064106479022
-0.047813788208654305,0.028528649758905955
-0.04742699908466976,0.04881162815714481
-0.04683790908624315,0.06898857583897378
-0.046047585954677575,0.08905800899264144
-0.045256777595482335,0.0691189604731346
-0.044664898234427694,0.04927246378535038
-0.04407134933205046,0.06941953846324188
-0.0434765309152642,0.04955970315852454
-0.04288017615490373,0.06969347709410414
-0.04228268469343925,0.04982038005953922
-0.04188345472259823,0.030041430947678773
-0.04148187181542841,0.050257634594096254
-0.041078320258761826,0.030468494867692687
-0.040672517631594206,0.050674516126020364
-0.04026484813361497,0.030875203212639684
-0.039855029246959474,0.05107106145398338
-0.039443445064797134,0.03126159665664552
-0.03922947836980915,0.011547813645845506
-0.03901249946708899,0.031830703106687466
-0.03859321210075907,0.05200925613492144
-0.03817233252889822,0.03218247885005433
-0.037749578181442374,0.05235087929883364
-0.03732533307222935,0.032513965993944335
-0.037098979877619766,0.012772746452273852
-0.03706955418620945,-0.006871287422358395
-0.03723607675317948,-0.02641666086126427
-0.0375975536719574,-0.04586191629253267
-0.03815297654648481,-0.06520561340065242
-0.03890132266407104,-0.08444632918411651
-0.0396418897521462,-0.0636831565526786
-0.04037497523130704,-0.08291668976663602
-0.04129987621414328,-0.10204602442813654
-0.04221587834168369,-0.08117027062810347
-0.04292360170344042,-0.060390538383683204
-0.04362367991564634,-0.0796079230133681
-0.04451541419901464,-0.09872151968010626
-0.04559775971477826,-0.11772993945518906
-0.04686965782193392,-0.13663181082857
-0.04833003625168006,-0.15542577975879632
-0.04997780928234414,-0.17411050972094902
-0.051811877914779404,-0.19268468175259673
-0.05363146463154459,-0.171247493039435
-0.05523712723559395,-0.14990014088465306
-0.056629772513712276,-0.12864430661606274
-0.057810323978456236,-0.10748165404694729
-0.058779721692614265,-0.08641382939745074
-0.05953892209289104,-0.06544246121811427
-0.06008889781283809,-0.04456916031555654
-0.060630302921718525,-0.06369502113862784
-0.061162793666913635,-0.042819636322665125
-0.061487028470385174,-0.022044096681851613
-0.06180367908735502,-0.0412694780460872
-0.06211241926455869,-0.020495354349133476
-0.06241359015255944,-0.03972229908158417
-0.06290653238455542,-0.05884938674430685
-0.06359024032619547,-0.07787520745745992
-0.06446369432995036,-0.09679836847434302
-0.06552586090671321,-0.11561749423487103
-0.06677569289792472,-0.134331226417067
-0.0682121296482035,-0.15293822398657875
-0.06963443176179504,-0.13153766178589088
-0.07084319493856667,-0.11023071450727327
-0.0718393636347835,-0.08901904060350062
-0.07262389880242658,-0.06790428075230032
-0.07339744312773219,-0.08678755923968226
-0.074159641773245,-0.065668498501387
-0.07491080779056536,-0.08454772057078927
-0.07565058878287269,-0.06342484706896084
-0.0761796348174874,-0.04240099773603309
-0.0766986095839398,-0.06137727726548038
-0.07720717905158703,-0.040353288389696984
-0.07750601146459826,-0.019430131872085463
-0.07759612308248809,0.0013906081146613028
-0.07747854591596828,0.022107365514951138
-0.07735399296211243,0.0028190909978132
-0.07722217894312558,0.023526237406312815
-0.0770834857158997,0.0042282583005240106
-0.07693762893143598,0.024925607958357084
-0.07658532594439708,0.04551724283510118
-0.076227306968257,0.026102134720062016
-0.07606296914675635,0.006781256183589261
-0.0758916974670695,0.02745556596164631
-0.07551421067335558,0.04802402350823351
-0.07493157492193721,0.06848510506845562
-0.07434453693185024,0.04893780373955336
-0.07375284472236257,0.06938261491545004
-0.07315691302132744,0.04981903482486803
-0.07255648992345211,0.0702475605273126
-0.0717523247987447,0.09056719136778374
-0.07094517944660708,0.07087694212859645
-0.0703344821662812,0.05127782847160438
-0.0697196486690552,0.07167085231797996
-0.06910109340756788,0.052055514937529274
-0.06867822956770832,0.03253281694436905
-0.06825045789826546,0.053003745136981764
-0.06761851262430611,0.07336728704774619
-0.06678347510220953,0.09362194701312485
-0.06594610697010163,0.07386674623182882
-0.06510617088528707,0.09410220820651077
-0.06406443051587737,0.11422735873737473
-0.06282199627811007,0.1342407405296306
-0.06137999306912862,0.15414091470566163
-0.05973956008255066,0.17392646085669589
-0.05790185062352986,0.19359597709237764
-0.05606769733999936,0.17324857862991103
-0.054436598374370385,0.15298538176681797
-0.05280803827378576,0.17270748924967866
-0.05118249931758211,0.1524145033524427
-0.049559796090790226,0.1721070273194729
-0.047940408807908785,0.15178466535063542
-0.046324149970022925,0.17144802258591166
-0.04471149768888115,0.15109670509045028
-0.04310226234431741,0.17073131983914447
-0.04129725449196523,0.1902509761599857
-0.03949729601673106,0.16975479887457623
-0.03770220878606732,0.18924341518742882
-0.035912480057531324,0.16871645321050513
-0.03432759455306176,0.14827504048734855
-0.03274702328782118,0.167820290820043
-0.03097156948289745,0.18725131880570484
-0.02920204763645861,0.16666725443535754
-0.02743827217802307,0.18606872998321314
-0.025481057460349118,0.2053548799895355
-0.023531228913789136,0.1846248543990719
-0.021588611700464277,0.2038793054482914
-0.019653696122745482,0.18311788618788097
-0.017925969698472398,0.16244174900485583
-0.016404571407425114,0.14185253098918177
-0.015088623942594338,0.12135185239565338
-0.013777568462256444,0.14084081802457354
-0.012471843838561777,0.12031903176047072
-0.011370886652122915,0.09988759655885888
-0.010274120024441865,0.1194476012774474
-0.008982299534153658,0.13889813521689842
-0.007496526875013941,0.15823780418231426
-0.005817917592706167,0.17746523199110836
-0.004147266321146257,0.15667955906210893
-0.0024843675225760045,0.17588142784666075
-0.0008296808986248032,0.15507048135339016
0.0008170019485801221,0.17424736313093195
0.0026548896049931746,0.1933112187094791
0.004682845104119476,0.21226071019787035
0.006700052774253116,0.1911950163271417
0.008507032081905282,0.1702153164193695
0.010304316716638633,0.1892227757525645
0.012091443258654959,0.16821705863520514
0.013868616600307184,0.1871988298455716
0.015835042033967916,0.20606725607152815
0.017989579510770008,0.22482102050585925
0.020131410487098884,0.20355932288808554
0.022260717183924097,0.2222828649299211
0.02457668259177295,0.24089085029276164
0.02707814472985259,0.2593819991791323
0.029564263492885046,0.23785554837063155
0.031835534494076195,0.21641273519119886
0.03409246814943542,0.23495478286646584
0.03633457834479326,0.21348141359277994
0.038562047856688486,0.2319933499710622
0.04097406043955712,0.25038981644114705
0.043569455083739245,0.2686695538717104
0.04614739286118362,0.24693181959671148
0.04850837076727133,0.22527787137717856
0.050653235387308725,0.2037094513007628
0.05278251605811755,0.22212778569335354
0.055095411032987596,0.2404321011055394
0.0575907738214435,0.25862114036149336
0.06026744545006634,0.2766936640543278
0.06312425464035969,0.29464845058110173
0.0659603525702893,0.2725847947175443
0.06877589213189081,0.2905034930348708
0.07157036251776663,0.26840434241035604
0.07434392255739294,0.2862881399959662
0.07709606738630924,0.26415468318757646
0.07962729636513846,0.24210526813552752
0.08193845882723935,0.22014167509980953
0.08423008723811319,0.2381651683589517
0.08650171794147934,0.21617551073546015
0.08875355657588525,0.23417346502775152
0.09118481015759942,0.25205829544262126
0.09359467591763712,0.22992928072501864
0.09578368722221292,0.20788769957842484
0.09775272723454954,0.18593531456465495
0.09950269665511985,0.16407387055743314
0.10103451354433492,0.14230509465656188
0.10234911314438488,0.12063069610429235
0.1036471131169211,0.1389518676622264
0.10512779970085452,0.15716780160471117
0.10679011404503778,0.17527720577469416
0.10843331904540528,0.15337930362775032
0.11005767859497506,0.17147481965983255
0.11166279216284945,0.1495634779288012
0.11304926270646869,0.12774650057569734
0.11441770782927074,0.14592509464899053
0.11596741385446584,0.16399846663850826
0.11749765674033265,0.14206583707189577
0.11900871341237575,0.16012792740163007
0.12069986175784178,0.17808395998576257
0.12257003487441717,0.19593267268270956
0.12461815332333923,0.21367282035095897
0.12664345988292883,0.1914036734301511
0.12844653338158826,0.16922650190596628
0.13002830235549961,0.14714305921285373
0.13138971278478592,0.1251550806905599
0.13273139332881473,0.14316378495961005
0.13405297606493707,0.12116888845498001
0.1351550964811769,0.09927160540796226
0.13623840463103337,0.11737313467263345
0.13750221920442002,0.13537267426202093
0.13894551385681483,0.15326893740514994
0.14036758404288044,0.13116115259229205
0.1417687262629584,0.149050049003966
0.14314857263857475,0.12693535503374617
0.14430775882121188,0.1049182968108432
0.14524726972983276,0.08300058356735417
0.1459681072836139,0.061183906100924994
0.1466709556338821,0.0793694381563697
0.14755516731621485,0.09745635242381565
0.14861974957747176,0.11544333659934222
0.1498636966239991,0.1333290948921571
0.15128598978699698,0.15111234807149132
0.15268593227167965,0.1288923320532751
0.15386416298595668,0.10677028187063613
0.1548216701938712,0.08474791558225377
0.15555945924755699,0.06282693273452691
0.15627821781839452,0.08090851574270866
0.15717730204832564,0.09889184588857725
0.15805605745942844,0.07687611792227741
0.15871516486374052,0.05496252549641249
0.15935531943124234,0.07305224653793076
0.16017588475733127,0.09104445778811722
0.16097621377187796,0.06903834940514818
0.16175666006520514,0.0870346118572314
0.16251691245981995,0.06503293445117242
0.16305766291546975,0.043134503860721804
0.16337995226300858,0.021340989499599648
0.16348483793352975,-0.00034595801005992896
0.16357305918676018,0.017974794549699098
0.1636443578430096,-0.0036971224617385508
0.16349947826918934,-0.025260581549750596
0.16333917852706367,-0.006814471246060574
0.1631632190210907,-0.02835918301895046
0.1627723624836743,-0.049793611276885544
0.1623673851226739,-0.031216666527536848
0.1621477306851964,-0.012729260827104894
0.16191283136307721,-0.034232293167097874
0.16146345369872375,-0.05562466402887553
0.16080071223256576,-0.07690479145874965
0.15992573722919007,-0.09807111258929467
0.15903933990283928,-0.07922258224171663
0.158340998563234,-0.06046015691171243
0.15782984493648647,-0.04178527869285357
0.15750499640734628,-0.023199373753451883
0.1571658907621022,-0.044603353732060716
0.15661330001118293,-0.0658961317491813
0.15604800945335945,-0.047176637022808554
0.15546980632289653,-0.06844530177423043
0.15467947977415933,-0.08960106122725486
0.15387783202852168,-0.07074286676284997
0.15326433243760032,-0.05197167136410162
0.15263843838822191,-0.07318841499864198
0.1518009412077957,-0.09429203916886039
0.15095264522800309,-0.07538150152435479
0.15029302184813423,-0.05655776130631361
0.14962153044016321,-0.07772176472937262
0.14873896425423452,-0.09877245953125796
0.1478461294824721,-0.07980880958467379
0.14694283390577448,-0.10083128179945788
0.14602955229476755,-0.08183934465984621
0.14510609306068192,-0.1028334682195357
0.14397326615641792,-0.12371262555540562
0.14283189422326673,-0.10457580591827882
0.14168180123732935,-0.1254235016323516
0.14032381249345416,-0.14615470808807585
0.13895876575153943,-0.1268684368904797
0.13758649988255822,-0.1475652027561649
0.136007854852126,-0.16814402350376478
0.13442368286645745,-0.14870393319984937
0.13283383701806994,-0.16924546905351573
0.1312388366857201,-0.14976816994611467
0.12983819960100676,-0.13037307496046993
0.12843143066948962,-0.15096121021282094
0.1268193678756173,-0.17143160339419672
0.12520286134606076,-0.1518832983740703
0.1237814274127813,-0.13241734063598457
0.12255423493459111,-0.11303526119236085
0.1215204375401319,-0.09373857505283913
0.12047950837159412,-0.11442828261130397
0.11923225390822001,-0.13500338564916653
0.11797949303149195,-0.11556290194253735
0.11692071109002035,-0.09620785070137146
0.11585538080622221,-0.11683923794612999
0.1145843081834629,-0.1373560710522704
0.11330831157157174,-0.11785737335702358
0.1120272103153945,-0.13834367105648168
0.11054182474088745,-0.15871399319617155
0.10905298730359965,-0.13906738481709968
0.10776019665356669,-0.1195048923921738
0.10646293854202225,-0.13992754920015454
0.10496203172859989,-0.16023438986745006
0.10345830704693554,-0.14052446497221138
0.1019515960533336,-0.1607983279387531
0.10024273101300135,-0.18095503502547408
0.09853255604869789,-0.1610936584682645
0.09682091578915418,-0.1812147733726378
0.0949086553550843,-0.20121745769937155
0.09279696609096723,-0.22110030686397758
0.09068671870903627,-0.20096243378253634
0.08857778402038952,-0.22080445430105772
0.08627103292041984,-0.24052548717675734
0.08396734753672574,-0.2202246672148448
0.08166660987685942,-0.23990263215406257
0.07916970181373162,-0.25945852264576075
0.07647785081685289,-0.2788909968468275
0.07379196309584744,-0.2582992304590119
0.07111194433115313,-0.2776839021518008
0.06843836507577238,-0.2570446920789067
0.06577112740715453,-0.27638228185266617
0.06311079824613879,-0.2556963545188779
0.060457276009344335,-0.27498759453116584
0.05781112392862148,-0.25425568772578705
0.0551722367039502,-0.2735013212959702
0.052341508406733225,-0.2926236852250371
0.049320178212283836,-0.3116214868750236
0.04630916354462946,-0.29059395102172647
0.04350804622521058,-0.2696423038150059
0.04091605879692564,-0.24876825667676983
0.03833275135309484,-0.26787300621093235
0.03575867077974514,-0.2469562487297995
0.03339336074401852,-0.22611918022849628
0.031036350520542464,-0.24526298320384443
0.02868816631840693,-0.224387339724456
0.026548331270928056,-0.20359343140726271
0.024416354263353177,-0.22278242623849878
0.022093075844484472,-0.24185349310423543
0.019579681880148792,-0.26080531784165095
0.017077036702255913,-0.2397371032783575
0.014585003845042575,-0.2586495546553375
0.01210411145236648,-0.2375423781435459
0.009634218935130423,-0.25641628081847767
0.007175850295764956,-0.23527097063522945
0.004728860786155854,-0.2541071564031404
0.0020941048159627044,-0.2728240492192651
-0.0007272183098714032,-0.2914203770573938
-0.003534231241298742,-0.26999538480354707
-0.006327057846121827,-0.2885498196751069
-0.009304823218527068,-0.3069829311919743
-0.012466307941703572,-0.32529348576168293
-0.01561061493811152,-0.30358076671100603
-0.018538183315821112,-0.2819460582428844
-0.021449467456138772,-0.30029063078943663
-0.024343925683867954,-0.2786142540746405
-0.02702202027470927,-0.25701819708351487
-0.029684228624646248,-0.27540371487582016
-0.03252969733533994,-0.2936700631093769
-0.03555722855760551,-0.3118160140841849
-0.03856594683922921,-0.2899408567746668
-0.04135631296886249,-0.2681458807872536
-0.04392913764454325,-0.2464328602557405
-0.04648491463727248,-0.264703053748704
-0.0492228069579113,-0.2828557202517667
-0.0519419677821836,-0.26099013375395436
-0.05464255179243863,-0.27910707012456126
-0.05732404976500398,-0.2572063056253662
-0.05998662190736493,-0.27528861688088935
-0.06282942994490928,-0.2932532823075517
-0.06565162596177153,-0.27119959524012016
-0.06825369832507072,-0.2492288493487339
-0.07063648535047075,-0.22734282253533408
-0.07280084304614012,-0.20554327538384606
-0.07494731035579043,-0.2237314525292692
-0.07727509532175286,-0.2418065986432451
-0.07958339600619338,-0.21986797302373984
-0.08187241182912126,-0.2379163364752554
-0.08414167815202153,-0.2159514498244124
-0.08619173419468097,-0.19407457243526038
-0.08822313419736053,-0.21218694902754714
-0.09043510149902255,-0.23018782420465453
-0.09262684945701974,-0.2081764570440508
-0.09479859278358517,-0.22615360797828324
-0.09694988212795416,-0.2041190373113534
-0.0988812719916876,-0.182174003734831
-0.10059366647268315,-0.16032024968860437
-0.10208798700432996,-0.13855949981701132
-0.10336517217713485,-0.11689346088556239
-0.10462584297619358,-0.13522332315819596
-0.10586962352211504,-0.11354877493269305
-0.1070968064825799,-0.13187050398258918
-0.10850668515028185,-0.1500876989996207
-0.10989854227510142,-0.12829956273347742
-0.11127266139647313,-0.14650679888048923
-0.11262866142146141,-0.12470911060769804
-0.11376716453611507,-0.10300769907666962
-0.1146891419455865,-0.08140424881194301
-0.11559524702613808,-0.09979992762319376
-0.11648513606395,-0.0781944011439522
-0.1171594682479289,-0.05668883281849016
-0.11761925140801267,-0.035284869274949206
-0.11806517516540914,-0.05388364025217729
-0.11849693166968302,-0.03248477314311459
-0.1189148810065568,-0.05108889444467472
-0.11951838327217411,-0.06959513120815766
-0.12030645281834179,-0.08800212564529863
-0.12127809050229797,-0.10630853663921096
-0.12223261843701384,-0.0846135383366797
-0.12297069382107266,-0.06301830412423785
-0.12349332259336111,-0.04152449054205866
-0.12400119258300152,-0.06003323720995435
-0.12469365966279056,-0.07844368282826467
-0.12556973407759667,-0.09675448124121161
-0.1264287472772905,-0.0750648014884312
-0.12707136574594552,-0.05347581178189946
-0.1276982700725262,-0.0718886648790105
-0.12850880902107856,-0.09020251262372693
-0.12950198585918118,-0.10841602200859349
-0.13067679060758272,-0.12652787668326704
-0.131832534790349,-0.10463727554441102
-0.13296953068123013,-0.12274491816771921
-0.1340874258790689,-0.10085050333373322
-0.13518653663317226,-0.11895472901175133
-0.13646617991838444,-0.13695679380268927
-0.13792532768106397,-0.15485541153760687
-0.13936327367284446,-0.1327498113228259
-0.14078031269726846,-0.15064072296879952
-0.142375740602098,-0.16842737697112198
-0.1439488431091427,-0.14620901764727356
-0.14530024172758454,-0.12408688856400514
-0.14663057282539618,-0.14196221790251587
-0.1481391417001821,-0.15973423299173595
-0.14982490890820227,-0.17740167636250545
-0.1516868225145037,-0.1949633072483036
-0.15372381826015077,-0.21241790162570992
-0.1557351543131841,-0.18986475079466011
-0.15752142509903627,-0.16740514534253864
-0.15908357495564063,-0.1450408590461424
-0.16062223128366174,-0.16267314878580671
-0.16233669070011403,-0.18020127053447801
-0.16402623995015445,-0.157724493950977
-0.16569116723570476,-0.17524358926386735
-0.16753076220640137,-0.19265782724910374
-0.16934430478802917,-0.170066492363446
-0.17093241109441917,-0.14757086816854342
-0.17249571249740633,-0.16507222269284305
-0.1740338442795116,-0.14257032150330082
-0.1755471110405209,-0.16006592914205625
-0.17723481877039485,-0.17745831056371786
-0.17909592909302638,-0.1947462457283641
-0.1809297260977276,-0.17202902964118535
-0.18273649558353477,-0.18930745777592795
-0.18471552504913638,-0.2064808260505289
-0.18686575793693153,-0.22354794541686998
-0.18898646046478534,-0.2006081418971864
-0.1910779008705705,-0.21766224200429088
-0.19333934940229913,-0.2346095727140025
-0.195570067145687,-0.21154947459337564
-0.19757065193512963,-0.18858328721963397
-0.1995417174226873,-0.20561233453696384
-0.20168254714640999,-0.2225359393814789
-0.20399208085676146,-0.2393529395271481
-0.20626958134740284,-0.21616268772000796
-0.20831564828207358,-0.1930665356378781
-0.21013123184612187,-0.17006631778800488
-0.21191696589311387,-0.1870633514169251
-0.21387215409478885,-0.20395695249533383
-0.2159957562658132,-0.2207459517655339
-0.2180870551929091,-0.19752969477717888
-0.2201463358767628,-0.21430902730686108
-0.22237288551951703,-0.23098329532993367
-0.22456598234968989,-0.20765185814816237
-0.22672590694716652,-0.22431557526644494
-0.22885227681378084,-0.20097430490504928
-0.23094537969372453,-0.2176289039700595
-0.23320450564352413,-0.2341787294828913
-0.2356286012727888,-0.25062265316559124
-0.23801693657261053,-0.2270600614728458
-0.2403697841567065,-0.24349184100786203
-0.24268675383144261,-0.2199178770321748
-0.24496812591565983,-0.23633905343368014
-0.2472135178933783,-0.2127552526954223
-0.24942321773299497,-0.22916735586421932
-0.25179651595603125,-0.24547474397837893
-0.25433235987663355,-0.2616763126512198
-0.2570296858453749,-0.2777709735596576
-0.2598874194100348,-0.2937576544726469
-0.2627048100599877,-0.2697357978195436
-0.26528244504993054,-0.24580684464242844
-0.2676212630481856,-0.22197271848642816
-0.26992188728001,-0.23813482530232558
-0.27218394625751136,-0.21429306796590972
-0.2742080737633723,-0.1905488462456808
-0.2761949199965461,-0.2068035436153172
-0.2781441402172842,-0.1830570403176694
-0.2800560601459833,-0.19931021479383315
-0.281930342611622,-0.17556294365461494
-0.28356765545005064,-0.15191660019353198
-0.28516868264760603,-0.16827254120296736
-0.2869327784007604,-0.18453012150018788
-0.2886592880172142,-0.1607887085160729
-0.29014889381710685,-0.13714966771624482
-0.29140262877559225,-0.11361484650181145
-0.29262120966052435,-0.13008557412240213
-0.2940040231735208,-0.14646117766428096
-0.29535044684919165,-0.12284099664278075
-0.29646119495452306,-0.09932636842713832
-0.29753699754632973,-0.11581861360327499
-0.29857758911144067,-0.09231754904649987
-0.2995833739607923,-0.10882398935929682
-0.30075375828986434,-0.12523724830984068
-0.3018881389933093,-0.10165665196801409
-0.3029869149797397,-0.11808302559055257
-0.3042494871488557,-0.13441569360010094
-0.3056749126227385,-0.15065349417849955
-0.3070625715648763,-0.12689577930683454
-0.30841284641201344,-0.14314340018941232
-0.3099251218516278,-0.15929570723004627
-0.31139877363687984,-0.13545206316425054
-0.31283417990168033,-0.1516133299405782
-0.3142310557213943,-0.12777936723755356
-0.31539012100675334,-0.10405153098055436
-0.31631244622646426,-0.08043165870353991
-0.3169991201249723,-0.05692156800636848
-0.3176509149393751,-0.07342255793124755
-0.31846727253645,-0.08983392495588602
-0.31944729072456324,-0.10615447904931538
-0.3203903900700377,-0.08248354371609018
-0.3210973277097192,-0.05892243996608501
-0.3215692109882928,-0.035472970222311995
-0.3218071651741138,-0.012136916782715175
-0.3220119986742348,-0.02881554320109461
-0.3221835237529234,-0.005508608826395298
-0.32232222192085397,-0.022216870248697368
-0.32242791057405734,0.0010599187123901364
-0.3223014108828939,0.024220508477791874
-0.3219438935098537,0.04726316833419909
-0.32135654632264116,0.07018618796373116
-0.320740239606541,0.053088376054483064
-0.32029451219702704,0.036070544294391174
-0.319818892370716,0.0590334927607846
-0.31911424373665703,0.08187602447754348
-0.3183814442858693,0.06469696003432213
-0.31782004044045975,0.04759712303752756
-0.31742923336108114,0.03057782404026442
-0.3172082111756574,0.013640359025594434
-0.31715614912536866,-0.0032139906500689396
-0.3170725442945268,0.019915543146508747
-0.31675822942007154,0.042927731344887324
-0.31641405194259037,0.025921362294125793
-0.3162395280568795,0.008997227217706447
-0.3160341636041387,0.03205610560575309
-0.31579846538114154,0.015097278316521766
-0.3157319411118799,-0.0017784724160085953
-0.31563408825684136,0.021329623869570553
-0.31550540532256577,0.004420838964684256
-0.31534572641699926,0.02749544745779258
-0.3149558891382162,0.05045222820148707
-0.3145367457086651,0.03338997747643656
-0.3142878170256475,0.016409494445477284
-0.3140086135534398,0.039411566545000595
-0.31369964663239824,0.0223954825856165
-0.3135604284505471,0.005462032758920751
-0.3133904608528071,0.02851199548838156
-0.3129905812338452,0.05144415198944343
-0.3123619761724768,0.07425680235003
-0.3115058491446986,0.09694826705709966
-0.31062308573603414,0.07961738560410234
-0.309713574357486,0.10226450194010314
-0.3087778716322777,0.08488896301223763
-0.30801553444913604,0.06759161730746378
-0.30722610876996376,0.09027330169684161
-0.30641014093786706,0.07293335453071426
-0.30556751223105355,0.09557211709834282
-0.3046987721668392,0.0781889336293085
-0.3040034705555049,0.06088464983582365
-0.3032811463085388,0.08356009975757342
-0.3023326733305603,0.10611412031579505
-0.30135893956952303,0.08864556592944402
-0.30055950106652835,0.07125529396313753
-0.29993356826400924,0.05394464865408659
-0.29948033823521186,0.036714959592365176
-0.2989993294142997,0.05946704311967034
-0.29849106082279137,0.042200216885810195
-0.2979553866251561,0.06491480131125732
-0.29719316401782164,0.087509621049805
-0.29640526436375025,0.0700835181480981
-0.29579122724329193,0.05273733749533369
-0.29515058134672423,0.07537191221028516
-0.29448385578381864,0.05798657673762832
-0.2939905800559336,0.04068216685039748
-0.29347027286579064,0.06335950649658792
-0.2927237880109146,0.08591742235500252
-0.2919519934353351,0.06845475845319138
-0.29135442528088124,0.05107236161717486
-0.290930274196828,0.03377156540016106
-0.2906787175708232,0.01655368856460579
-0.2903992542604188,0.039319536482769146
-0.2900923838209179,0.022068415695004954
-0.2899576064790279,0.00490113391578734
-0.2897944119441611,0.0277184868838813
-0.2894036253033641,0.05041927292175466
-0.2887864206578056,0.07300180901541327
-0.2879439888379023,0.09546443234031313
-0.28687753720109666,0.11780550032653117
-0.2855882894289944,0.14002339072159053
-0.2840774853238858,0.162116501650946
-0.2825460460213405,0.14418375021780144
-0.2809938947064848,0.16622555794463548
-0.27942162200114523,0.1482413493080999
-0.2778291526009403,0.17023155173159052
-0.2762170785792524,0.15219559557801834
-0.2747849914411352,0.13423441268353292
-0.27333247093169316,0.15624892319382
-0.27166043092822684,0.17813805010968126
-0.26996979849074293,0.16000073389474584
-0.2682605024954919,0.18183741937333836
-0.26633347360604054,0.2035470557216786
-0.26438965540672726,0.18522860961439994
-0.2626286584525246,0.16698305066129185
-0.261049746577384,0.14881183532308806
-0.25965216912398936,0.13071640538064933
-0.25843516109091025,0.11269818786436263
-0.257397943280452,0.09475859498536371
-0.2563400570305181,0.11679852552691433
-0.2552620434428795,0.09881737939356189
-0.2543634433573415,0.0809160576080864
-0.2534437861636484,0.10299544915264242
-0.2523039356971067,0.12495444551919369
-0.2509451038758569,0.14679145678042332
-0.24936851841687174,0.16850491310677362
-0.2475754226346951,0.19009326482279792
-0.24576674065629509,0.17165548100288772
-0.24394239813964136,0.1931920349087507
-0.2419033222465212,0.21460190397863865
-0.239850452777758,0.19598408297192124
-0.23798339622485637,0.1774395694039114
-0.2363014120801486,0.1589698474597637
-0.23460407965170182,0.18047588792012828
-0.23289197729139052,0.16195716270301225
-0.2313646823689387,0.1435146448534632
-0.23002142550043952,0.12514979391914965
-0.22886142278158486,0.1068640544209731
-0.22788387593828027,0.08865885578392417
-0.22688830706127552,0.11043511372812242
-0.22567557242053904,0.13209174627600154
-0.22424687610461272,0.15362718982160783
-0.22260343773870925,0.17503990064605754
-0.22074649228556556,0.19632835497233495
-0.2188769552624262,0.17759154755949463
-0.2171944088784323,0.15893047568031043
-0.215698088347184,0.14034662303640602
-0.21418754870405135,0.161740959685159
-0.21246367861997126,0.18301245804116353
-0.2107273794569484,0.16426010748149616
-0.2089785539066085,0.18548440124120016
-0.20721777138297645,0.16668483494383035
-0.20564460008191296,0.1479624051314149
-0.2042582612117263,0.12931859463873208
-0.20305796122850708,0.11075487106264635
-0.20204289198886097,0.0922726866917156
-0.20101256548666915,0.11377297989600975
-0.19996749308627176,0.09525518967476869
-0.19890752008489615,0.1167197571102373
-0.19783315902525145,0.09816612536338214
-0.19694392175802916,0.07969523821063143
-0.19603930825884455,0.10120802688325986
-0.19492015252891368,0.12260342461612526
-0.19378730165406222,0.10398038125860642
-0.19284026986339672,0.08543984871743242
-0.19207822484639672,0.0669832648786146
-0.19150031999135386,0.048612052082829704
-0.19110569454114862,0.030327617061074653
-0.19069380833299426,0.052030852330532645
-0.1900654556178767,0.0736206522066111
-0.18942144412159226,0.05519592741878583
-0.18876158368873241,0.07675709201666568
-0.1880863516807872,0.05830356191111853
-0.18759522504080142,0.039936253414814035
-0.1870876691124338,0.06155607008541352
-0.18656414895937995,0.04316241581978052
-0.1862241293473424,0.02485619485443016
-0.1860667289803701,0.006638797151900317
-0.18609105274180007,-0.011488403117821806
-0.18629619185247587,-0.029524047635606895
-0.18648155861287333,-0.007567292531285463
-0.1866475656415283,-0.025618793823917945
-0.18699362585925525,-0.04357770741422937
-0.1875188067276645,-0.061442703691135775
-0.1882221624922104,-0.07921246904322915
-0.18890306892577924,-0.05698620445167759
-0.18956190256852706,-0.07476461092530522
-0.1901983752967901,-0.05254738802951538
-0.19081286764198901,-0.0703352338733545
-0.19140509544260043,-0.04812784509724307
-0.19177577774614465,-0.026026415402123644
-0.19212564795665849,-0.04393212238164606
-0.19265410789836246,-0.061744142064095876
-0.19336021413759677,-0.07946116497524716
-0.19404334480928548,-0.057182396189459084
-0.19450421343966703,-0.03500903930623359
-0.1949435480105089,-0.052842281822991485
-0.19556074502282175,-0.07058130967598694
-0.19635485581883247,-0.08822482330215106
-0.19732491882514175,-0.10577153914751723
-0.19846995971305773,-0.12322018971540943
-0.1997889915594021,-0.1405695236127884
-0.2010813495911039,-0.117918804136427
-0.2023473704259763,-0.13526879470128922
-0.20378639205916554,-0.1525187588211102
-0.20539740810378002,-0.16966747470310545
-0.20697973461926594,-0.14681423528934373
-0.2085336893526185,-0.16395983368194436
-0.21025859172523365,-0.18100356312048715
-0.21195375165724153,-0.15804473011523013
-0.21341981547530214,-0.1351846398710397
-0.21485744497845974,-0.15232458164918633
-0.21626630608672046,-0.12946434183898436
-0.21744706882685985,-0.1067052039361038
-0.21840075306364154,-0.0840489339072366
-0.21932806164288546,-0.10139678010858466
-0.22042836653796832,-0.11864798927934404
-0.22170069517120905,-0.13580132259776181
-0.2229443972397148,-0.11295605572547664
-0.22396015853742593,-0.09021346277736052
-0.22474901460191146,-0.06757530022928629
-0.22531201843967807,-0.04504330537977776
-0.22565024033400644,-0.02261919627236235
-0.22576476765202266,-0.00030467162023166405
-0.22585637006769446,-0.01800091219153932
-0.2261244857050281,-0.03560709681129554
-0.22656820745623454,-0.05312191842582511
-0.2269869498044401,-0.0306445841554987
-0.22738112805934635,-0.048175800731287854
-0.22775049292197758,-0.02571527302519748
-0.22809546379943715,-0.04326370403887289
-0.22861546086941364,-0.06072029635124099
-0.22930955931563843,-0.07808376672189861
-0.2301768215678433,-0.09535284759950582
-0.23121629745889347,-0.11252628716997415
-0.23242702438239354,-0.12960284940284458
-0.23360836203408147,-0.10668181263752664
-0.23476067164940637,-0.12376395501177255
-0.2358836505701129,-0.10084905298405059
-0.23697766556075442,-0.11793788131411524
-0.2380424194582087,-0.09503021304430113
-0.23887861907114571,-0.07222731802229077
-0.2396869863249171,-0.08943044972697684
-0.24066691232257714,-0.10653885980412539
-0.24181744366410976,-0.12355131412302127
-0.2431376146867891,-0.14046659427974895
-0.24462644762266447,-0.15728349764029015
-0.24628295275646736,-0.17400083738183336
-0.24790646316725595,-0.15071794107396685
-0.24929764854952638,-0.1275361346437965
-0.2506571942756944,-0.14435672773735572
-0.25198479004129637,-0.12117952679089516
-0.2530811298474171,-0.09810583500887964
-0.25394725772852533,-0.07513743772837496
-0.25458423547549025,-0.052276100878958356
-0.25499314244110766,-0.029523570903363015
-0.2553747407615113,-0.046781076138795466
-0.25572879608107846,-0.02404834135655232
-0.25585607753134587,-0.0014265877499393884
-0.25595736887209974,-0.018817019766899194
-0.2562321225486646,-0.036118839652443085
-0.2564797805907998,-0.013431262053735422
-0.2567007859285436,-0.03075500091585207
-0.25689491695383826,-0.008089768013052844
-0.2570626208321719,-0.025436272938255424
-0.2572036801473127,-0.002794223093236719
-0.257118880796084,0.01973517777968903
-0.2570090231286503,0.0022507427628957223
-0.2570735760050235,-0.015146712781131045
-0.25731166310986503,-0.03245588727535276
-0.2575227297718433,-0.009775992982038195
-0.25770722219595227,-0.02710774144047499
-0.2580645874415953,-0.04435034345691961
-0.25839426223827655,-0.02160302225037938
-0.2584970188848805,0.001033001110870204
-0.25857364430713575,-0.016343477665118945
-0.25862392869792844,0.006267840821763661
-0.2584486654949721,0.02876575967272766
-0.25804899710401497,0.051148600312750356
-0.2574260826173573,0.07341470401774067
-0.2565810976150075,0.09556243198098924
-0.255714899381853,0.07769066391896705
-0.25502701304511965,0.059900282060513996
-0.25451661788689073,0.04219265507345184
-0.25398321416125913,0.06446863800291237
-0.2534273023245185,0.0467275868258316
-0.2530483830111981,0.029070358453223522
-0.2526459458477824,0.051397797576640605
-0.25202081535009624,0.07360875122391841
-0.2511741645622853,0.09570158483538649
-0.25030684819113674,0.07777518232786597
-0.24941872332734055,0.09982993154200534
-0.24831064942089143,0.12176472424134324
-0.24698383400212798,0.14357797072502668
-0.24543950039818122,0.1652681013450533
-0.24387855294882796,0.14693406510449578
-0.24250056314270974,0.12867681363914124
-0.24130475592868547,0.11049778513658065
-0.2400906765318932,0.1322979042670397
-0.23885886968292536,0.1140765967304026
-0.23780887959292216,0.09593478925104304
-0.23693990418309102,0.07787389495853646
-0.2360514619022182,0.09979481332172166
-0.23494440554059498,0.12159644615728686
-0.23361993586891,0.14327721370045768
-0.23227893477253728,0.12493605466349883
-0.23092128597281922,0.1465734116775814
-0.22954754041921166,0.12818872982807136
-0.22835724834804008,0.10988295518920509
-0.22734961351238392,0.09165752020304901
-0.22632415999997066,0.11341334361182132
-0.22508174604750172,0.13504934646475047
-0.2236235776799619,0.15656396818704849
-0.22215054184534136,0.1380561666367107
-0.2208621925530363,0.11962690208636056
-0.2195580717707148,0.14117712260089865
-0.21803905532163634,0.16260577858287723
-0.21630636652367016,0.1839113388383928
-0.21456090932375696,0.1651927906308176
-0.21280258901941337,0.18645062511792243
-0.2110319776511457,0.1676843358824471
-0.20924898064485511,0.1888944189204172
-0.20745417012116502,0.17008037262973585
-0.2058471169547257,0.15134319633980214
-0.20442704500469774,0.13268437568544486
-0.20299349793329485,0.15400488253424943
-0.20154701843747538,0.13530418953012
-0.20028714822658625,0.11668327008469125
-0.1990134168378002,0.13804308521299766
-0.19752668753532585,0.1592825980784984
-0.1958281709513201,0.18040029005864064
-0.1941187582222468,0.16149516079828255
-0.19239834171228146,0.1825677136465281
-0.19046781499096108,0.20351695564536298
-0.18852808397324203,0.1844419106736878
-0.18677872097598974,0.16544360488165372
-0.18521895103297417,0.146523550604122
-0.18364831871463036,0.16758274628592956
-0.18186770194432123,0.18852019248174573
-0.17987832563965347,0.20933440791809838
-0.17768142943260873,0.23002393100161467
-0.17527826747250239,0.2505873198666596
-0.17286977364514394,0.23112365096243564
-0.17065554771247354,0.21173400302358641
-0.16863484162744216,0.19241994097834003
-0.1666072263537099,0.21308251586848437
-0.16457327109856584,0.19372127938562608
-0.1627325432918734,0.17443728385534835
-0.1610842628195478,0.1552320676073422
-0.15942796884513108,0.17600665489898004
-0.1577641990445529,0.15676057045517333
-0.15609282417021392,0.17749434091446287
-0.1542147159486458,0.19810699627537925
-0.15233075822390124,0.17869758303984654
-0.15064050101738186,0.15936714964692464
-0.14894348142951092,0.1800167318440453
-0.14704056954192377,0.20054536722605382
-0.14493298206141983,0.22095161129484933
-0.14282161545942018,0.20133453750694463
-0.14090603211519578,0.18179522124616504
-0.13918544663431848,0.16233522373391224
-0.13745939267190857,0.1828555919512847
-0.13552873675241592,0.2032553746358402
-0.13359435733115155,0.1836336368822446
-0.13185579885558413,0.16409144557488947
-0.13011259266849237,0.1845298547580232
-0.12836526832831258,0.16494841871537513
-0.12681335359217835,0.14544819195610137
-0.12525636323680794,0.16593021604506922
-0.1234951449632177,0.186293534142579
-0.12153089304319055,0.2065367070647057
-0.11936481604457598,0.2266583147899155
-0.1171978020561007,0.20675745504680607
-0.11522940483264871,0.18693522728540424
-0.11325916469911136,0.2070927180443893
-0.11128761987146137,0.18722951402783106
-0.10951430644054772,0.16744670208827112
-0.10773874719376676,0.18764535605416505
-0.10576179752058787,0.20772455126678377
-0.10358465905986203,0.22768288063775738
-0.10120854742598989,0.24751895615291597
-0.09863469201796145,0.2672314089156106
-0.09606400124463968,0.24691938772957764
-0.09349638325389578,0.26658354452372335
-0.09093241133277633,0.24622353287049364
-0.08857165597444978,0.22594050650379624
-0.0862136736997815,0.24563560613970647
-0.08365935296283031,0.26520797400666557
-0.08090992779819499,0.28465626989635473
-0.07796664554728674,0.30397917266090024
-0.07483076666753945,0.3231753802495931
-0.07170322995792973,0.3023441082851871
-0.06858397328841409,0.3214860754821524
-0.06527393358379643,0.3405005036168838
-0.061774392553520206,0.3593861321117943
-0.058286309833821576,0.3382422180658314
-0.054809643717156624,0.35706952166857736
-0.05134501655276698,0.3358678047079931
-0.04809204681413092,0.31473832907777055
-0.04485033792114824,0.3335823435875278
-0.04142082414635153,0.35229909848255553
-0.03800444967973834,0.3309878600259653
-0.03460115727688572,0.34964939737126643
-0.03121155366151779,0.32828348107021366
-0.027835576178290865,0.3468908830386173
-0.02447382611272479,0.3254713765226453
-0.02112623534466664,0.3440257360647029
-0.017793399668899847,0.32255373746981103
-0.014475245449284913,0.34105615777156895
-0.010972697523378013,0.3594322766569544
-0.007287024936327383,0.3776808910466787
-0.003419508670501109,0.39580081658035665
0.0006285585418274631,0.41379088764128513
0.004855872406032134,0.43164995737922823
0.009061451836237503,0.40947739627288376
0.01324531822236783,0.4272740775344081
0.01760649544262876,0.44493937706600045
0.021943998713261983,0.4225726865721438
0.026257845938217984,0.44017490042074386
0.03074705772092861,0.4576454155979523
0.035210646213335015,0.43508364481866274
0.03944896104814966,0.41259100192758735
0.04346270301228139,0.39016938577973675
0.04725259179850036,0.3678206786746547
0.05081936583935565,0.34554674625122983
0.05416378214005188,0.32334943738469474
0.057486281526973375,0.3411300855441436
0.060985974816130765,0.35878802476653215
0.06466162915629717,0.3763221056931297
0.06851200029307507,0.3937311970524696
0.07233616733321703,0.3711146842246494
0.07593454658824361,0.34857395318941425
0.07950757065926048,0.3660103758703941
0.08305467710432267,0.34342382318908415
0.08657597385951828,0.360815166483732
0.09027057132620472,0.37808377892878037
0.09393757121224751,0.3553290486516388
0.09757707787322271,0.37255186559841535
0.1011885328990989,0.3497521200350608
0.10457238303396829,0.3270312010482821
0.10772942592431399,0.30439098189112573
0.11066047786226917,0.28183331842397513
0.11356603902786336,0.299259550474509
0.11644561423454906,0.27666951635585846
0.11909971292852368,0.2541645528329697
0.12152919493334259,0.23174648047524554
0.1237349381895948,0.20941710210460363
0.12591750399363633,0.22707770416249462
0.12807645773967447,0.20472807123511938
0.1302120343323847,0.2223689874851829
0.13252347026580882,0.23989973808422355
0.13500965787305128,0.25731912380062283
0.13746981216365464,0.23472646103422246
0.13990415007374288,0.25212256723470966
0.1423122250450701,0.22950725941382744
0.14469426035389585,0.24688135411570825
0.14704981577276055,0.22424466738785984
0.14937912089877597,0.2415980147518878
0.15188140723148627,0.2588407126332074
0.1545555624215011,0.27597159294645984
0.15720079710678195,0.2530900031275589
0.15981732416167102,0.2701967915495304
0.16240469327479973,0.24729180603219975
0.16496312427679913,0.2643758938100275
0.1674921738008853,0.2414489015006213
0.1699920686099353,0.25851167507300843
0.17266203767310928,0.27546356127492266
0.17530130099655394,0.2524039207574863
0.17791008095414895,0.2693336149489174
0.1806876022804797,0.28615200602204666
0.18363274631785947,0.3028579714759643
0.18654471785096763,0.2795509041643328
0.18922405893752592,0.2563321962491936
0.19167166256356544,0.23320372309269446
0.1938884403770463,0.21016734170269566
0.19587532250384448,0.1872248906390767
0.19763325736281306,0.1643781899223504
0.19916321147994134,0.14162904094458198
0.20066583471830116,0.15887872784094417
0.20214078101138985,0.13612703201953544
0.20358837376705222,0.15337473359779927
0.20500827252106393,0.13062161138124845
0.206400806257308,0.14786844284196896
0.2077656400609329,0.12511500409782134
0.20890344302144173,0.10246256843309032
0.20981523396451507,0.07991289166387011
0.21050204917902415,0.057467710598928454
0.21096494222656345,0.0351287429612601
0.21120498375021024,0.012897687311935323
0.21122326128253419,-0.009223777023760295
0.21122054446954638,0.008665511430434304
0.21139627121486365,0.02646471230509574
0.21154986858218974,0.004272997992669371
0.211681764114769,0.02209104054564856
0.21199138581731095,0.03981801166855309
0.2122781509755422,0.017553095865691114
0.21234281205936578,-0.004602524120392172
0.21218647036755756,-0.026647183390960404
0.21181024375107796,-0.048579236419279616
0.21121526641901248,-0.07039705711814058
0.21040268874384827,-0.0920990389051053
0.20937367706610963,-0.11368359476548251
0.20832907891504188,-0.09524965585470381
0.20726874373295207,-0.11679765694247551
0.20599352285372233,-0.13822653640870408
0.20450461522699132,-0.15953475085312405
0.2030029005544425,-0.14082127515116333
0.20148826001311368,-0.16208658789320754
0.19976157623292778,-0.18322967137565216
0.19782407901994062,-0.20424902620567192
0.19567701307507715,-0.22514317281057616
0.19332163779568454,-0.2459106514865423
0.19075922707660917,-0.2665500224451242
0.1879910691108195,-0.2870598658575423
0.18521813160626394,-0.2675392804384281
0.1826400479232383,-0.24808936741306725
0.1802561033870308,-0.2287117144221758
0.17786590210541872,-0.2493073954385037
0.17527038078275375,-0.26977548675805
0.17247082235918698,-0.29011458305346954
0.1696681891454616,-0.27042379741538314
0.16706210896153897,-0.25080424531881224
0.16445219603384334,-0.27115702998549707
0.16183906230978004,-0.2514817554556885
0.159422317435024,-0.2318795265662426
0.15700155756873466,-0.25225143577303616
0.15437771128267577,-0.2724965776828027
0.15175171861883582,-0.2527140636472388
0.1493231851468786,-0.23300500718907313
0.147091368280182,-0.2133710079073103
0.14505550951339044,-0.19381364993599942
0.14301516916080384,-0.21423400332168246
0.14077124017464596,-0.23453114001709385
0.1385246272051141,-0.21480414847874682
0.13627523524355745,-0.23505362055482246
0.1340236350199558,-0.21527915000820358
0.13176972965046482,-0.23548133249734357
0.1293144225352908,-0.25555926701583237
0.1268586285023628,-0.23561206902904175
0.12440226245084374,-0.2556403573594797
0.12174623933230042,-0.2755432541656393
0.11889181987771215,-0.29531939953466224
0.11584027832008843,-0.3149674529796872
0.11279256761668974,-0.2945865920183418
0.10974864017514356,-0.31417749759314617
0.10650944783396962,-0.33363935404382716
0.10307628758900884,-0.35297086369347425
0.0994504693155263,-0.3721707483394067
0.09563331557331528,-0.3912377492835459
0.09182582682817485,-0.37027112590235656
0.08802800217736796,-0.38927164105873585
0.08424050474624031,-0.36823905960751574
0.08046332833508055,-0.3871741483588802
0.07669713073315075,-0.3660766760422276
0.07314156578294068,-0.3450479118112307
0.06979593761584532,-0.3240896105933855
0.0664598674761452,-0.3431030129931276
0.06293430754170959,-0.3619873612696936
0.059220554569972175,-0.3807414153773064
0.0553199176229393,-0.3993639544517323
0.051233717875242266,-0.4178537768363934
0.04716295383860542,-0.39631019864810035
0.043307287507003335,-0.37483453772644976
0.039466365260606255,-0.39332809897925664
0.03564082918716699,-0.371790687437612
0.032030317066344884,-0.3503236082173963
0.028634116608787813,-0.32892865186693393
0.0252518322835355,-0.3475070942682595
0.02168439914216414,-0.3659582126131717
0.018132761884887928,-0.34438129998332195
0.014796528926630173,-0.322877650762421
0.011475293305153886,-0.341348545986109
0.008169644006589254,-0.31979376640147095
0.004879500537186922,-0.3382140938913597
0.0014057808288648198,-0.35650881289917546
-0.0020505876093004157,-0.334777223550876
-0.005290013622930967,-0.3131206270675141
-0.008313256085482716,-0.2915408096571248
-0.011320757066400542,-0.3099390424186463
-0.014511628002559018,-0.3282145973206593
-0.017684970627773258,-0.30646676178419213
-0.020840888319034075,-0.3246963255560065
-0.024178486104964265,-0.34280258067554087
-0.027496859511651345,-0.3208848345974986
-0.030596440491835145,-0.2990443956049878
-0.033677676512045555,-0.3171825581603675
-0.036939684639019976,-0.33519861742411444
-0.04018157246749159,-0.3131918838361699
-0.04340344946468752,-0.33116316998779227
-0.046604761560367206,-0.309112289128758
-0.04978562448663705,-0.32704005513260226
-0.05314515586728027,-0.344845783920761
-0.05648246406113605,-0.32262880658399795
-0.059597994088822076,-0.3004904547944133
-0.06249254130072942,-0.2784325446968556
-0.06516691912336665,-0.256456875354088
-0.06762195888806592,-0.23456522865252946
-0.06985850965875726,-0.21275936921017977
-0.07187743805883315,-0.19104104428672622
-0.07367962809712501,-0.16941198369583016
-0.0754656464096801,-0.18777340117792454
-0.07723506300494687,-0.16612500893115048
-0.07878845126288302,-0.14456801759043772
-0.08012673367948171,-0.12310412159280328
-0.08125084960648654,-0.10173499763800245
-0.08216175507362317,-0.0804623046097437
-0.08306008802672062,-0.09918718495740692
-0.08394548906933023,-0.07790927923589226
-0.08461860145835637,-0.05672972609360355
-0.08528008226186086,-0.07554964910497297
-0.08592959101639809,-0.05436866985429088
-0.08636778972170092,-0.03328790792605864
-0.0865956885808974,-0.012308966281546877
-0.08681397915269552,-0.03133293118902584
-0.08722202050711646,-0.050258888228841725
-0.08781882555622825,-0.06908543836091531
-0.08860339330612035,-0.08781119943870666
-0.08957470902610871,-0.10643480626282681
-0.09053207900180053,-0.08505540917435818
-0.09127614436774616,-0.06377415803192488
-0.09180789476491329,-0.042592686126546375
-0.09212833607674469,-0.021512608650231753
-0.09243815566447874,-0.040435024083467455
-0.09293670852269192,-0.05925903019916785
-0.09362300360983034,-0.07798324012905568
-0.09429637068330438,-0.05670678241818282
-0.09495713954754997,-0.07543028646314218
-0.095604974631193,-0.054153381044025034
-0.09604054289757082,-0.03297719285608808
-0.09646452500076381,-0.05180283334435988
-0.09707626935784497,-0.07052941324789301
-0.09767511306275412,-0.04925605720650981
-0.0980617278004696,-0.028083889199731347
-0.09843679891938793,-0.04691401792343292
-0.09899967950324144,-0.06564555133453706
-0.099549711284645,-0.044377611258201305
-0.09988757055894448,-0.023211318827190165
-0.10001428183961111,-0.002148278400641336
-0.10013055100892523,-0.021089577494906666
-0.10023608605554825,-3.4801330917749035e-05
-0.10033126248284818,-0.018984534288021902
-0.10061545538372711,-0.037837861358324815
-0.10088802826979988,-0.016693881298310367
-0.10114934440088472,-0.03555319352936502
-0.10159876677698754,-0.05431489813198942
-0.1020356469679355,-0.033078108995681935
-0.1024603364433052,-0.05184344071773102
-0.10307218656482713,-0.07051000859569909
-0.10367053741642229,-0.04917694177558293
-0.10405606371784944,-0.027945368690554168
-0.10422978847989198,-0.006816900979099129
-0.10439241615482805,-0.02569263341523879
-0.10454365337378256,-0.004572158455278502
-0.10468387435482673,-0.023456067691033464
-0.10501245297757353,-0.042243453303566166
-0.1055284170287848,-0.06093292267253971
-0.10603111503587079,-0.039623598432111426
-0.10652089551336992,-0.05831610391052648
-0.10699744153854558,-0.03701006166346593
-0.10746110407702077,-0.05570609346544628
-0.10811123405818951,-0.07430332176013066
-0.10874717120493937,-0.05290088280793159
-0.1091695899469791,-0.0315999121241999
-0.10937951307570043,-0.01040202839681888
-0.10957764489431762,-0.029208333415884555
-0.10976369195488364,-0.008018426619921769
-0.10993802846604848,-0.026832906548582048
-0.11010036295064148,-0.005651370837526121
-0.11025107157000726,-0.024474416212964815
-0.11038986478148344,-0.0033016384867752303
-0.11031745524596775,0.017765868907058224
-0.11023456898104284,-0.001172971926942077
-0.1103405994303669,-0.020017237894783445
-0.11043492837473712,0.0011339804754625787
-0.11051793726016472,-0.017719907868394738
-0.11058934177179247,0.0034215069599194403
-0.11064952515789062,-0.01544236421031761
-0.11069820488700355,0.0056888903971366485
-0.11053610055519525,0.026714184968129304
-0.11036394503886156,0.007732449257807857
-0.11018147314715084,0.028744115499000366
-0.10978942161181357,0.04964811840406273
-0.10918887482266071,0.07044290978051167
-0.10838093255840148,0.09112696005131074
-0.10736670980018846,0.11169875831460013
-0.10614733654457618,0.13215681240126564
-0.10492362303258146,0.11260014747201863
-0.10369538048245329,0.13302929145636186
-0.1022634210766663,0.15334327504343914
-0.10082856911129956,0.1336411448283643
-0.09959031506182385,0.11402394874893407
-0.09834813649070406,0.13439272145987866
-0.09690284395548858,0.1546464988749626
-0.09525559465862968,0.174783834229727
-0.09360722559277815,0.15490379813219463
-0.09195757427315035,0.17500696399708976
-0.0901074787241662,0.19499240803196147
-0.08825778862851968,0.17495922237880668
-0.08660801939270485,0.15500850054609774
-0.08515733847107022,0.1351418213200355
-0.08370523219465974,0.1552602486877099
-0.08225218501324312,0.13536334637661993
-0.08099767948333865,0.11555217784216623
-0.07974118509406777,0.13572779309952487
-0.07848316959348657,0.11588974180666622
-0.07722343356090845,0.13603857471207145
-0.07596244372945372,0.11617384364446014
-0.07469999964189775,0.13629610150200397
-0.07343656697343162,0.116404902241945
-0.07237160960438922,0.09660129941136919
-0.07130457844747407,0.11678633298075694
-0.07003625735877947,0.13685904388701753
-0.06856777679053026,0.1568179900971898
-0.06709994693928897,0.13676224666012987
-0.06583224389789112,0.11679288968340425
-0.0645641305658943,0.13681098170614692
-0.06309640256052808,0.15671558623980178
-0.06162986728605492,0.13660578237120896
-0.06016433258620469,0.15648215165605867
-0.05850060673418677,0.17624377810588773
-0.05683950958512588,0.15598976133060471
-0.05538052664494422,0.1358212019714488
-0.053923129981095844,0.1556391870715363
-0.05246778955049162,0.1354433031559734
-0.05101430777344443,0.15523413767669741
-0.04956315285786975,0.1350112789993595
-0.04831379087347981,0.11487581493139104
-0.047065674580504535,0.13472881955287513
-0.045819254758899045,0.1145698662985971
-0.0447739802002187,0.09450002794649282
-0.043928951953983,0.07452086199217796
-0.04308359016209247,0.09453341057702572
-0.04223831330638569,0.07453721503263436
-0.04159253820213894,0.0546333158732981
-0.04094566882934796,0.07472273963288831
-0.040098442247769484,0.09470451341124227
-0.03925160767031739,0.0746776794829081
-0.03840491511947566,0.09464278219626913
-0.03755878083789896,0.07459936650788862
-0.03691261936563286,0.05464847651642995
-0.03646549778846897,0.03479164084104944
-0.03601680257431435,0.05492987255333791
-0.03536725340599577,0.07496218518398547
-0.03451791683904845,0.09488710879174629
-0.03366953945491642,0.07480369002041422
-0.03302153401782914,0.05481297608102695
-0.03237330039013851,0.07481600013005676
-0.03172523686477006,0.054812294357175134
-0.03127674016028435,0.034902889979418775
-0.0310268596703702,0.015089302621439513
-0.030974629718000208,-0.004626969209028244
-0.03091940431025551,0.015655057273061258
-0.030661870972861802,0.03583436514062444
-0.030203064409670875,0.05590945382730529
-0.029544034240848255,0.07587884064667375
-0.02888551024044526,0.05584155939261322
-0.02842688849431385,0.03589864432332888
-0.027967552316463865,0.05595111554134373
-0.02750788358251629,0.03599849208306972
-0.027047597309082114,0.05604129337311439
-0.026587074983301942,0.03607903922063586
-0.02612603122561773,0.056112249815220186
-0.025465181702723584,0.07603994718153215
-0.024605588869496178,0.09586066978945298
-0.023548329706359082,0.11557297406896355
-0.022494160956074625,0.09527593300623013
-0.021442839864254788,0.11497012158165826
-0.020394789590771085,0.09465511530157877
-0.01954943128781054,0.0744319887295311
-0.01870617293242614,0.09420180232037384
-0.017665755242874764,0.11386361696392962
-0.016628930753336917,0.09351650859101286
-0.015595452471680347,0.11316105506986393
-0.014366073874771405,0.13269633619616383
-0.012941894649512972,0.15212094829694878
-0.011523693846045104,0.13153400428095907
-0.010111250618021305,0.15093611907258345
-0.008705009633824791,0.13032690813945397
-0.007304747737804997,0.14970698747799013
-0.005711241861796296,0.16897547505775284
-0.003925614765719114,0.18813100542132327
-0.001949002773717362,0.2071722311889653
0.00021744440684126967,0.22609782310286322
0.0025725638667972507,0.24490647006933128
0.0049155142603764645,0.22369737774066736
0.007046789649839675,0.2025717524806935
0.008967233174838584,0.1815312852680182
0.010877370216905971,0.20047715161131238
0.012976394567344673,0.21930852753938407
0.015063489353299958,0.19812460419529623
0.01713883838066923,0.2169260747209431
0.01920196072267898,0.1957126327769269
0.0212530440583645,0.21448497252042448
0.02349127676069081,0.23314229004190554
0.02571583673884841,0.2117837964990843
0.027926902780684038,0.23041020499973386
0.03012398914078117,0.20902122911981444
0.03210761346175914,0.18771808142127225
0.0338786425242767,0.16650245881440665
0.03563762540886148,0.1852755424738834
0.03738411424447913,0.1640370123712358
0.03891866421104065,0.1428880472554683
0.040242179287342854,0.12183031001983645
0.04135557999421219,0.10086544616393793
0.042259803220179464,0.07999508371632585
0.043155467463058005,0.09912033461758415
0.04404219357503275,0.07824080926149216
0.04492027017844084,0.09735711794261588
0.04598898574799131,0.116368372304363
0.047247282863939734,0.1352731999426064
0.04849442505309741,0.11417074445580119
0.04953101062609633,0.09316214942042286
0.05035798633945976,0.07224904230415093
0.051175980552906265,0.09133253439108903
0.05218428939015213,0.1103117367818052
0.05318219765799689,0.08928577499743587
0.054169990182346216,0.10825527587426774
0.05514728639000214,0.08721986609363831
0.056114373640456384,0.10618017216984359
0.05727053930742543,0.12503532189691344
0.05861472503132764,0.1437839589509688
0.05994619355958254,0.12252524293908569
0.06106554258315322,0.10136033337349376
0.06217338381454881,0.12019037504186708
0.06346899706530107,0.13891451254562864
0.06495131658167279,0.15753140635905946
0.0666192633015232,0.17603973433486658
0.0684717450283199,0.1944381917493914
0.07030799118892646,0.17282598988752124
0.07212823208755963,0.19120384146967934
0.07413169890540426,0.20947096063089124
0.07631727795439273,0.22762607751385686
0.0784841775187137,0.20576843830856326
0.08043294169247174,0.18399928921726622
0.08236412945871503,0.20221986181559962
0.08427730335117888,0.180429886123401
0.08597302945325014,0.15873059058208172
0.08745222314233281,0.13712368741822517
0.08871581682938531,0.11561087110254775
0.08976475978095776,0.09419381826943388
0.09079968335710199,0.11277368909698478
0.09201988716942934,0.13124964330354172
0.0934243254140832,0.14962035620665148
0.09481227370920063,0.12798501877018514
0.09598434292859993,0.10644482157682825
0.09714115827691136,0.12490094019670059
0.09828234794749868,0.10335304826569318
0.0994082085343436,0.12180181892868347
0.10051837169365915,0.10024692482494185
0.10161313747216232,0.11868903807320395
0.1028918063850601,0.13702733171566012
0.10415366824828352,0.11536099285924264
0.10519934809426368,0.09379120810750584
0.10622948524584551,0.11221914893025216
0.10744338738966924,0.13054398620121596
0.10884001690777778,0.14876440625659598
0.11041832313037543,0.16687911240009043
0.1121772425057281,0.18488682494761613
0.1139160333538344,0.16288677981177435
0.11563495511626237,0.18087971392843827
0.11753326835163974,0.1987648652354602
0.11941022356863892,0.17664148580709385
0.1210664071424354,0.1546108272790366
0.12270242038923564,0.17257412621124535
0.12431786822353809,0.15053111716050485
0.1257133591526328,0.12858303265957666
0.1270895164331866,0.14663109004094493
0.1286456321439382,0.16457450597025736
0.13018098809990997,0.14251251104230947
0.1316958671834764,0.16044583666759643
0.13318988792112002,0.1383742135942734
0.13466333781011158,0.15629837188821322
0.13611583997818708,0.13421804091368894
0.1373480210931703,0.11223444785543218
0.1385605225180094,0.1302488045436881
0.1397529889652698,0.10826082053064072
0.14092573390557075,0.12627120453176052
0.14207840622573273,0.10427966440938682
0.143011658136899,0.08238740569768668
0.1439261563281006,0.1004956184306108
0.14482157061930623,0.07860399022121999
0.14569823936844514,0.09671320770593328
0.14675550154483644,0.11472245798934416
0.14779268555687444,0.09273094178637578
0.14881012057993181,0.1107393603134034
0.1498074711299959,0.08874741381479376
0.1505854049706085,0.06685630008921678
0.15114493884859542,0.0450676998606259
0.15148710622504222,0.02338327524465011
0.151612957088844,0.001804669675607995
0.15172322318620346,0.020233009294082626
0.15181763875368517,-0.0013320825073165274
0.1518966059220079,0.01711001636833192
0.1521595267863234,0.03545842817510644
0.15260545764749855,0.05371178993275122
0.15323344125794808,0.07186875494010575
0.15384284156802608,0.050028491369912075
0.1544340229686867,0.0681916677057642
0.15500668486323554,0.04635795127286322
0.1555611949890933,0.06452800822687557
0.15629692148931085,0.08260100500175412
0.15701322173837112,0.06067612145490241
0.1575107882515716,0.038854536302976306
0.1577906623359177,0.01713791103714242
0.15785390181960385,-0.004472111607859496
0.15790124628076246,0.013925593734302792
0.15813210319644058,0.0322301510660989
0.158345868849905,0.010540697634839835
0.1583432742382646,-0.01104163062637924
0.1581253987216546,-0.03251521517828777
0.1576933377510599,-0.05387845640125333
0.15704820267879102,-0.07512977366048096
0.15639078598498554,-0.05636810391066023
0.15572088200774387,-0.07759388714243448
0.15483928692741375,-0.09870606638068995
0.15374714449651955,-0.11970310229659284
0.15244561376510693,-0.14058347472424254
0.15113553430549803,-0.12144618125839873
0.14981674694075,-0.142291722694048
0.1482900937273313,-0.1630191030178085
0.14675642910017792,-0.14372734255476777
0.14541527393415346,-0.124517463405659
0.14406613644731966,-0.14529047482152954
0.14270952352135677,-0.12604588628788077
0.14134527526796434,-0.14678420897344083
0.13997389834547858,-0.12750495572088413
0.13859523260877882,-0.14820864103697276
0.13720978442609735,-0.1288947810830385
0.13601705874578757,-0.10966439220655645
0.13501621333425065,-0.09051897631709878
0.13400672560190155,-0.11135952081574557
0.13278940642559556,-0.13208501459912786
0.1315650792127327,-0.11279446266734694
0.13033356854838749,-0.13348837302218464
0.12889570017996937,-0.1540657566587793
0.12725264674759376,-0.17452514217108675
0.12540559550993396,-0.19486507726199503
0.12335574815288237,-0.21508412879288416
0.12110432059772674,-0.2351808828310278
0.11865254280886316,-0.25515394469484265
0.11620132401773402,-0.23510243753865845
0.11395023886726519,-0.2151274863210517
0.11189851373156924,-0.195230701710778
0.11004535895715527,-0.17541367854626247
0.10838996902163445,-0.15567799575546923
0.10673185727655038,-0.1759247177360912
0.10487186977006135,-0.19605291035202127
0.10281119889470922,-0.21606115699207395
0.10055105111403595,-0.23594806007500285
0.09809264677206,-0.25571224109399654
0.09543721990231835,-0.27535234065904995
0.09258601803649537,-0.2948670185372175
0.08973996742932648,-0.274355452232421
0.08689899378738375,-0.29381832240718964
0.08406368766892379,-0.2732553113979965
0.08143363655054546,-0.2527676017301603
0.078808413648506,-0.2722563629355421
0.07598892382398888,-0.29162076607974835
0.07317608264691806,-0.2709599983516879
0.07056947045964768,-0.25037524848517706
0.06796865328261731,-0.2697676921181373
0.06537419413731145,-0.24913700486136595
0.06298565303201915,-0.22858436227370948
0.06060257578554864,-0.2480109266816567
0.05802583993487464,-0.26731586170845134
0.0552566683846463,-0.28649784832390723
0.05229629713563154,-0.3055555863405818
0.04934564051277596,-0.2845882929911571
0.04640461189716789,-0.30359668834779646
0.04327412371242261,-0.3224799952934751
0.04015509857364663,-0.30133745264888273
0.03704745793633766,-0.32016980204813716
0.033752122083039515,-0.3388762879080942
0.03027035585593051,-0.3574556720115755
0.026803101801781342,-0.3360072335370509
0.023350300904195178,-0.3545317544719375
0.019712892570327375,-0.3729285195779072
0.015892160363578652,-0.39119633097013207
0.011889399732030778,-0.4093340096013393
0.00790558323661774,-0.38744089382713437
0.00414034669998991,-0.36561832335502814
0.0005929755308366601,-0.34386812313120446
-0.002737263030093576,-0.32219210178098784
-0.006050785162954554,-0.3404915529681678
-0.009546676641703606,-0.35866577137075195
-0.013223679181709969,-0.37671356871911776
-0.016880857291643812,-0.35473427382227646
-0.020318612121382456,-0.33282921651946956
-0.023537695134483925,-0.3110002115695252
-0.026738541275655718,-0.32914855855226666
-0.029920589724817287,-0.30727405638642685
-0.0330839493216216,-0.32537750475401656
-0.0364277306561838,-0.3433582055251865
-0.03995070033053293,-0.36121497733868974
-0.043651613224333585,-0.37894665708720526
-0.04732954726088497,-0.35665259848398223
-0.05098458266910719,-0.37433365747157277
-0.05461613657433587,-0.35198969072431985
-0.05822429633884607,-0.3696215556089006
-0.06200815165184444,-0.3871286116037882
-0.06596644879013067,-0.40450973487434866
-0.06989825746630868,-0.3818643182945003
-0.07360398467296925,-0.3592937553937654
-0.07728405376806147,-0.37669942570047543
-0.08113755855946785,-0.3939807092530521
-0.08516324964754124,-0.41113650263215895
-0.08935986668852966,-0.42816572043937906
-0.09352647315821225,-0.40516779385727014
-0.09746347019479025,-0.3822441545932314
-0.10137127568293504,-0.39929622021955247
-0.10524931292034165,-0.37632390722323417
-0.10909767603796024,-0.39332813242074566
-0.1129157966696723,-0.37030881291503237
-0.11670377728834232,-0.3872668660522528
-0.12066072329129995,-0.4041017108374973
-0.12458573183978773,-0.38091278104787246
-0.1284789031983358,-0.39770101209458175
-0.13233967531957957,-0.3744663395204551
-0.13596849176209097,-0.3513101974972851
-0.13936614743670991,-0.32823450416786926
-0.1425334563478326,-0.3052411600835043
-0.1454712514169854,-0.2823320481021449
-0.14838004972205837,-0.2994085347471683
-0.15125937323980737,-0.2764704847243747
-0.15390974884213995,-0.253619260887228
-0.1565317194543482,-0.2707562110467462
-0.15932449812931307,-0.2877806824911393
-0.16208728896308752,-0.26479203656804645
-0.16462063301053284,-0.24189163409906173
-0.1671250873589192,-0.2589808207320951
-0.16979987920082196,-0.2759589414618813
-0.17264389216507225,-0.2928248566714287
-0.17565599856868905,-0.30957744362006306
-0.17883505958578277,-0.32621559647124965
-0.18198026000006168,-0.30283872486025687
-0.18489212203666924,-0.27954823784570443
-0.1875715190185895,-0.25634602779903176
-0.19001934310138263,-0.23323396884784559
-0.1922365050902649,-0.21021391677996773
-0.1942239342562408,-0.1872877089497913
-0.19598257815131,-0.16445716418694234
-0.19751340242277274,-0.14172408270724507
-0.19881739062665607,-0.11909024602598775
-0.2000952094569512,-0.13645691833182003
-0.20134652947827059,-0.11382386101890862
-0.20237202511244085,-0.09129233266735592
-0.20317272037052753,-0.06886407440995473
-0.20374965658006386,-0.04654080839441276
-0.20430355761147923,-0.06422373916459101
-0.20483415060802096,-0.041912568199991666
-0.20514216596968496,-0.019708493903499134
-0.2054283484993183,-0.03751269843378022
-0.20569244604825154,-0.01532486078910681
-0.20573520949928278,0.006753843202181618
-0.2057574039118605,-0.011177745953439379
-0.2059584625834903,-0.029018785959547943
-0.2063374733694397,-0.04676794879557665
-0.2066938455070009,-0.024524420770864516
-0.20682832343604915,-0.002389386504177155
-0.20694166586111515,-0.020264014299452026
-0.2072332998129867,-0.038047470689688626
-0.2077023069685987,-0.05573843650177369
-0.20814809047547142,-0.03343610690956073
-0.2085710541891012,-0.05114117687075423
-0.20897093723944193,-0.028853339657652396
-0.20934814734739857,-0.04657328684604568
-0.20990209289107306,-0.06420020976313057
-0.210432171726298,-0.041833312632818476
-0.21073911709075271,-0.019573798011734037
-0.2108240112495925,0.002576649295278448
-0.21068795321966813,0.02461636376579321
-0.2103320585763502,0.046543699229766686
-0.2097574592596648,0.06835702893722193
-0.20916496879643062,0.050155244165324867
-0.20875406844267289,0.0320392382088938
-0.2085238935010822,0.014010390308375874
-0.2084735655597601,-0.003929935868752104
-0.20860219264824217,-0.02178039228633839
-0.20870920397742862,0.0003598548622725274
-0.20879502917581785,-0.017509860286120896
-0.20905909827153193,-0.03528870325712413
-0.20950049592864176,-0.052975353845406435
-0.21011829368802484,-0.07056850762634054
-0.21091155012543095,-0.08806687600741185
-0.21187931101005253,-0.10546918627779206
-0.21282094404691523,-0.08287468019774792
-0.21373681811548367,-0.10028409943025933
-0.21462663783730515,-0.0776971840665105
-0.21529111147694646,-0.05521517115121826
-0.21593096208837792,-0.07273928151102745
-0.21674558157751395,-0.09016873429267933
-0.2177340170229849,-0.10750226302213459
-0.21869563750140017,-0.08483911565197062
-0.2194311479088405,-0.06228053853427038
-0.2201412680237981,-0.0797277617897605
-0.22082572115291343,-0.057180512386785676
-0.22128523411401513,-0.034740014126946134
-0.22152088296464406,-0.012407973017080527
-0.22173342614250052,-0.03008557719506056
-0.22192262519272954,-0.007772511472237693
-0.2220889101659115,-0.025469458782487644
-0.22243171168250722,-0.043075601631888824
-0.22275044975160818,-0.020690135245804948
-0.22284587967328753,0.001585746993334216
-0.22271910568248157,0.02375036962873519
-0.2223712486714799,0.045802076658079394
-0.22180344599503796,0.06773923160167909
-0.22121651669148623,0.049660716110012715
-0.22080994762411155,0.0316674139546807
-0.22058287979757915,0.013760694956815908
-0.22033477517897046,0.03584141492723911
-0.21986643051517454,0.057808431681143385
-0.21937865639185147,0.039760619656551074
-0.21907093129198305,0.021798855364623865
-0.21874272249610302,0.0438240027773701
-0.21839449739954744,0.025835426424727352
-0.21802605807555633,0.047833492856181103
-0.21743820917179746,0.06971707210256586
-0.21683176905246565,0.051585050834820165
-0.21640622385666736,0.03353831781299027
-0.21596104839849775,0.05547774927263603
-0.2152970520674842,0.07730222347895033
-0.21441539247064112,0.09901013680138346
-0.2133172431532143,0.12059990523442625
-0.2120037934021279,0.14206996445773362
-0.21047624804884177,0.16341876989398474
-0.20873582727164114,0.1846447967644852
-0.20698343181404855,0.16584703868418374
-0.20521896370696618,0.18702599309847884
-0.20344299166173066,0.16818115981348086
-0.20185508312982894,0.14941353952569525
-0.2002547931171257,0.17062412065435828
-0.19864267549856338,0.1518123924248
-0.1972182829955173,0.1330793448580534
-0.195980821407629,0.11442645414639419
-0.1949294818493496,0.09585518112394534
-0.1940634409038685,0.07736697119755859
-0.19338186077772393,0.058963254279579616
-0.19288388945607624,0.04064544472249399
-0.19236899544195882,0.06231444271378459
-0.19163798157523484,0.08386915028696096
-0.19089166409316213,0.06540848593639523
-0.19032952669058148,0.047033370064045434
-0.1897510414218203,0.06864471036361043
-0.18895701460298495,0.09014141637242801
-0.18794860045588643,0.11152191554390747
-0.1869266342473442,0.09288515330781748
-0.1858909530154669,0.11423157851398028
-0.1846423955501099,0.13546014342776144
-0.18338181353567226,0.11666981688095016
-0.18210906019359052,0.1378610711712683
-0.18082465567901693,0.11903338059695905
-0.17972811914411566,0.1002877199908109
-0.17861895755582685,0.12152505155684819
-0.17749767701405983,0.102744837958062
-0.1765637827324976,0.08404804231040035
-0.1756167678571689,0.10533561502103433
-0.17445745936876705,0.1265065083359982
-0.17308703172664464,0.14755919240838558
-0.17170634000822843,0.12859265535442296
-0.17051490605212005,0.10970788723463865
-0.16931223935966824,0.13080586543088613
-0.16789918299700074,0.15178556919114328
-0.1664765926554273,0.13274599423654593
-0.16524399071154394,0.11378813820034651
-0.16400088712912989,0.1348129860043426
-0.16254812536151034,0.15571952440308748
-0.16088689599562933,0.17650625804867462
-0.1590184044749102,0.19717171100175074
-0.15694387090491596,0.21771442678193947
-0.15486419527518336,0.19823346695773938
-0.1529789436015049,0.17882989511993846
-0.15108766882675984,0.19940476225091391
-0.14919092213894855,0.17995761980340597
-0.14748825295192788,0.16058951968559446
-0.14577919772400266,0.1812015010904956
-0.14406429127701917,0.1617931035764443
-0.14254306677814219,0.14246536705388102
-0.14101504455947148,0.16311931861646076
-0.13928107802147613,0.18365398708158237
-0.13754203269484264,0.16416841759318765
-0.1357977748853996,0.1846631585148548
-0.13404883707329074,0.1651377599580278
-0.1324947499788293,0.14569327230973828
-0.13093503138288284,0.1662307330630511
-0.12917053203108292,0.18664918135694125
-0.12720244927978783,0.20694717403678486
-0.1250319948208757,0.2271232871611193
-0.12286005990604676,0.20727661458952135
-0.12088620149159364,0.18750825195403678
-0.11890996314174038,0.2077192820265301
-0.1169318863492042,0.18790928779554292
-0.115151510518477,0.1681793524494903
-0.11356802720364846,0.14853104474587858
-0.11218061235100239,0.1289659174756799
-0.11078876104239327,0.1493850088464088
-0.10939296673511262,0.12978785702313778
-0.1081927212477329,0.11027550011745708
-0.10718716900043544,0.09084946156245252
-0.10637543926005386,0.07151124858283604
-0.10555698088584026,0.09216185358377363
-0.1047322415716638,0.07280076869764722
-0.10410066783412929,0.05352898577875497
-0.10366135925512239,0.0343479817840235
-0.10321373531234647,0.055158718707199364
-0.102558549206272,0.07586015958769421
-0.10189656692871568,0.05655128312332715
-0.10142722133106338,0.03733306911504515
-0.10114959845089466,0.018206982390831794
-0.10086310434326752,0.03907397274148561
-0.10036847890839999,0.05983299093105155
-0.09986647496096548,0.04058300331114907
-0.0995565122990161,0.0214249772672773
-0.0994376640312918,0.0023603651443075795
-0.0993093234091738,0.023290104183844498
-0.09897221765501911,0.04411313253623875
-0.09842742161542632,0.0648279053348284
-0.097676025493194,0.08543289621645271
-0.09671913466198406,0.10592659738141957
-0.09555786948039618,0.1263075196513223
-0.09439303052214153,0.10667469106637709
-0.0934240847265899,0.08712914086632292
-0.09245048630779086,0.10757188486725147
-0.09147268808062263,0.08800243854795466
-0.0906901414495659,0.0685218170426179
-0.09010195065192432,0.04913152051954199
-0.08950753958905623,0.06973253411336099
-0.08890733107070552,0.05032434247359725
-0.08830108138856771,0.07090743121950047
-0.0874895482233452,0.09138078839520758
-0.08667350179744399,0.07184341762199514
-0.08585271352735295,0.09229582499925218
-0.08502762143019275,0.0727375176406239
-0.08439766219686642,0.05326950220968143
-0.08376226001966107,0.07379277175834797
-0.08292217250359413,0.09420632027478823
-0.0818785043194328,0.11450865875194263
-0.08083204035212965,0.09479881524402728
-0.07998223185293941,0.07517781884821712
-0.07932818276666835,0.05564718362393753
-0.07886898198029645,0.03620840706572169
-0.07840403807229515,0.05676247149478715
-0.07793375855834976,0.03730885860856806
-0.07745788446630736,0.057848050936540274
-0.07677715824460395,0.07827903329637623
-0.07589266949965634,0.09860030740553416
-0.0748055227286738,0.11881039339754011
-0.07351683713521674,0.13890782987775352
-0.07222741186087508,0.11899167251867865
-0.0711367121373403,0.09916297803886374
-0.07004419019697108,0.11932278957775533
-0.06875063118384005,0.13937015123842897
-0.06745683222317157,0.11940412269265484
-0.06636225649050004,0.0995257646179883
-0.0654660195393058,0.07973662261409686
-0.06476722155005349,0.060038225672671475
-0.06406528207995525,0.08033158756607625
-0.0631609538925011,0.10051572285230627
-0.062255002028657684,0.0806896614838879
-0.06134719246108224,0.100853935707136
-0.06043795750252317,0.08100807859660868
-0.05972672788083915,0.0612531225891153
-0.059012921568485734,0.08149008632050776
-0.058296955112429445,0.06171848771362873
-0.057778243626670535,0.042039343972634896
-0.057256189622529326,0.062353658421711526
-0.056531528922674185,0.08256043505327532
-0.05580500973348603,0.06275869313851429
-0.055276046717088426,0.04304945266995436
-0.054744041905133906,0.06333371974159656
-0.05420939602968511,0.043610999638602876
-0.05367184310002045,0.0638817982916915
-0.05293211831293308,0.08404512373188747
-0.05199130379200868,0.10409950070073355
-0.05085049632233651,0.12404347216521956
-0.049710472584647634,0.10397609791388762
-0.0487706753098389,0.08399843853654564
-0.047830534191982195,0.10401154079995624
-0.04689047721847298,0.08401495073308912
-0.04614993066281426,0.06410971361876439
-0.04540830791519089,0.08419686082970312
-0.044666020813478764,0.06427592291574949
-0.043922814220203124,0.08434743105581576
-0.04297943393301463,0.10431041851019679
-0.04183697242416847,0.12416343522835863
-0.040696201992127624,0.10400554790312644
-0.039556895500203526,0.1238373254084326
-0.038419491786098874,0.10365833733067994
-0.03748342773809984,0.08356965249968498
-0.03654812712576625,0.10347232582243185
-0.035414346514412866,0.12326541282634362
-0.03408318892130965,0.14294748572325325
-0.03255577155067698,0.16251713491972794
-0.031032891028153962,0.1420734676085956
-0.029514344139031343,0.161617093202439
-0.02800059323742906,0.1411476218607226
-0.026491432905498765,0.16066566447485042
-0.02498732327958021,0.1401708326536827
-0.023488056709698023,0.15966373870859596
-0.021794425669345637,0.17904349709733836
-0.019907568494356646,0.19830873902339452
-0.01782863711731771,0.21745811394011985
-0.015558796884849662,0.23649028959443527
-0.013298891791128573,0.21550445061014611
-0.011048765215253357,0.2345012839132606
-0.008808925329639556,0.21348047725097352
-0.006579211758519412,0.23244271916861403
-0.004160463486810032,0.25128720044541974
-0.0017535300148163288,0.23011312722751887
0.0006417399871912746,0.24892120790974978
0.0032244986867054136,0.2676106531111035
0.005993553350838295,0.28618019026410857
0.008748033195870412,0.264729063650695
0.01148806864957901,0.28325801982169896
0.014412791359149062,0.3016663075683983
0.017520988453173215,0.31995269250800856
0.020611769391305143,0.29821645711567624
0.02368524522665402,0.31645838614013116
0.026940528613723088,0.33457776657138827
0.030376388070398955,0.35257340222242944
0.033991580244222906,0.37044411521573467
0.03758518467895172,0.3482892445511224
0.04095761766045086,0.32621013005733374
0.04410964588715499,0.3042085962813959
0.04724171963552383,0.32218595239005887
0.05055295892875881,0.34004150814609035
0.05404213988023228,0.35777408994700866
0.057508361541203395,0.3354830408519665
0.060752059744557614,0.313269704534006
0.06377402077312028,0.2911359091701112
0.06677471452297258,0.30898296734335157
0.06995328067003546,0.32671019201990203
0.07310884959470669,0.30441691113018454
0.0760418883065393,0.2822044529822148
0.07895287952687242,0.2999741316126997
0.08204097577074461,0.31762526130619856
0.08530498568684773,0.3351566726351413
0.08874370631844733,0.35256721394635954
0.09215625786459267,0.3299562499289796
0.09534309752065998,0.30742514556611283
0.09850469856013098,0.32487525148271135
0.10184020441562162,0.342205918461513
0.1053484150179193,0.3594160134798681
0.10902811905595479,0.37650442119310407
0.112878094153699,0.39347004395761115
0.11689710704728119,0.41031180185204763
0.12108391376230988,0.4270286326966714
0.1254372597913777,0.4436194920708052
0.12975621485506497,0.4201838518701102
0.13404085215883718,0.436722685706045
0.1382905829786586,0.4132359673991771
0.1423058245795772,0.38982516947231477
0.14628701137943476,0.40639174994669147
0.15023358361174458,0.38293566538958024
0.15414565274222547,0.399457872326891
0.15822233355142565,0.4158578286564007
0.16226273297128754,0.3922350067583899
0.16626696142161526,0.4085903803553167
0.17043413280862804,0.42482342446531385
0.17456335336075635,0.4010336285114979
0.17845506754766094,0.377322481721996
0.18211007174040525,0.35369195700951434
0.18552918194985907,0.33014400940479705
0.18891289906401462,0.346580077409133
0.1922607295885087,0.32300009750514774
0.19557285105753366,0.3394050055742212
0.1990484441108868,0.3556942383145693
0.2026863467416758,0.37186674781509677
0.20648538654822896,0.38792150303428147
0.21024471548621923,0.3639579883605497
0.21376482370004696,0.34007768755657647
0.21724621859538468,0.3561820690998805
0.2206884134942333,0.33227109923330345
0.22409159304366347,0.3483457433805362
0.22765494529067665,0.3643054675623404
0.23137731592770366,0.38014925296857255
0.23505787512562332,0.35597659597693737
0.2386967967793908,0.37178849355563304
0.2422935930824146,0.3475849417599454
0.24584844785060472,0.36336693568709133
0.24956054859583313,0.3790339708901731
0.2534287407700093,0.39458505794796084
0.25745186001332016,0.41001922393976303
0.2616287323193105,0.4253355124601782
0.265758508783436,0.40063348217379213
0.2698413448474847,0.415914192212198
0.27387673487269115,0.3911777006650057
0.2778648454624663,0.40642506452914084
0.28180518211781735,0.3816563396589632
0.28569792255907533,0.3968725807162899
0.28974224879698707,0.41197334257957857
0.29373733595770785,0.3870581934506514
0.2974836981909919,0.36222870025225895
0.30098220231951217,0.33748691250530505
0.30423373556638844,0.312834860760083
0.30723920536493976,0.2882745564883453
0.310199204584036,0.3037074934361483
0.31331299767332665,0.3190331635934331
0.31637984156644966,0.29435107176797953
0.3193999970008773,0.30966222245014796
0.3225727284998996,0.3248661197715847
0.3256972931919033,0.300062280619878
0.3285742867129278,0.2753522200440705
0.3314043222670965,0.2906374365981821
0.3341870192695894,0.26591792539472314
0.3369226687433319,0.2811946795233603
0.3398105653818349,0.2963671914703818
0.34264999636603904,0.2715349662357356
0.3452415872644597,0.2467995067409356
0.34778598109123154,0.26206229917499096
0.35028282694671853,0.23732332605033724
0.352732445411864,0.2525835676239311
0.3551344951920499,0.22784300186082293
0.357289641010732,0.20320310293934896
0.35939856474832116,0.21856532805956447
0.3614609540803563,0.19392963050329248
0.36347716786945833,0.2092969610593396
0.3656465682235018,0.22456676944952594
0.367968174724522,0.2397380189106346
0.3704409966619094,0.25480968768153894
0.37306403318256726,0.26978076903029974
0.3758362734413321,0.2846502712796279
0.3785570313349741,0.2595177163723851
0.38122662473217483,0.27438412527949785
0.38404437544897346,0.2891490179602835
0.38700926347819165,0.30381142793711724
0.39012025922307225,0.31837040377530856
0.39317665823114273,0.29292550764464637
0.3961787604240164,0.30747780072337866
0.39912620465595633,0.28202734169629207
0.4020193020221261,0.296575186711191
0.40505736791627,0.3110208907946372
0.4080397108423601,0.2854640209653323
0.410966643726175,0.2999056430967725
0.41383781847232826,0.27434582041562594
0.4166535592709874,0.28878561345852394
0.4194135292373582,0.2632250800297927
0.4221180637175535,0.2776652751592116
0.42496650234390404,0.2920057525190488
0.4279578432609163,0.30624557899709126
0.430891409938761,0.28048433471659256
0.43376753039938454,0.29472309844030253
0.4367855371880503,0.3088614475269665
0.43994442159882075,0.3228984725022234
0.4432431659042159,0.33683327853477285
0.4464810780850597,0.3107654839942677
0.44965847105622786,0.3246962058517006
0.45297466263778974,0.3385250596322825
0.45622896436338783,0.31235167252440876
0.45942169278850503,0.32617717023795234
0.46255250404413867,0.30000167549833573
0.4656217271401215,0.3138263079990704
0.4686290306011666,0.2876511843552931
0.4715747557692545,0.30147741805738343
0.4744585834387549,0.2753051194255822
0.4772808671579018,0.2891353955646945
0.4802409652796804,0.30286785177813
0.4833378951833314,0.31650160613799666
0.48637100008335693,0.2901362895021714
0.48914096283445385,0.2638735294571787
0.491848484977597,0.27761493565763373
0.4946929407852895,0.29126011433417365
0.4974736981480779,0.26490868286433394
0.5001911298776736,0.2785617566343957
0.5030446136721843,0.29211894899537727
0.5058335209186152,0.26567988437515777
0.5085582279952882,0.2792456851399699
0.5114181162363673,0.2927159715500468
0.514412226150318,0.30608987632974227
0.5173399242258664,0.27946704468465966
0.5200019167338887,0.25294911824461763
0.5225989287704503,0.26643772040321123
0.5251306928823471,0.23993296936755668
0.5273979490296599,0.21353647811504822
0.5296014557101724,0.22714984119514323
0.5319406439996818,0.2406726492412738
0.5344146038502794,0.25410400500406677
0.5370224163095321,0.26744302483152627
0.5395634882398924,0.2407893372310269
0.5418385661173848,0.21424456681555065
0.5438487496548082,0.18781081818820095
0.5457948249198884,0.20138967583928555
0.5476765850399827,0.17498121866041835
0.5492948301605424,0.14868701990725378
0.550650713148831,0.12250913254892697
0.5519450727093433,0.13634908917166677
0.5531777540858419,0.1102069164994222
0.5541496090172153,0.08418413536311514
0.5548618414386592,0.058282746056592026
0.5553156751779552,0.03250472678840748
0.5557120191508462,0.046751535052983045
0.5560507880598068,0.021023122160375975
0.5563325677633928,0.0353204346729942
0.5565572818952585,0.009643414384959605
0.5567255251497738,0.023992998301592478
0.5568372299006346,-0.0016308813800666525
0.5568929994860864,0.012772702709384213
0.5568927748271527,-0.012796326906614733
0.5568371677124869,0.00166294743120899
0.5567261274162411,-0.023849561499212343
0.5565602739825698,-0.009332945818344
0.5565392302598295,0.005112198897258263
0.5566622761056766,0.019484788213331702
0.5567290151799513,-0.0061157511167103246
0.556740054150438,0.00831150427776284
0.5568950026443125,0.022665974366684882
0.556993462037118,-0.0029529111424843914
0.5570360367419228,0.011455774082837142
0.5572223341608437,0.02579145298210473
0.5573519534740968,0.00015355823953591002
0.5574254969292256,0.014543019171373656
0.5576425697926919,0.02885926170730516
0.5578027691389906,0.0032017215280199275
0.5577070297232719,-0.02232817050619041
0.5573566375954032,-0.0477285044469726
0.5569525632092207,-0.03309789133691325
0.5566944475352387,-0.018536947213219523
0.5565815883482745,-0.004046777048504311
0.5566132724362342,0.01037152675536642
0.5565891103093853,-0.015182617044789933
0.5563100499891664,-0.04060779456132247
0.5559770560384383,-0.026002611407017713
0.5557897635911951,-0.011467678157872831
0.555747464640501,0.0029959057054177937
0.5558494402475777,0.017387053302914245
0.5560949606680422,0.031704690401000366
0.5562836200619246,0.006048253998130967
0.5562163502831998,-0.01948082370520364
0.5560940999107403,-0.004981129939930376
0.556116488278707,0.009446743166655539
0.5560831263484755,-0.016097786811102938
0.5557949625807748,-0.04151330716657253
0.5554529619659536,-0.026898424691990084
0.5550570946370417,-0.05225325259945922
0.5544083358201161,-0.07747641053495814
0.5535080115301575,-0.10256603920567796
0.552357466262171,-0.12752030191156002
0.5509580627649032,-0.1523373846158243
0.5495108472305351,-0.13711599455455178
0.5480158699879605,-0.16185634568769727
0.5462741854501701,-0.18645715870153123
0.5444868632239084,-0.1710171741661076
0.5426539767189611,-0.19553663944099633
0.5405766030949025,-0.21991430867406653
0.5384558343701492,-0.2042489559553071
0.5364914314473506,-0.18864136076059151
0.5346828103971921,-0.1730927918742087
0.5328297092468752,-0.19750400732284312
0.5309328671816802,-0.1818742689254568
0.5291920244924204,-0.16630434229068872
0.5276065767772984,-0.15079548219984693
0.5259762417317323,-0.17524843254296255
0.5241020729345788,-0.19956194232908192
0.5221851388759733,-0.18383478030004258
0.5204251769848054,-0.16816772037581554
0.5188215799145922,-0.15256202557862641
0.517373727750678,-0.13701894651020527
0.5160809881347547,-0.12153972128898703
0.5147430509733351,-0.1460250769472038
0.5131609422259125,-0.17037374544383072
0.511336037518043,-0.194583979739355
0.5094693952497847,-0.17875455385808056
0.5077607427077616,-0.16298624687518784
0.5062094623523088,-0.14728032684097545
0.504814924025943,-0.13163804925824252
0.5035764850791522,-0.11606065701963372
0.5024934904968038,-0.1005493803465547
0.5013656076084895,-0.12500493818798933
0.5001935052952038,-0.10942655277684744
0.4991768539418499,-0.09391494963384832
0.49831497964408134,-0.07847134295701458
0.4976071964197165,-0.06309693410591168
0.496853140920737,-0.0876924130041782
0.49585378622491644,-0.1121564741579176
0.49481012086898535,-0.09658783127758691
0.4939218028813508,-0.08108720273146387
0.49298848065646517,-0.10555529693623786
0.4920108042461874,-0.08999132545670342
0.49118842531363793,-0.07449600301138531
0.49052065134137257,-0.059070532863778724
0.4898071124274451,-0.08361560676667272
0.48884877507778296,-0.10802992098073261
0.4876469558234303,-0.13231169235491883
0.4862029889164244,-0.156459159852788
0.48471789152498707,-0.14057108315952524
0.4831916844323287,-0.16464772813047432
0.48142539198958156,-0.18858786679116482
0.479620053231029,-0.17249029049243236
0.47777571048899037,-0.19635529681387145
0.4758930747628526,-0.1801821881020724
0.47397219233801785,-0.20397127146633298
0.47201377807170103,-0.1877218587743739
0.47001788201196765,-0.21143426664714332
0.4677855572669638,-0.23500731791196422
0.46531820570314303,-0.25843935621073993
0.46261724563894835,-0.2817287475124791
0.45988377703794764,-0.26497437870659946
0.4573175676223846,-0.24827714157944442
0.4549180391619159,-0.2316384167280499
0.45268459968377794,-0.21505957202712014
0.45041697818370985,-0.238441464014369
0.4481159038333454,-0.22178345243346526
0.44598110593356444,-0.20518640022458845
0.4438123027056479,-0.22855116035900377
0.4416102125828839,-0.211877088924423
0.4393748887481438,-0.2351645465747046
0.437107052421667,-0.21841289852120835
0.43500642489879643,-0.20172301306494783
0.43307238175886864,-0.1850962469728304
0.4313042850788082,-0.1685339439487298
0.429501818147437,-0.19193693602293793
0.42766566467621164,-0.1753045580992333
0.4257958433392122,-0.19863714940790614
0.4238930410633068,-0.18193405350044528
0.42195727965156654,-0.20519561824336294
0.41978958365688274,-0.22832069727041085
0.417391326084589,-0.25130766458990317
0.4147638960905479,-0.2741549160964069
0.41190869876203234,-0.29686086962159264
0.4090268203147767,-0.2795244635243101
0.40631801421047653,-0.2622466406639321
0.40358202203283816,-0.2849283337693372
0.4006199193641702,-0.3074684799754536
0.39743312940376263,-0.32986553688015924
0.39402309066513347,-0.35211798404719297
0.39039125675615755,-0.3742243230482626
0.3865390961587864,-0.39618307750274695
0.38266775742504966,-0.37809329165666794
0.37897705529361486,-0.3600560143449762
0.3752667915650087,-0.3819722843495217
0.37153776639415564,-0.36384164346629977
0.3677901128290672,-0.38566463793713723
0.3638249646832528,-0.407340319881468
0.3598434676540072,-0.3889677604249736
0.3558457679406177,-0.41054753657671955
0.3518326776169803,-0.3920792297412422
0.3480040066710596,-0.37366392422994404
0.344159551799043,-0.3952026940750316
0.3403001077001529,-0.3766951160943732
0.336425801617632,-0.398141771320831
0.33233776121347464,-0.41944174643171794
0.3282371256890567,-0.40069414687515337
0.3243236998223758,-0.3820000822866173
0.3203972748473079,-0.4032606518428588
0.3162589743335561,-0.4243749587834741
0.31210993322520286,-0.40544212499461585
0.3081499518791973,-0.38656327642452715
0.3041788169458699,-0.4076395284364475
0.2999976472501488,-0.42857000032920634
0.2958075728313896,-0.4094538299199649
0.2918083889831493,-0.3903921589588006
0.28779987713499805,-0.4112861184806812
0.2835831507350405,-0.4320348433251439
0.2793593342910604,-0.4127374867181406
0.275128551994952,-0.43339470714407624
0.27069192768494366,-0.4539056683112189
0.2662505959704623,-0.43436955227246954
0.26180469085699565,-0.45478704629473327
0.2571553457087741,-0.47505734282168
0.2525037043741188,-0.45527965259188274
0.2478499098108147,-0.4754546915055758
0.24299510404932853,-0.4954816805848199
0.2381404393187195,-0.47545985908906413
0.23328606667259996,-0.49538997137934593
0.22823313595296696,-0.515171266875917
0.2231828069167517,-0.4949030131712844
0.2183349032791108,-0.4746864814335764
0.21368889901553256,-0.45452343028905556
0.20924425058568494,-0.4344156042581324
0.204800731658327,-0.4542642351100368
0.2001594469163282,-0.47396855783372055
0.19552151110369678,-0.4536278252126302
0.19108670307263168,-0.4333432932314332
0.18685445208935625,-0.4131167049619137
0.18282417006165905,-0.39294978900238764
0.17879558626746456,-0.4127437608357961
0.1745697611634772,-0.43239783880404914
0.1703477654357999,-0.4120112586862578
0.16612966863387507,-0.43158476056727235
0.1619162045589192,-0.4111180873413707
0.1579071033192844,-0.39071248321545554
0.154101745557262,-0.37036967905666107
0.15049949468087548,-0.350091390835115
0.1470996970133365,-0.3298793195270702
0.1439016819434598,-0.30973515102001575
0.14070509666035036,-0.32956005747809863
0.13751058538475677,-0.3093537118654879
0.13431812392991224,-0.3291167893760194
0.1309286875961162,-0.34874846886316213
0.1275432623112096,-0.32834794596707867
0.12436149868765128,-0.3080164185320786
0.12118303292160194,-0.3276550719616194
0.11780883269268756,-0.3471630937411694
0.11424021080568625,-0.3665391894817262
0.11047849291121466,-0.3857820844096474
0.10652501730942597,-0.4048905233959762
0.10238113475342524,-0.423863270983662
0.09824787366908959,-0.4027996099543494
0.09432492629556732,-0.38180082527877984
0.09041196958455539,-0.4007681894631771
0.08631001110034245,-0.41960097706353977
0.08222006807852737,-0.39839847926230193
0.07814215606807523,-0.41716149073538866
0.07387728891121496,-0.43578930961284335
0.0696264898860242,-0.41438125059501574
0.06558944576572354,-0.39303863035921816
0.06156582772008602,-0.41166275290400595
0.05755630263429959,-0.390253422603064
0.053760533090778474,-0.36891194416552947
0.05017783160574458,-0.34764010798243694
0.04680749287080906,-0.3264396885684225
0.04364879391222719,-0.30531244446390043
0.040700994251120975,-0.28426011813932145
0.03796333606464887,-0.2632844359015111
0.03523537893143498,-0.2822866092604213
0.032318013656984175,-0.3011658509122568
0.029412141340983397,-0.2800213893266132
0.026517662027835655,-0.2988539556240426
0.023435474694930326,-0.3175627835472228
0.020166822986828356,-0.33614662404605067
0.016912628361798257,-0.314704745309197
0.013872476242282212,-0.2933384167209509
0.010845936924075907,-0.31194889421411487
0.007833576902875082,-0.2905359333325398
0.005034958863684363,-0.26920078920012935
0.0022496305082424137,-0.28784470333433204
-0.0007215295335595397,-0.30636691816922046
-0.003677632633671943,-0.28486669164100764
-0.006618791512632484,-0.3033447840640263
-0.009544454831892958,-0.2818009566420135
-0.012454740535963012,-0.30023597143739067
-0.015349102527442605,-0.2786495913410694
-0.018227664008557284,-0.29704258004186723
-0.02128954957225023,-0.31531420345478717
-0.024333874047364774,-0.2935637428465436
-0.02716108842721111,-0.2718924802516311
-0.02977199353944575,-0.25030218236775836
-0.03216740779434025,-0.228794599004996
-0.034348167015451486,-0.20737146299546136
-0.036315124269399465,-0.18603449010514722
-0.03826881511144081,-0.20468488040622565
-0.04020877833444558,-0.18332233280745577
-0.041935555971791334,-0.16204804503270026
-0.043649704462336174,-0.18076320044395816
-0.04535078331482731,-0.1594674811156793
-0.04703902052623191,-0.1781615692739124
-0.04891364466642286,-0.19674464873593414
-0.05077387371706844,-0.17531591804713087
-0.05242026099401987,-0.15397657590842923
-0.0540533742277918,-0.17262780654142926
-0.05567278422679877,-0.15126929276321877
-0.057079064877852304,-0.13000221596769745
-0.05827313889209845,-0.10882824149309384
-0.05945561096283283,-0.12764851854314288
-0.0608257539267737,-0.14636219618309892
-0.062182829683578016,-0.12506843793982803
-0.06332743511558803,-0.10386840723406082
-0.06446018116571921,-0.12266325275034977
-0.06578034691481895,-0.14135212297504285
-0.06708720050058711,-0.12003418079673152
-0.06838101045339746,-0.13871009039719664
-0.06986104569451686,-0.15727901723602658
-0.07152622978854437,-0.17573964264922687
-0.07317580778363515,-0.15419116389435608
-0.0746103600479303,-0.1327347781210155
-0.07583081593074306,-0.11137216627911775
-0.07683812150226284,-0.09010499158089204
-0.07763323937578932,-0.06893489942344654
-0.07821714852920317,-0.04786351731349396
-0.07859084412569463,-0.02689245479423717
-0.07875533733377187,-0.0060233033744112735
-0.0787116551465705,0.014742363540521386
-0.07866050561715242,-0.004496510743305961
-0.07880126401406842,-0.023638982216283657
-0.07913295915195148,-0.042683622235853404
-0.07945494022671445,-0.021729517585154914
-0.07976755606375559,-0.040777255915341815
-0.08007048969530801,-0.019826424281620934
-0.08016442627118726,0.001021892321021147
-0.08025006421508907,-0.01813337588082522
-0.08032710388047885,0.0027082034710746612
-0.08019624754389314,0.023445564870160474
-0.08005821056049912,0.004177658104115665
-0.07991271001926911,0.02490493516262117
-0.07976013015225653,0.005626848780273641
-0.07979985441040621,-0.013555649020977174
-0.08003091971041464,-0.03264112154497551
-0.0802526832695201,-0.011728647481015372
-0.08026583643664413,0.00908069511116883
-0.08027108376510071,-0.010114156579680372
-0.08046779708488767,-0.029212264665438106
-0.08065533641665101,-0.008312705170160566
-0.08063439588599455,0.012483446526193532
-0.08040601737937894,0.033174631764673834
-0.0799712582786864,0.05375931013053453
-0.07953085669513027,0.0343364580575634
-0.07908455220680152,0.05490655427430857
-0.07863275126703283,0.03546907834386692
-0.07817519386266143,0.05602451066153159
-0.07771228683912032,0.036572332452825644
-0.07744343597541165,0.017213524312672014
-0.07716803481349616,0.03784905304732039
-0.07688647598805887,0.01847838476740413
-0.07679815121883247,-0.0007975151126549361
-0.07670244014063367,0.01992230496912188
-0.07640005621709062,0.040536797275499026
-0.07609172581265698,0.021144929385564167
-0.07597684226424158,0.0018476696422638043
-0.07605445221121147,-0.017353528920852946
-0.07632358784669348,-0.03645723009933487
-0.07678326708616338,-0.05546201457715397
-0.07743249373661859,-0.0743664799840503
-0.07807059224964757,-0.05326973949256712
-0.07869788697079036,-0.07217240725715038
-0.07931403671801085,-0.05107409694697629
-0.07991936811020171,-0.0699754217368045
-0.08071320764546046,-0.0887754957567169
-0.08149487053367072,-0.06757344723912234
-0.08226467202934921,-0.08636990541465539
-0.08322192742694016,-0.10506400050175194
-0.08436560631037912,-0.12365437831022051
-0.08569466480715787,-0.1421397017496769
-0.08720804575956458,-0.16051865087763273
-0.08890467889639504,-0.17878992294563356
-0.090583815588449,-0.1570527309851188
-0.09204604268353897,-0.13540828777704425
-0.09349196158291372,-0.1537577912176359
-0.09492117690044381,-0.13210093739386217
-0.09633396187574146,-0.15043842202378643
-0.09792959045364738,-0.16866944189744612
-0.0997069915346011,-0.18679270947336368
-0.10146541581277506,-0.16490745292161516
-0.10300544961039435,-0.14311490009228367
-0.10452769395345915,-0.1613162638800566
-0.10603175323021802,-0.1395112552985543
-0.10731823518689718,-0.1178010834612184
-0.10838809666886624,-0.09618744094844285
-0.10924231135701107,-0.0746720022700816
-0.109881869586642,-0.053256423788544116
-0.11050744358231071,-0.07184184510241808
-0.11111870819614379,-0.05042790358824585
-0.11171600631687424,-0.0690152358487921
-0.11229901552865254,-0.04760347770350557
-0.11286808143656736,-0.06619326417864932
-0.11362254974193056,-0.08468373095634991
-0.11436175507186049,-0.063174027520946
-0.11488636689245806,-0.04176530259593056
-0.11519740316350452,-0.020459188060306315
-0.11549556348842459,-0.039156798877035125
-0.11578054985111397,-0.01785774763803108
-0.1158530666068302,0.0033368554426898706
-0.11571416621864236,0.02442541714963113
-0.1155645824058771,0.005506861332741225
-0.11540405087947513,0.02658161435780394
-0.1150333093314573,0.047548605108680544
-0.11465310858666221,0.028506778144998548
-0.11446286667077883,0.009557079150190741
-0.11426198972008121,0.030600440317037382
-0.11405088330820407,0.011636293442689398
-0.11382928701878996,0.0326650713883331
-0.11359760776824408,0.013686208080809028
-0.11335558646166909,0.03470013851365908
-0.1131036313155943,0.01570629874851937
-0.11284148451388729,0.0367051259159422
-0.11256955553046206,0.017696058216564736
-0.11228758778517184,0.03867953492170769
-0.11199599196650069,0.01965499637432163
-0.11189417810410858,0.0007233825310309187
-0.11178154439576386,0.02178561980689597
-0.11165848853462386,0.002841134171266673
-0.11152474228237867,0.02389035260827822
-0.1111810393758277,0.04483220457763517
-0.11082812667904152,0.02576563517245474
-0.11046575283515069,0.04669109202579722
-0.10989466825558193,0.06750752531066659
-0.10931563627158823,0.04831390089546658
-0.1087284217854297,0.06911068724814964
-0.10793379125902555,0.08979685543384194
-0.10713252386492376,0.07047139226793009
-0.10652406555361182,0.05123528575951359
-0.10590784996257509,0.07198951049237645
-0.10508464432577518,0.09263304217378937
-0.10425522854145912,0.07326487224560033
-0.10361904923962886,0.05398599332730389
-0.10297554069126219,0.07469738459663297
-0.10212547071795745,0.09529802633798483
-0.10106995434324614,0.11578641601147237
-0.09981012152264997,0.1361610697682546
-0.09854678237316128,0.11652102104699467
-0.09747941332310593,0.09696730455387768
-0.09640747802048868,0.11740094163855608
-0.09533143865847551,0.0978214533796106
-0.09445075596350953,0.07832986057635465
-0.0935648780212159,0.09882717058499849
-0.09267425160274058,0.0793128904059378
-0.09197832215370469,0.05988802667738497
-0.09127652262092932,0.0804535725133595
-0.09056928477957618,0.0610090205928015
-0.08985637380621868,0.08155486461336038
-0.08893855618541256,0.10199010074550456
-0.0878169454452519,0.12231324224205756
-0.08649266988836526,0.1425228209524187
-0.08496687240567977,0.16261738737625975
-0.0834403757063253,0.14269600925676007
-0.08211266846795347,0.12285975555742196
-0.08078322624557085,0.14300968183483434
-0.07925285738087433,0.1630448447793062
-0.07752271665333184,0.18296381827616143
-0.0755939730100851,0.20276519491334974
-0.07366747479535268,0.1825480845702223
-0.07174307048362552,0.20231309984823867
-0.0698212740838349,0.18205985459526977
-0.06790193179357405,0.2017889638877966
-0.06578588990363553,0.22139954547186566
-0.063674005948332,0.20099073290118322
-0.06176580277230765,0.1806636609656444
-0.0598607894392461,0.20031945105745164
-0.05795947255781326,0.17995772424680165
-0.05626135627033118,0.15967960126396968
-0.054765596496004564,0.13948668786747487
-0.05347133317893046,0.11938057330746148
-0.05217802503689797,0.13926233170784102
-0.0506864633900202,0.15903103806476576
-0.04919745123109915,0.13878578284906834
-0.047710791879070485,0.15852715889908262
-0.046226954386698965,0.1382547599486867
-0.044945405614956545,0.11806967915492453
-0.043665599061931654,0.13787299592843663
-0.04238798619222945,0.11766428901507389
-0.04111235101237726,0.13744413794224664
-0.03983914339647032,0.11721212300732252
-0.03856814574512926,0.13696882526554796
-0.03710014089471613,0.15661332797674501
-0.035436257855609624,0.17614423120749811
-0.03357763954599369,0.1955601533380898
-0.03152544260848644,0.2148597311089766
-0.02948050264298134,0.19414211820686875
-0.02744265494330735,0.2134079706927885
-0.02541239990488804,0.19265694552377288
-0.023589235099146542,0.1719901990741865
-0.02197230951917126,0.15140937250154204
-0.020560755830188123,0.1309160902075729
-0.019353690537512413,0.11051195975976952
-0.018350214155274894,0.09019857181498646
-0.017349745959234844,0.10987700150345041
-0.016153037819406454,0.1294463244291303
-0.014960853274399133,0.10900563127410383
-0.013772956188818207,0.12855551469333515
-0.012589776164896618,0.10809556784470435
-0.011411075204122571,0.1276263843769781
-0.010037615619125164,0.14704705987658181
-0.008470505774618272,0.16635620646988822
-0.0069105332405233625,0.14565295287194735
-0.00535748553218411,0.16493792981881947
-0.003612150104870392,0.1841102700518993
-0.0018753255107323123,0.16326912145782752
-0.0003464754722264261,0.14251563249889382
0.001174950202580517,0.1617509375810861
0.0026885042874925757,0.1409746701317641
0.004194407559621312,0.16018746404211925
0.005891880887210194,0.17928845511006786
0.007580134071695407,0.15837679418034922
0.009059711773296371,0.13755363257512485
0.010331507178064074,0.11682060600389868
0.011596095160130016,0.13607883448544061
0.01305271844742042,0.15522743834449737
0.014700273962286799,0.17426505427086827
0.016537645083292946,0.19319033682489092
0.01856370182414738,0.21200195848251843
0.020777301013076507,0.23069860967838496
0.022977621055951726,0.20937949738853168
0.02516484119556423,0.22804533055516887
0.027338476099868246,0.20669581860513936
0.029299043783446325,0.1854321699680492
0.031247076774348945,0.20415557889729674
0.03338177619701623,0.2227652400007079
0.035701998113354755,0.24125986429196075
0.0382065857848944,0.2596381806884536
0.04069470443534802,0.23799943459046669
0.04316652050928326,0.25634437330238313
0.0458212016763942,0.2745722460059688
0.048457905673212905,0.2527823168893071
0.050877126228239256,0.23107585056629373
0.053079706728418,0.20945459597551405
0.05506650796403945,0.18792028483285078
0.05703807337274322,0.20637413300297816
0.05899394978691708,0.1848158550289793
0.06073468743500546,0.1633466641100919
0.06226118568822254,0.14196825746565717
0.06357436080244057,0.12068231479440572
0.06487481115924777,0.13938999965262625
0.06636180342713505,0.15799047544878644
0.06803425889757828,0.17648242150057455
0.06989108574225711,0.19486453453840621
0.07193117918739958,0.21313552874857886
0.07395375627188194,0.19139463435613602
0.07595903510147771,0.20964258304981753
0.07794656943207734,0.18787910650076006
0.07991658200279919,0.20610493633924712
0.0818686312020642,0.18431980413203652
0.08380294440024878,0.20252444135934983
0.08591875003197061,0.22061808085077592
0.08821493184920785,0.23859947137680354
0.09069036117879929,0.25646737914524237
0.09314423168033299,0.23432108637899096
0.09557673860013338,0.25216137673591793
0.09818707877083518,0.26988753528085535
0.10097410486505112,0.2874983630716336
0.10373699223669895,0.2650931771916937
0.10647591817507616,0.28267279616643837
0.10939006190448614,0.3001365399317131
0.1122785934212566,0.27758374295801147
0.11514168483079608,0.29501524112364563
0.11797884493020425,0.27243087022333273
0.12079025254067259,0.28983146593488773
0.1237750885894152,0.3071163652448849
0.12693219036233108,0.32428442103000316
0.13006071834427882,0.30143500208498264
0.13296117005538607,0.278669477076021
0.13563439371194477,0.25598969843203606
0.13828092138232123,0.2732970022480869
0.14109995514614726,0.2904907242637388
0.14409035342824494,0.30756971590395066
0.14725096325352677,0.3245328457665307
0.15038095500219498,0.3014794981910099
0.15348050166095095,0.31841055866970075
0.1567487788197033,0.33522541381093995
0.1601846189222829,0.3519229659164455
0.16358717810473042,0.3286026330053242
0.16675695002957971,0.3053658327635588
0.1698944449613543,0.32211396788973434
0.1731988438412935,0.3387464406089275
0.17666898462006667,0.35526216870755006
0.18030369451140282,0.37166008701480413
0.18390212474595957,0.34803964596559783
0.18746442982114264,0.36440179700568914
0.19099010207969866,0.34074649109072463
0.19447930503800334,0.35707467864347237
0.19793154004711894,0.33338630951177906
0.20134697962023693,0.34968233292633655
0.20472513409289542,0.32596269745917805
0.20786651953292057,0.3023288495236563
0.21097166889556185,0.31868222017752657
0.21404012067786432,0.29502273817750974
0.21707208432676678,0.3113513313988889
0.22026677231336017,0.32756742825578683
0.22362305437782412,0.3436699722772321
0.22694012436192385,0.319758422129939
0.23021817945415687,0.3358337370249646
0.23365642018035523,0.3517953766766332
0.2370540392315849,0.32774281441732334
0.2404112327919899,0.3436770240613586
0.2439272005287645,0.35949747986278585
0.24760079983607844,0.37520317108736295
0.2514308780831881,0.3907931034896247
0.25521660736274365,0.36636679787148696
0.25895816373500424,0.3819252754831562
0.2626550618007842,0.35746855651801096
0.2663074880240537,0.3729976600657549
0.26991496738726806,0.3485126040663713
0.27347769671304284,0.36401440526396406
0.27699521131856464,0.33950307916140604
0.2802680529196879,0.31508013851654654
0.28329711536352165,0.29074757868326734
0.28628297777263007,0.3064068775064662
0.28942489069243116,0.32195751129214334
0.29252209699657994,0.29749896938183595
0.29537517779232714,0.2731327395594841
0.2979850660671001,0.24886079193793842
0.30035271441338507,0.2246850773994605
0.30247909483592555,0.2006075274970359
0.3043651985579465,0.17663005435810775
0.30601203582642766,0.15275455059072823
0.30742063571645023,0.12898288919212494
0.3087917113513083,0.14521642491801304
0.31032464604266163,0.1613545102686132
0.3120184796054993,0.17739601153734352
0.31387224059415725,0.1933398103062293
0.31588494645538284,0.20918480348121254
0.31805560368174296,0.22492990332575685
0.32018354254869374,0.20067453603441932
0.3222690963477078,0.21641962714876462
0.3245116013649494,0.23206460152561936
0.3267103856973409,0.20770889646126178
0.32886578056866805,0.2233534485647851
0.33117712030790886,0.23889769372541816
0.33364339658161046,0.2543405816941235
0.33626359063054917,0.26968107757034027
0.33883700800668326,0.2450186603703312
0.3413639578061114,0.2603543084378988
0.34404375264752746,0.2755874994074697
0.34667569748801486,0.2508177233231427
0.34906043552216165,0.226146468048606
0.35119896182242877,0.20157570315674314
0.35329195647451755,0.2170068798316115
0.35533910529933804,0.1924399453872427
0.35734076524544695,0.20787584469321368
0.3592966310310397,0.1833145201426913
0.36120706845242934,0.19875691162042647
0.36327144644206955,0.21410245792994848
0.3654887912973258,0.22935011137667452
0.36765845349687776,0.20459933779785935
0.36958112151317724,0.17995160051821313
0.3714575008661823,0.19530834570194536
0.3732873027597177,0.17066951541482323
0.3750709094716373,0.18603604905140497
0.3768080409935564,0.16140788330476194
0.3784990883370889,0.17678595213616363
0.38034344558964445,0.19206968820397718
0.38214049872432515,0.16735853599016204
0.38389063690988373,0.18265343867598804
0.3855935870662627,0.15795433665342729
0.387249747169953,0.17326216749490814
0.3888588528922482,0.14857686592395877
0.39022164548734495,0.1239998623274907
0.39153888292576083,0.1394325695713428
0.3930099939437818,0.15477439752579286
0.39443439893434795,0.13012476765388437
0.39581252125472144,0.14548459989059206
0.39734378719643515,0.16075331261599998
0.39902728020934936,0.17592983724281042
0.40086207313005007,0.19101311970905163
0.40264756291060044,0.16610261905244134
0.40438414984335813,0.18119929282717143
0.4062712375313502,0.19620259707311125
0.4081082216960484,0.1712119994410245
0.4096958360685279,0.14632896460870365
0.4112348314386078,0.16145493963517557
0.4127249642866399,0.13658986702495596
0.41396699675245474,0.11183518469918048
0.4149620423496477,0.08719281135329472
0.4159108990916461,0.10256414636877004
0.41701303562114195,0.11784858580001911
0.418067912097678,0.09314553696575437
0.4188763260853793,0.06855640387286926
0.41943942618207697,0.0440830711200523
0.4199580451435721,0.05962690381381432
0.420432020594641,0.03518776210137843
0.42066219499398455,0.010867001152044971
0.42084942676128645,0.02656595798343714
0.4211932443204083,0.04218396599772338
0.42169283240079664,0.05771987103899702
0.42214769884336545,0.03327303143913213
0.4223586884025932,0.008944801989332112
0.4225266617900553,0.02463651930812774
0.42265148430074295,0.0003480149194107357
0.4225340257766763,-0.023819384762671033
0.42217550631599615,-0.04786387306227549
0.42177682939397326,-0.031884163116419964
0.42153756798752096,-0.015980971874353714
0.4214569508746645,-0.00015550403417433772
0.4215341948552124,0.015591049467354467
0.4217685048886219,0.031257511504963406
0.4219594088156912,0.006943217355076907
0.4219077711598096,-0.017250501329909153
0.4218144721696696,-0.0014223311509055855
0.42167939644479335,-0.02557246388137802
0.4215030983150469,-0.009700095021405845
0.4212854684699126,-0.03380542380924072
0.42102706725445244,-0.01788765323289187
0.4207277912983533,-0.04194699004082227
0.42018854139500517,-0.06588214621100703
0.41941056820941675,-0.08969135357506838
0.41839513998142736,-0.11337286534674629
0.4171435423115456,-0.1369249561894958
0.4158567433627913,-0.12044642082327456
0.4145347145661514,-0.1439375594728955
0.4129784305801669,-0.1672971778679439
0.4111892149961503,-0.1905236018561878
0.4091684080388047,-0.2136151789213511
0.40691736634957826,-0.23657027824004156
0.4044374627694604,-0.25938729073623124
0.40173008612124633,-0.28206462913329544
0.3989963064079594,-0.26470122654528483
0.39643586093170935,-0.2473980204514733
0.3938484751710893,-0.27005593806655204
0.39123487407576846,-0.2526744094200591
0.3885951166071136,-0.27525386880020813
0.38592992902907747,-0.25779375473943167
0.38323937153242943,-0.2802945099991154
0.3805241715259446,-0.26275558155444484
0.37798405567760884,-0.24527791912011557
0.37541873871037545,-0.2677624619785323
0.3728289346984367,-0.25020865205887116
0.3704143570261944,-0.2327174339222262
0.3681743726017541,-0.21529024013252576
0.3661083340751764,-0.1979284897223536
0.364215579974162,-0.18063358811888908
0.36229576942380226,-0.2033064285299068
0.36034956136279156,-0.18594640648746533
0.3585766145055915,-0.16865441983929022
0.35677657614238956,-0.19133135558426043
0.3549500934395,-0.17397660295876344
0.3530971479857238,-0.19659055488747268
0.3510187236722395,-0.21907210943419478
0.34871615240151377,-0.24141968440789338
0.34639044720835444,-0.22373221741481625
0.3442412883846903,-0.2061106498355549
0.34206834436286426,-0.22845591219779626
0.33987228301609596,-0.2107674372583562
0.33765310620494743,-0.23304566144965747
0.33541148307402874,-0.21529002486796703
0.3331474166820187,-0.23750097126086933
0.3306619118819499,-0.2595774494732283
0.3279563210305617,-0.28151792804835474
0.3250320116931785,-0.30332089673363877
0.32209003184810897,-0.28508536506710797
0.3193300960115279,-0.26691234634734484
0.31675157153760936,-0.24880334154080022
0.3143538108401536,-0.23075983774246223
0.3121361515316989,-0.21278330809670343
0.3098982511467491,-0.2347747131782476
0.3076407663615138,-0.21673351553088532
0.30556335295964876,-0.19876067965394434
0.30346565463584074,-0.22075715883292368
0.30114864888321524,-0.24262190967939046
0.29861366062249833,-0.26435340819132314
0.2958620299100111,-0.28595015125955714
0.2930947771451771,-0.26751115525518226
0.2903119237818373,-0.2890369414586601
0.28751415771055383,-0.2705270345823273
0.2849011653076539,-0.25208246129225215
0.28227262023886296,-0.27360423703267633
0.27942952934682336,-0.2949913805597514
0.27637324628042864,-0.3162424299957537
0.27330480461971784,-0.29745644287110107
0.2702242385879301,-0.31863398154972394
0.26693258301791956,-0.33967411320618235
0.2634312190644266,-0.3605754244164595
0.259721541911978,-0.38133652265330215
0.25600462598241025,-0.3620565348625683
0.2524802110629777,-0.34283659142301687
0.24894802319314568,-0.3635778115019101
0.245209120552058,-0.38417931757835194
0.24146457250459025,-0.36474025002882404
0.2377144482306526,-0.38526125400294486
0.23395948210891507,-0.3657419779342969
0.23019974035072133,-0.3861830735090129
0.22643595430112212,-0.3665841956346516
0.22266818707341615,-0.3869460024084504
0.2188971668508138,-0.3672681550858752
0.21532261893827848,-0.3476518165902213
0.21194391998574635,-0.3280986368665568
0.2087604302162726,-0.308610251330753
0.2057714935717783,-0.28918828077881703
0.20297643785969427,-0.2698343312981354
0.20037457490048333,-0.25054999418062657
0.19776553525935445,-0.27123634729613655
0.19514994747456402,-0.25189296962370566
0.19272743803179238,-0.2326209412307133
0.19029762017643617,-0.2533213300963093
0.18786110522646254,-0.23399370518589777
0.18561750254800685,-0.2147391364318939
0.18356607378553708,-0.19555918010043805
0.1815063996801497,-0.21635487871153591
0.17943905930108597,-0.19712577557546798
0.17756363002327177,-0.17797291477708266
0.17567967634272208,-0.19879732800438185
0.17378776119245531,-0.17959854762816418
0.17188778050443335,-0.2003771081462788
0.16998029652176333,-0.1811325461698042
0.16806520444423403,-0.20186540040862794
0.1659434003241348,-0.22247471311567937
0.16361612679115892,-0.24295904468653126
0.1612843061895136,-0.22341747370529652
0.15914752671881724,-0.20395108091564884
0.15720502875023648,-0.18456143312939358
0.1552563716474367,-0.2051495831468807
0.1531024475840832,-0.2256145857520453
0.1509441606031104,-0.20605551231132058
0.14898108067577287,-0.18657343620450567
0.1470127646025704,-0.20706941819313343
0.14503976733138552,-0.18754301949831798
0.14326164193833113,-0.1680953017849106
0.14167759386313047,-0.14872781253164846
0.1400871477325941,-0.16934158495476398
0.13829116118061557,-0.18983565400623112
0.13649050390990297,-0.1703090709758926
0.13488471175346026,-0.1508628889255505
0.1334729729945767,-0.13149864660223146
0.1322544606082497,-0.11221786690497554
0.13122833242003065,-0.09302205681196984
0.13039373126558962,-0.07391270730963366
0.12974978515097946,-0.054891293323652474
0.12909594199691327,-0.07585877511029131
